UTC_Time,Coin,Signal,Confidence,Estimated_Profit(%),Deserving_Strong,RSI,%B,MACD_Hist,Regime,Num_Conf,Vol_Profile_OK,Overshoot_OK,Min_Profit_OK,Price,TP,SL,Outcome,Duration(min),Did_TP_Hit_Later,__source_file
2025-08-25 13:19:25,ETHUSDT,Neutral,25,5.0,False,61.715698614329526,,1.275208565407555,-10.0,,False,False,True,4629.56,4596.491714,4662.628286,Inconclusive,,,backtest_2025-08-26_15-42-53.csv
2025-08-25 13:19:25,BTCUSDT,Neutral,23,5.0,False,49.203436231274736,,0.5129588406792962,-10.0,,False,False,True,111333.2,110537.962857,112128.437143,Inconclusive,,,backtest_2025-08-26_15-42-53.csv
2025-08-25 13:19:25,SOLUSDT,Neutral,21,5.0,False,46.93506030637487,,-0.0200548365750296,-10.0,,False,False,True,197.03,195.622643,198.437357,Inconclusive,,,backtest_2025-08-26_15-42-53.csv
2025-08-25 13:19:25,XRPUSDT,Neutral,11,5.0,False,55.84846501874903,,-4.890247319580196e-05,-10.0,,False,False,True,2.9547,2.933595,2.975805,Inconclusive,,,backtest_2025-08-26_15-42-53.csv
2025-08-25 13:19:25,DOGEUSDT,Neutral,30,5.0,False,46.46723238164181,,3.972500162583044e-06,-10.0,,True,False,True,0.21913,0.217565,0.220695,Inconclusive,,,backtest_2025-08-26_15-42-53.csv
2025-08-25 13:19:25,ADAUSDT,Sell,47,5.0,False,44.205589515012655,,-0.0002338989888286,-10.0,1.0,True,False,True,0.8628,0.856637,0.868963,Success,25.0,,backtest_2025-08-26_15-42-53.csv
2025-08-25 13:19:25,BIOUSDT,Neutral,19,5.0,False,56.38595283248976,,0.0009195605493156,-10.0,,True,False,True,0.232,0.230343,0.233657,Inconclusive,,,backtest_2025-08-26_15-42-53.csv
2025-08-25 13:19:25,LINKUSDT,Sell,47,5.0,False,35.40640093881156,,-0.0079011760907776,-10.0,1.0,True,False,True,24.301,24.127421,24.474579,Fail,3.0,No,backtest_2025-08-26_15-42-53.csv
2025-08-25 13:19:25,1000PEPEUSDT,Sell,43,5.0,False,44.68141574213346,,1.6543159719482998e-07,-10.0,1.0,False,False,True,0.010188,0.010116,0.010261,Fail,5.0,Yes,backtest_2025-08-26_15-42-53.csv
2025-08-25 13:19:25,SUIUSDT,Neutral,23,5.0,False,47.73046983729799,,0.0005771925290604,-10.0,,False,False,True,3.4658,3.441044,3.490556,Inconclusive,,,backtest_2025-08-26_15-42-53.csv
2025-08-25 13:19:25,ENAUSDT,Neutral,23,5.0,False,51.98999579742552,,0.000188382898902,-10.0,,False,False,True,0.6435,0.638904,0.648096,Inconclusive,,,backtest_2025-08-26_15-42-53.csv
2025-08-25 13:19:25,BNBUSDT,Neutral,13,5.0,False,56.251527111431045,,0.254617647659892,-10.0,,False,False,True,860.1,853.956429,866.243571,Inconclusive,,,backtest_2025-08-26_15-42-53.csv
2025-08-25 13:19:25,PROMPTUSDT,Sell,53,5.0,False,64.57962172960482,,0.0014375415822344,-10.0,1.0,False,True,True,0.3467,0.344224,0.349176,Success,0.0,,backtest_2025-08-26_15-42-53.csv
2025-08-25 13:19:25,AVAXUSDT,Neutral,28,5.0,False,46.90108749577013,,-0.0038519719221303,-10.0,,True,False,True,24.185,24.01225,24.35775,Inconclusive,,,backtest_2025-08-26_15-42-53.csv
2025-08-25 13:19:25,WLFIUSDT,Neutral,30,5.0,False,48.738445088956446,,0.0003091380028928,-10.0,,True,False,True,0.2115,0.209989,0.213011,Inconclusive,,,backtest_2025-08-26_15-42-53.csv
2025-08-25 13:19:25,ONTUSDT,Neutral,30,5.0,False,45.31918627720779,,7.603650704300468e-06,-10.0,,True,False,True,0.2063,0.204826,0.207774,Inconclusive,,,backtest_2025-08-26_15-42-53.csv
2025-08-25 13:19:25,FARTCOINUSDT,Sell,47,5.0,False,43.85748897814667,,-0.0004700170387725,-10.0,1.0,True,False,True,0.8832,0.876891,0.889509,Fail,5.0,Yes,backtest_2025-08-26_15-42-53.csv
2025-08-25 13:19:25,LTCUSDT,Neutral,30,5.0,False,48.913277149014,,0.0183818260670445,-10.0,,True,False,True,111.52,110.723429,112.316571,Inconclusive,,,backtest_2025-08-26_15-42-53.csv
2025-08-25 13:19:25,MEMEUSDT,Neutral,30,5.0,False,53.293464859237744,,9.302655787867864e-06,-10.0,,True,False,True,0.003633,0.003607,0.003659,Inconclusive,,,backtest_2025-08-26_15-42-53.csv
2025-08-25 13:19:25,HYPEUSDT,Neutral,11,5.0,False,48.44370150659885,,-0.0359653463590164,-10.0,,False,False,True,45.513,45.187907,45.838093,Inconclusive,,,backtest_2025-08-26_15-42-53.csv
2025-08-25 13:19:25,ARBUSDT,Sell,47,5.0,False,41.727425369515785,,-0.0003430368694848,-10.0,1.0,True,False,True,0.5432,0.53932,0.54708,Fail,5.0,Yes,backtest_2025-08-26_15-42-53.csv
2025-08-25 13:19:25,QTUMUSDT,Neutral,17,5.0,False,51.478777122814506,,-0.0062084575721319,-10.0,,True,False,True,3.134,3.111614,3.156386,Inconclusive,,,backtest_2025-08-26_15-42-53.csv
2025-08-25 13:19:25,WIFUSDT,Sell,47,5.0,False,40.57307488087581,,-0.0003737443640267,-10.0,1.0,True,False,True,0.8177,0.811859,0.823541,Fail,5.0,Yes,backtest_2025-08-26_15-42-53.csv
2025-08-25 13:19:25,AAVEUSDT,Sell,47,5.0,False,36.91283516720855,,-0.1273712076304966,-10.0,1.0,True,False,True,325.89,323.562214,328.217786,Fail,55.0,Yes,backtest_2025-08-26_15-42-53.csv
2025-08-25 13:19:25,PENGUUSDT,Sell,41,5.0,False,42.141703631721214,,-7.810108165845724e-06,-10.0,1.0,False,False,True,0.031539,0.031314,0.031764,Fail,6.0,Yes,backtest_2025-08-26_15-42-53.csv
2025-08-25 13:19:25,DOTUSDT,Sell,47,5.0,False,45.29617980192029,,-0.0007688448393301,-10.0,1.0,True,False,True,3.881,3.853279,3.908721,Fail,6.0,Yes,backtest_2025-08-26_15-42-53.csv
2025-08-25 13:19:25,TRUMPUSDT,Sell,47,5.0,False,42.90010292518908,,-0.0030205550329974,-10.0,1.0,True,False,True,8.366,8.306243,8.425757,Fail,43.0,No,backtest_2025-08-26_15-42-53.csv
2025-08-25 13:19:25,UNIUSDT,Sell,47,5.0,False,42.3838161465282,,-0.0049397752144912,-10.0,1.0,True,False,True,10.207,10.134093,10.279907,Success,25.0,,backtest_2025-08-26_15-42-53.csv
2025-08-25 13:19:25,1000BONKUSDT,Sell,41,5.0,False,43.71321077235768,,-2.545005763642771e-06,-10.0,1.0,False,False,True,0.021027,0.020877,0.021177,Fail,5.0,Yes,backtest_2025-08-26_15-42-53.csv
2025-08-25 13:19:25,ETCUSDT,Sell,47,5.0,False,35.94074820187177,,-0.0109777094803526,-10.0,1.0,True,False,True,21.846,21.689957,22.002043,Fail,5.0,Yes,backtest_2025-08-26_15-42-53.csv
2025-08-25 13:19:25,XNYUSDT,Neutral,23,5.0,False,38.74422621004846,,3.0493398029495957e-05,-10.0,,False,False,True,0.006459,0.006413,0.006505,Inconclusive,,,backtest_2025-08-26_15-42-53.csv
2025-08-25 13:19:25,PUMPUSDT,Neutral,25,5.0,False,60.50915224863409,,1.7858737345593102e-06,-10.0,,False,False,True,0.002821,0.002801,0.002841,Inconclusive,,,backtest_2025-08-26_15-42-53.csv
2025-08-25 13:19:25,FILUSDT,Sell,47,5.0,False,39.883843421558645,,-0.0009259603943408,-10.0,1.0,True,False,True,2.285,2.268679,2.301321,Fail,6.0,Yes,backtest_2025-08-26_15-42-53.csv
2025-08-25 13:19:25,NEOUSDT,Sell,47,5.0,False,41.57185065589464,,-0.0140600104265671,-10.0,1.0,True,False,True,7.834,7.778043,7.889957,Fail,2.0,Yes,backtest_2025-08-26_15-42-53.csv
2025-08-25 13:19:25,WLDUSDT,Sell,47,5.0,False,40.8146087308949,,-0.000261176070079,-10.0,1.0,True,False,True,0.9126,0.906081,0.919119,Fail,5.0,No,backtest_2025-08-26_15-42-53.csv
2025-08-25 13:19:25,TRXUSDT,Neutral,32,5.0,False,60.109051829133264,,9.990521366449847e-05,-10.0,,True,False,True,0.35365,0.351124,0.356176,Inconclusive,,,backtest_2025-08-26_15-42-53.csv
2025-08-25 13:19:25,1000SHIBUSDT,Neutral,30,5.0,False,50.72234558263861,,1.2863368602520789e-06,-10.0,,True,False,True,0.012403,0.012314,0.012492,Inconclusive,,,backtest_2025-08-26_15-42-53.csv
2025-08-25 13:19:25,CRVUSDT,Neutral,30,5.0,False,46.89729322361261,,0.0001739549109197,-10.0,,True,False,True,0.829,0.823079,0.834921,Inconclusive,,,backtest_2025-08-26_15-42-53.csv
2025-08-25 13:19:25,HBARUSDT,Neutral,30,5.0,False,47.28593538767115,,1.79432599089288e-05,-10.0,,True,False,True,0.23671,0.235019,0.238401,Inconclusive,,,backtest_2025-08-26_15-42-53.csv
2025-08-25 13:19:25,BIDUSDT,Neutral,13,5.0,False,59.59780991733195,,0.000143399130954,-10.0,,False,False,True,0.10353,0.10279,0.10427,Inconclusive,,,backtest_2025-08-26_15-42-53.csv
2025-08-25 13:19:25,NEARUSDT,Sell,41,5.0,False,43.894200735492696,,-0.0003821151038997,-10.0,1.0,False,False,True,2.5,2.482143,2.517857,Success,26.0,,backtest_2025-08-26_15-42-53.csv
2025-08-25 13:19:25,LDOUSDT,Neutral,28,5.0,False,44.637061812984406,,-0.0010029594031687,-10.0,,True,False,True,1.3468,1.33718,1.35642,Inconclusive,,,backtest_2025-08-26_15-42-53.csv
2025-08-25 13:19:25,OPUSDT,Sell,41,5.0,False,39.73954511244657,,-0.0002366280055107,-10.0,1.0,False,False,True,0.7248,0.719623,0.729977,Fail,5.0,Yes,backtest_2025-08-26_15-42-53.csv
2025-08-25 13:19:25,BCHUSDT,Neutral,13,5.0,False,55.20678680210969,,0.0703981126669823,-10.0,,False,False,True,564.94,560.904714,568.975286,Inconclusive,,,backtest_2025-08-26_15-42-53.csv
2025-08-25 13:19:25,ONDOUSDT,Sell,47,5.0,False,42.46311082401688,,-0.0003289119086162,-10.0,1.0,True,False,True,0.9219,0.915315,0.928485,Fail,5.0,No,backtest_2025-08-26_15-42-53.csv
2025-08-25 13:19:25,SPKUSDT,Neutral,23,5.0,False,64.48330985099119,,-0.000260859199843,-10.0,,False,False,True,0.08242,0.081831,0.083009,Inconclusive,,,backtest_2025-08-26_15-42-53.csv
2025-08-25 13:19:25,ETHFIUSDT,Sell,47,5.0,False,41.075181237585525,,-0.0010634685538753,-10.0,1.0,True,False,True,1.1689,1.160551,1.177249,Fail,6.0,Yes,backtest_2025-08-26_15-42-53.csv
2025-08-25 13:19:25,XPLUSDT,Strong Sell,79,5.0,True,74.70256013971796,,0.0031752171578632,-10.0,2.0,True,True,True,0.5628,0.55878,0.56682,Fail,1.0,Yes,backtest_2025-08-26_15-42-53.csv
2025-08-25 13:19:25,XLMUSDT,Neutral,21,5.0,False,48.797419376632696,,-0.0001340965490596,-10.0,,False,False,True,0.39296,0.390153,0.395767,Inconclusive,,,backtest_2025-08-26_15-42-53.csv
2025-08-25 13:19:25,TIAUSDT,Sell,47,5.0,False,41.68090460050241,,-0.0010011808346304,-10.0,1.0,True,False,True,1.6963,1.684184,1.708416,Fail,29.0,Yes,backtest_2025-08-26_15-42-53.csv
2025-08-25 13:19:25,BOMEUSDT,Sell,47,5.0,False,37.7765219194706,,-1.5510481362833429e-06,-10.0,1.0,True,False,True,0.002148,0.002133,0.002163,Fail,4.0,Yes,backtest_2025-08-26_15-42-53.csv
2025-08-25 13:19:25,APTUSDT,Sell,47,5.0,False,43.00678992903127,,-5.7850600554290674e-05,-10.0,1.0,True,False,True,4.3852,4.353877,4.416523,Fail,5.0,No,backtest_2025-08-26_15-42-53.csv
2025-08-25 13:19:25,MYXUSDT,Neutral,30,5.0,False,48.75535803730387,,9.885941788411812e-05,-10.0,,True,False,True,1.1443,1.136126,1.152474,Inconclusive,,,backtest_2025-08-26_15-42-53.csv
2025-08-25 13:19:25,TAOUSDT,Sell,47,5.0,False,43.32781866947303,,-0.0815049516069183,-10.0,1.0,True,False,True,339.88,337.452286,342.307714,Fail,5.0,Yes,backtest_2025-08-26_15-42-53.csv
2025-08-25 13:19:25,INJUSDT,Sell,47,5.0,False,41.35843936763122,,-0.0009627889261896,-10.0,1.0,True,False,True,13.318,13.222871,13.413129,Fail,5.0,No,backtest_2025-08-26_15-42-53.csv
2025-08-25 13:19:25,SEIUSDT,Sell,47,5.0,False,44.72392839947303,,-0.0001595999720384,-10.0,1.0,True,False,True,0.2955,0.293389,0.297611,Fail,6.0,Yes,backtest_2025-08-26_15-42-53.csv
2025-08-25 13:19:25,ZORAUSDT,Sell,47,5.0,False,33.27985628213558,,-0.0001329416776743,-10.0,1.0,True,False,True,0.10811,0.107338,0.108882,Fail,1.0,No,backtest_2025-08-26_15-42-53.csv
2025-08-25 13:19:25,VIRTUALUSDT,Sell,47,5.0,False,39.66524890269077,,-0.0012248092980986,-10.0,1.0,True,False,True,1.1792,1.170777,1.187623,Fail,5.0,Yes,backtest_2025-08-26_15-42-53.csv
2025-08-25 13:19:25,PENDLEUSDT,Sell,47,5.0,False,41.11296625070444,,-0.0032215877290336,-10.0,1.0,True,False,True,5.4142,5.375527,5.452873,Fail,18.0,Yes,backtest_2025-08-26_15-42-53.csv
2025-08-25 13:19:25,ALGOUSDT,Neutral,21,5.0,False,44.64999022853956,,-8.360206955482002e-06,-10.0,,False,False,True,0.2548,0.25298,0.25662,Inconclusive,,,backtest_2025-08-26_15-42-53.csv
2025-08-25 13:19:25,ONGUSDT,Neutral,30,5.0,False,42.89537489061447,,0.0001964743515472,-10.0,,True,False,True,0.20544,0.203973,0.206907,Inconclusive,,,backtest_2025-08-26_15-42-53.csv
2025-08-25 13:19:25,GALAUSDT,Sell,41,5.0,False,37.96501102483029,,-7.004034624783932e-06,-10.0,1.0,False,False,True,0.01681,0.01669,0.01693,Fail,5.0,Yes,backtest_2025-08-26_15-42-53.csv
2025-08-25 13:19:25,TONUSDT,Sell,41,5.0,False,42.66484146734327,,-0.001031550483203,-10.0,1.0,False,False,True,3.1979,3.175058,3.220742,Fail,49.0,No,backtest_2025-08-26_15-42-53.csv
2025-08-25 13:19:25,CFXUSDT,Neutral,30,5.0,False,53.31056484496597,,0.0001930399451582,-10.0,,True,False,True,0.17905,0.177771,0.180329,Inconclusive,,,backtest_2025-08-26_15-42-53.csv
2025-08-25 13:19:25,PNUTUSDT,Sell,47,5.0,False,42.422254394040245,,-0.0001594982061687,-10.0,1.0,True,False,True,0.21383,0.212303,0.215357,Fail,5.0,Yes,backtest_2025-08-26_15-42-53.csv
2025-08-25 13:19:25,SAPIENUSDT,Neutral,28,5.0,False,29.95148079540293,,-0.0003274083764236,-10.0,,True,False,True,0.2064,0.204926,0.207874,Inconclusive,,,backtest_2025-08-26_15-42-53.csv
2025-08-25 13:47:40,ETHUSDT,Sell,47,5.0,False,41.80562054245586,,-4.535436993712485,-10.0,1.0,True,False,True,4592.43,4559.626929,4625.233071,Fail,0.0,No,backtest_2025-08-26_15-43-35.csv
2025-08-25 13:47:40,BTCUSDT,Sell,47,5.0,False,32.00200487083431,,-91.9605190557786,-10.0,1.0,True,False,True,110571.1,109781.306429,111360.893571,Fail,6.0,No,backtest_2025-08-26_15-43-35.csv
2025-08-25 13:47:40,SOLUSDT,Sell,47,5.0,False,39.12045509826871,,-0.1421490830552065,-10.0,1.0,True,False,True,195.74,194.341857,197.138143,Fail,0.0,No,backtest_2025-08-26_15-43-35.csv
2025-08-25 13:47:40,XRPUSDT,Sell,47,5.0,False,35.46608604447583,,-0.0032306350049633,-10.0,1.0,True,False,True,2.9285,2.907582,2.949418,Fail,1.0,No,backtest_2025-08-26_15-43-35.csv
2025-08-25 13:47:40,DOGEUSDT,Sell,47,5.0,False,38.23198425691557,,-0.0002314840865833,-10.0,1.0,True,False,True,0.21765,0.216095,0.219205,Fail,1.0,No,backtest_2025-08-26_15-43-35.csv
2025-08-25 13:47:40,ADAUSDT,Sell,47,5.0,False,32.97208708486319,,-0.0012609165586786,-10.0,1.0,True,False,True,0.855,0.848893,0.861107,Fail,0.0,No,backtest_2025-08-26_15-43-35.csv
2025-08-25 13:47:40,BIOUSDT,Neutral,19,5.0,False,55.76972764927666,,0.0005790188849028,-10.0,,True,False,True,0.23242,0.23076,0.23408,Inconclusive,,,backtest_2025-08-26_15-43-35.csv
2025-08-25 13:47:40,LINKUSDT,Sell,47,5.0,False,38.45535763115416,,-0.004669967597686,-10.0,1.0,True,False,True,24.275,24.101607,24.448393,Fail,0.0,No,backtest_2025-08-26_15-43-35.csv
2025-08-25 13:47:40,1000PEPEUSDT,Sell,41,5.0,False,42.95644682688991,,-3.944155401800344e-06,-10.0,1.0,False,False,True,0.010164,0.010092,0.010237,Fail,0.0,Yes,backtest_2025-08-26_15-43-35.csv
2025-08-25 13:47:40,SUIUSDT,Sell,47,5.0,False,39.895359733173024,,-0.0027905853207076,-10.0,1.0,True,False,True,3.4452,3.420591,3.469809,Fail,0.0,No,backtest_2025-08-26_15-43-35.csv
2025-08-25 13:47:40,ENAUSDT,Sell,47,5.0,False,45.0725843601866,,-0.0003109064337839,-10.0,1.0,True,False,True,0.6412,0.63662,0.64578,Fail,1.0,No,backtest_2025-08-26_15-43-35.csv
2025-08-25 13:47:40,BNBUSDT,Sell,47,5.0,False,40.96223352328636,,-0.5077769513535919,-10.0,1.0,True,False,True,856.28,850.163714,862.396286,Fail,17.0,No,backtest_2025-08-26_15-43-35.csv
2025-08-25 13:47:40,PROMPTUSDT,Neutral,13,5.0,False,59.967218298873,,0.0007950036922809,-10.0,,False,False,True,0.3459,0.343429,0.348371,Inconclusive,,,backtest_2025-08-26_15-43-35.csv
2025-08-25 13:47:40,AVAXUSDT,Sell,47,5.0,False,41.45086872149265,,-0.0143897985783519,-10.0,1.0,True,False,True,24.086,23.913957,24.258043,Fail,1.0,Yes,backtest_2025-08-26_15-43-35.csv
2025-08-25 13:47:40,WLFIUSDT,Neutral,30,5.0,False,49.80232954794754,,0.0001996579764316,-10.0,,True,False,True,0.2119,0.210386,0.213414,Inconclusive,,,backtest_2025-08-26_15-43-35.csv
2025-08-25 13:47:40,ONTUSDT,Sell,47,5.0,False,41.25596646664852,,-0.000489303624334,-10.0,1.0,True,False,True,0.2032,0.201749,0.204651,Success,2.0,,backtest_2025-08-26_15-43-35.csv
2025-08-25 13:47:40,FARTCOINUSDT,Sell,47,5.0,False,38.150726904983465,,-0.0011441794462156,-10.0,1.0,True,False,True,0.8752,0.868949,0.881451,Fail,0.0,Yes,backtest_2025-08-26_15-43-35.csv
2025-08-25 13:47:40,LTCUSDT,Sell,47,5.0,False,38.30457585623368,,-0.0916144800045081,-10.0,1.0,True,False,True,110.84,110.048286,111.631714,Fail,1.0,No,backtest_2025-08-26_15-43-35.csv
2025-08-25 13:47:40,HYPEUSDT,Sell,47,5.0,False,41.50469441407817,,-0.0599881590947061,-10.0,1.0,True,False,True,45.191,44.868207,45.513793,Fail,0.0,No,backtest_2025-08-26_15-43-35.csv
2025-08-25 13:47:40,ARBUSDT,Sell,47,5.0,False,41.210504777827694,,-0.0003589615781172,-10.0,1.0,True,False,True,0.5419,0.538029,0.545771,Fail,0.0,Yes,backtest_2025-08-26_15-43-35.csv
2025-08-25 13:47:40,QTUMUSDT,Neutral,11,5.0,False,51.91030798997425,,-0.0041879335381019,-10.0,,False,False,True,3.135,3.112607,3.157393,Inconclusive,,,backtest_2025-08-26_15-43-35.csv
2025-08-25 13:47:40,MEMEUSDT,Neutral,30,5.0,False,51.27532546351646,,5.654952953882034e-06,-10.0,,True,False,True,0.003622,0.003596,0.003648,Inconclusive,,,backtest_2025-08-26_15-43-35.csv
2025-08-25 13:47:40,WIFUSDT,Sell,47,5.0,False,39.09861362134983,,-0.0005822248864105,-10.0,1.0,True,False,True,0.8145,0.808682,0.820318,Fail,0.0,Yes,backtest_2025-08-26_15-43-35.csv
2025-08-25 13:47:40,AAVEUSDT,Sell,47,5.0,False,33.21335410614131,,-0.1734467684574734,-10.0,1.0,True,False,True,324.43,322.112643,326.747357,Fail,16.0,Yes,backtest_2025-08-26_15-43-35.csv
2025-08-25 13:47:40,PENGUUSDT,Sell,41,5.0,False,37.72782048629351,,-2.8659905858635063e-05,-10.0,1.0,False,False,True,0.031354,0.03113,0.031578,Fail,0.0,Yes,backtest_2025-08-26_15-43-35.csv
2025-08-25 13:47:40,DOTUSDT,Sell,47,5.0,False,39.01251737022426,,-0.0026083511634644,-10.0,1.0,True,False,True,3.861,3.833421,3.888579,Fail,1.0,Yes,backtest_2025-08-26_15-43-35.csv
2025-08-25 13:47:40,TRUMPUSDT,Sell,47,5.0,False,39.27800295783304,,-0.004924066600003,-10.0,1.0,True,False,True,8.339,8.279436,8.398564,Fail,1.0,No,backtest_2025-08-26_15-43-35.csv
2025-08-25 13:47:40,1000BONKUSDT,Sell,41,5.0,False,34.0677477871171,,-2.5499646773065197e-05,-10.0,1.0,False,False,True,0.020837,0.020688,0.020986,Fail,1.0,Yes,backtest_2025-08-26_15-43-35.csv
2025-08-25 13:47:40,ETCUSDT,Sell,47,5.0,False,36.770008791641615,,-0.016393301588673,-10.0,1.0,True,False,True,21.763,21.60755,21.91845,Fail,1.0,No,backtest_2025-08-26_15-43-35.csv
2025-08-25 13:47:40,XNYUSDT,Neutral,23,5.0,False,39.81059945961697,,4.814716508930243e-05,-10.0,,False,False,True,0.006443,0.006397,0.006489,Inconclusive,,,backtest_2025-08-26_15-43-35.csv
2025-08-25 13:47:40,PUMPUSDT,Sell,41,5.0,False,44.74011599629076,,-2.62117698103365e-06,-10.0,1.0,False,False,True,0.002793,0.002773,0.002813,Fail,0.0,No,backtest_2025-08-26_15-43-35.csv
2025-08-25 13:47:40,FILUSDT,Sell,47,5.0,False,40.52184001184448,,-0.0010286919053858,-10.0,1.0,True,False,True,2.28,2.263714,2.296286,Fail,0.0,Yes,backtest_2025-08-26_15-43-35.csv
2025-08-25 13:47:40,NEOUSDT,Sell,47,5.0,False,36.692720691282574,,-0.0153758410311071,-10.0,1.0,True,False,True,7.776,7.720457,7.831543,Fail,1.0,Yes,backtest_2025-08-26_15-43-35.csv
2025-08-25 13:47:40,WLDUSDT,Sell,47,5.0,False,37.73252241436533,,-0.0007151589781861,-10.0,1.0,True,False,True,0.9082,0.901713,0.914687,Fail,0.0,No,backtest_2025-08-26_15-43-35.csv
2025-08-25 13:47:40,TRXUSDT,Neutral,28,5.0,False,47.4298116953141,,-9.979336544636733e-05,-10.0,,True,False,True,0.35288,0.350359,0.355401,Inconclusive,,,backtest_2025-08-26_15-43-35.csv
2025-08-25 13:47:40,1000SHIBUSDT,Sell,47,5.0,False,37.98929388375601,,-1.010235039918047e-05,-10.0,1.0,True,False,True,0.012317,0.012229,0.012405,Fail,1.0,No,backtest_2025-08-26_15-43-35.csv
2025-08-25 13:47:40,CRVUSDT,Sell,47,5.0,False,40.59145454509455,,-0.0003210294009073,-10.0,1.0,True,False,True,0.824,0.818114,0.829886,Fail,0.0,No,backtest_2025-08-26_15-43-35.csv
2025-08-25 13:47:40,SPKUSDT,Neutral,17,5.0,False,52.86132545510224,,-0.0004390989304279,-10.0,,True,False,True,0.08087,0.080292,0.081448,Inconclusive,,,backtest_2025-08-26_15-43-35.csv
2025-08-25 13:47:40,HBARUSDT,Sell,47,5.0,False,42.86254691804407,,-0.0001419467890965,-10.0,1.0,True,False,True,0.23598,0.234294,0.237666,Fail,1.0,No,backtest_2025-08-26_15-43-35.csv
2025-08-25 13:47:40,NEARUSDT,Sell,47,5.0,False,39.570885136768815,,-0.0018393014846793,-10.0,1.0,True,False,True,2.487,2.469236,2.504764,Fail,1.0,Yes,backtest_2025-08-26_15-43-35.csv
2025-08-25 13:47:40,BIDUSDT,Neutral,11,5.0,False,50.24058884093601,,-6.40312998064559e-05,-10.0,,False,False,True,0.1023,0.101569,0.103031,Inconclusive,,,backtest_2025-08-26_15-43-35.csv
2025-08-25 13:47:40,LDOUSDT,Sell,47,5.0,False,40.86703095302801,,-0.0013302823462308,-10.0,1.0,True,False,True,1.3421,1.332514,1.351686,Fail,0.0,Yes,backtest_2025-08-26_15-43-35.csv
2025-08-25 13:47:40,OPUSDT,Sell,47,5.0,False,41.453625936610216,,-0.0003466251989153,-10.0,1.0,True,False,True,0.7236,0.718431,0.728769,Fail,1.0,Yes,backtest_2025-08-26_15-43-35.csv
2025-08-25 13:47:40,BCHUSDT,Sell,47,5.0,False,43.36609005243468,,-0.1597409352924781,-10.0,1.0,True,False,True,563.33,559.306214,567.353786,Success,124.0,,backtest_2025-08-26_15-43-35.csv
2025-08-25 13:47:40,ONDOUSDT,Sell,47,5.0,False,37.6050513878536,,-0.0009161346380126,-10.0,1.0,True,False,True,0.9171,0.910549,0.923651,Fail,1.0,No,backtest_2025-08-26_15-43-35.csv
2025-08-25 13:47:40,ETHFIUSDT,Sell,47,5.0,False,34.1631907134508,,-0.0024011808682209,-10.0,1.0,True,False,True,1.1561,1.147842,1.164358,Fail,0.0,Yes,backtest_2025-08-26_15-43-35.csv
2025-08-25 13:47:40,XLMUSDT,Sell,47,5.0,False,42.09501869516991,,-0.0002833927779611,-10.0,1.0,True,False,True,0.3918,0.389001,0.394599,Fail,1.0,No,backtest_2025-08-26_15-43-35.csv
2025-08-25 13:47:40,XPLUSDT,Neutral,25,5.0,False,69.40304539532231,,0.0021730822684542,-10.0,,False,False,True,0.5659,0.561858,0.569942,Inconclusive,,,backtest_2025-08-26_15-43-35.csv
2025-08-25 13:47:40,TIAUSDT,Sell,47,5.0,False,42.19658950159561,,-0.0010390747314818,-10.0,1.0,True,False,True,1.6929,1.680808,1.704992,Fail,1.0,Yes,backtest_2025-08-26_15-43-35.csv
2025-08-25 13:47:40,APTUSDT,Neutral,23,5.0,False,46.21899553994055,,0.0002192569786212,-10.0,,False,False,True,4.3898,4.358444,4.421156,Inconclusive,,,backtest_2025-08-26_15-43-35.csv
2025-08-25 13:47:40,BOMEUSDT,Neutral,30,5.0,False,44.21008311969043,,1.2576991153741735e-06,-10.0,,True,False,True,0.002155,0.00214,0.00217,Inconclusive,,,backtest_2025-08-26_15-43-35.csv
2025-08-25 13:47:40,MYXUSDT,Neutral,11,5.0,False,53.62094714080639,,-0.0002237800602314,-10.0,,False,False,True,1.1501,1.141885,1.158315,Inconclusive,,,backtest_2025-08-26_15-43-35.csv
2025-08-25 13:47:40,TAOUSDT,Sell,47,5.0,False,39.5121154887504,,-0.2952473668300654,-10.0,1.0,True,False,True,338.35,335.933214,340.766786,Fail,1.0,Yes,backtest_2025-08-26_15-43-35.csv
2025-08-25 13:47:40,INJUSDT,Sell,47,5.0,False,42.16905388175206,,-0.0027218447130697,-10.0,1.0,True,False,True,13.298,13.203014,13.392986,Fail,1.0,No,backtest_2025-08-26_15-43-35.csv
2025-08-25 13:47:40,SEIUSDT,Sell,47,5.0,False,39.0492452348353,,-0.0003531146342903,-10.0,1.0,True,False,True,0.2939,0.291801,0.295999,Fail,1.0,Yes,backtest_2025-08-26_15-43-35.csv
2025-08-25 13:47:40,VIRTUALUSDT,Sell,47,5.0,False,39.92604297536586,,-0.0014797896735953,-10.0,1.0,True,False,True,1.1767,1.168295,1.185105,Fail,1.0,Yes,backtest_2025-08-26_15-43-35.csv
2025-08-25 13:47:40,ZORAUSDT,Sell,47,5.0,False,37.07257322492481,,-0.0001544459748629,-10.0,1.0,True,False,True,0.10776,0.10699,0.10853,Fail,1.0,No,backtest_2025-08-26_15-43-35.csv
2025-08-25 13:47:40,PENDLEUSDT,Sell,47,5.0,False,43.30834898630358,,-0.0019176892307867,-10.0,1.0,True,False,True,5.4094,5.370761,5.448039,Fail,1.0,Yes,backtest_2025-08-26_15-43-35.csv
2025-08-25 13:47:40,ALGOUSDT,Neutral,23,5.0,False,48.882694567587,,1.8381387530108005e-05,-10.0,,False,False,True,0.2555,0.253675,0.257325,Inconclusive,,,backtest_2025-08-26_15-43-35.csv
2025-08-25 13:47:40,ONGUSDT,Sell,47,5.0,False,38.50803395151444,,-0.0001426765889936,-10.0,1.0,True,False,True,0.20322,0.201768,0.204672,Success,2.0,,backtest_2025-08-26_15-43-35.csv
2025-08-25 13:47:40,GALAUSDT,Sell,41,5.0,False,39.31639024578633,,-9.162914531362594e-06,-10.0,1.0,False,False,True,0.01675,0.01663,0.01687,Fail,1.0,Yes,backtest_2025-08-26_15-43-35.csv
2025-08-25 13:47:40,TONUSDT,Sell,41,5.0,False,40.65772904253712,,-0.0013399651756819,-10.0,1.0,False,False,True,3.1917,3.168902,3.214498,Fail,16.0,No,backtest_2025-08-26_15-43-35.csv
2025-08-25 13:47:40,CFXUSDT,Neutral,28,5.0,False,45.77247131239144,,-3.894611839889517e-05,-10.0,,True,False,True,0.1781,0.176828,0.179372,Inconclusive,,,backtest_2025-08-26_15-43-35.csv
2025-08-25 13:47:40,PNUTUSDT,Sell,47,5.0,False,43.5931731484946,,-0.0001731463939587,-10.0,1.0,True,False,True,0.2136,0.212074,0.215126,Fail,1.0,Yes,backtest_2025-08-26_15-43-35.csv
2025-08-25 13:47:40,ATOMUSDT,Neutral,25,5.0,False,60.18200043584702,,0.0053550875385008,-10.0,,False,False,True,4.61,4.577071,4.642929,Inconclusive,,,backtest_2025-08-26_15-43-35.csv
2025-08-25 14:15:03,ETHUSDT,Buy,47,5.0,False,59.47430423799859,,0.8731637539976091,10.0,1.0,True,False,True,4656.8,4690.062857,4623.537143,Fail,72.0,No,backtest_2025-08-26_15-44-10.csv
2025-08-25 14:15:03,BTCUSDT,Buy,47,5.0,False,56.839010508538834,,44.456483221408575,10.0,1.0,True,False,True,111699.4,112497.252857,110901.547143,Success,69.0,,backtest_2025-08-26_15-44-10.csv
2025-08-25 14:15:03,SOLUSDT,Buy,47,5.0,False,55.839585822107786,,0.1602699872332423,10.0,1.0,True,False,True,198.44,199.857429,197.022571,Fail,27.0,No,backtest_2025-08-26_15-44-10.csv
2025-08-25 14:15:03,XRPUSDT,Neutral,30,5.0,False,51.720311289161366,,-0.0003946275071125,10.0,,True,False,True,2.9524,2.973489,2.931311,Inconclusive,,,backtest_2025-08-26_15-44-10.csv
2025-08-25 14:15:03,DOGEUSDT,Neutral,28,5.0,False,53.26857103704682,,5.548309562461165e-05,10.0,,True,False,True,0.22,0.221571,0.218429,Inconclusive,,,backtest_2025-08-26_15-44-10.csv
2025-08-25 14:15:03,ADAUSDT,Neutral,21,5.0,False,54.01890282122595,,0.0004614585756484,10.0,,False,False,True,0.8671,0.873294,0.860906,Inconclusive,,,backtest_2025-08-26_15-44-10.csv
2025-08-25 14:15:03,BIOUSDT,Neutral,21,5.0,False,50.42590319043399,,0.0003052633303954,10.0,,False,False,True,0.23193,0.233587,0.230273,Inconclusive,,,backtest_2025-08-26_15-44-10.csv
2025-08-25 14:15:03,LINKUSDT,Buy,43,5.0,False,50.50201689335399,,0.0235503835980136,10.0,1.0,True,False,True,24.485,24.659893,24.310107,Success,70.0,,backtest_2025-08-26_15-44-10.csv
2025-08-25 14:15:03,1000PEPEUSDT,Buy,43,5.0,False,51.41833193001571,,2.5839836373160542e-06,10.0,1.0,True,False,True,0.010242,0.010315,0.010169,Fail,54.0,No,backtest_2025-08-26_15-44-10.csv
2025-08-25 14:15:03,SUIUSDT,Buy,47,5.0,False,56.03756037482113,,0.0019222641741208,10.0,1.0,True,False,True,3.4887,3.513619,3.463781,Fail,91.0,No,backtest_2025-08-26_15-44-10.csv
2025-08-25 14:15:03,ENAUSDT,Buy,47,5.0,False,53.63702958017544,,0.0001812615461713,10.0,1.0,True,False,True,0.6466,0.651219,0.641981,Success,70.0,,backtest_2025-08-26_15-44-10.csv
2025-08-25 14:15:03,BNBUSDT,Buy,47,5.0,False,66.01164734284188,,0.2930035993649953,10.0,1.0,True,False,True,865.5,871.682143,859.317857,Success,34.0,,backtest_2025-08-26_15-44-10.csv
2025-08-25 14:15:03,AVAXUSDT,Buy,47,5.0,False,59.594844200658144,,0.0191635570983438,10.0,1.0,True,False,True,24.415,24.589393,24.240607,Fail,55.0,No,backtest_2025-08-26_15-44-10.csv
2025-08-25 14:15:03,PROMPTUSDT,Neutral,28,5.0,False,57.63342828402746,,0.000185449349858,10.0,,True,False,True,0.3474,0.349881,0.344919,Inconclusive,,,backtest_2025-08-26_15-44-10.csv
2025-08-25 14:15:03,WLFIUSDT,Buy,47,5.0,False,67.76706525084026,,0.0009579020503935,10.0,1.0,True,False,True,0.2201,0.221672,0.218528,Fail,0.0,Yes,backtest_2025-08-26_15-44-10.csv
2025-08-25 14:15:03,ONTUSDT,Neutral,25,5.0,False,36.75933889048082,,-0.001104091695507,10.0,,False,False,True,0.1966,0.198004,0.195196,Inconclusive,,,backtest_2025-08-26_15-44-10.csv
2025-08-25 14:15:03,FARTCOINUSDT,Neutral,13,5.0,False,47.55928519654224,,-0.0001769319660826,10.0,,False,False,True,0.8828,0.889106,0.876494,Inconclusive,,,backtest_2025-08-26_15-44-10.csv
2025-08-25 14:15:03,LTCUSDT,Buy,47,5.0,False,56.0756604993348,,0.0517920603043293,10.0,1.0,True,False,True,112.06,112.860429,111.259571,Fail,105.0,No,backtest_2025-08-26_15-44-10.csv
2025-08-25 14:15:03,HYPEUSDT,Buy,47,5.0,False,64.88634484353314,,0.0421176261656571,10.0,1.0,True,False,True,46.273,46.603521,45.942479,Success,2.0,,backtest_2025-08-26_15-44-10.csv
2025-08-25 14:15:03,ARBUSDT,Buy,47,5.0,False,60.90748380842528,,0.0008370346993132,10.0,1.0,True,False,True,0.5521,0.556044,0.548156,Fail,27.0,No,backtest_2025-08-26_15-44-10.csv
2025-08-25 14:15:03,QTUMUSDT,Neutral,19,5.0,False,46.38921076572851,,-0.0049856598689181,10.0,,True,False,True,3.111,3.133221,3.088779,Inconclusive,,,backtest_2025-08-26_15-44-10.csv
2025-08-25 14:15:03,WIFUSDT,Neutral,17,5.0,False,49.71686099261752,,0.0003053582497885,10.0,,True,False,True,0.8222,0.828073,0.816327,Inconclusive,,,backtest_2025-08-26_15-44-10.csv
2025-08-25 14:15:03,MEMEUSDT,Neutral,11,5.0,False,49.04489261167234,,1.3671340184144225e-07,10.0,,False,False,True,0.003605,0.003631,0.003579,Inconclusive,,,backtest_2025-08-26_15-44-10.csv
2025-08-25 14:15:03,AAVEUSDT,Neutral,37,5.0,False,54.97064524485315,,0.2240040109787614,10.0,,False,False,True,327.58,329.919857,325.240143,Inconclusive,,,backtest_2025-08-26_15-44-10.csv
2025-08-25 14:15:03,PENGUUSDT,Buy,47,5.0,False,52.52097510036038,,1.055353545149509e-05,10.0,1.0,True,False,True,0.031731,0.031958,0.031504,Fail,65.0,No,backtest_2025-08-26_15-44-10.csv
2025-08-25 14:15:03,DOTUSDT,Buy,47,5.0,False,56.750601257245016,,0.0022908454659788,10.0,1.0,True,False,True,3.91,3.937929,3.882071,Fail,80.0,No,backtest_2025-08-26_15-44-10.csv
2025-08-25 14:15:03,TRUMPUSDT,Buy,47,5.0,False,60.48436540513429,,0.0070958028869416,10.0,1.0,True,False,True,8.447,8.507336,8.386664,Fail,105.0,No,backtest_2025-08-26_15-44-10.csv
2025-08-25 14:15:03,UNIUSDT,Neutral,17,5.0,False,48.55925236785532,,0.0016133199580803,10.0,,True,False,True,10.215,10.287964,10.142036,Inconclusive,,,backtest_2025-08-26_15-44-10.csv
2025-08-25 14:15:03,1000BONKUSDT,Neutral,17,5.0,False,49.89547292701928,,1.7546341635311706e-06,10.0,,True,False,True,0.021061,0.021211,0.020911,Inconclusive,,,backtest_2025-08-26_15-44-10.csv
2025-08-25 14:15:03,ETCUSDT,Neutral,11,5.0,False,49.29596551652331,,0.0075455574884788,10.0,,False,False,True,21.933,22.089664,21.776336,Inconclusive,,,backtest_2025-08-26_15-44-10.csv
2025-08-25 14:15:03,XNYUSDT,Neutral,17,5.0,False,43.80416104843779,,4.672299806903288e-05,10.0,,True,False,True,0.006512,0.006559,0.006465,Inconclusive,,,backtest_2025-08-26_15-44-10.csv
2025-08-25 14:15:03,FILUSDT,Neutral,17,5.0,False,50.98999927901786,,0.0008097716541612,10.0,,True,False,True,2.297,2.313407,2.280593,Inconclusive,,,backtest_2025-08-26_15-44-10.csv
2025-08-25 14:15:03,PUMPUSDT,Buy,47,5.0,False,63.07994343708851,,1.4587971985958863e-06,10.0,1.0,True,False,True,0.002837,0.002857,0.002817,Success,8.0,,backtest_2025-08-26_15-44-10.csv
2025-08-25 14:15:03,NEOUSDT,Neutral,13,5.0,False,40.00645182367551,,-0.018024299850415,10.0,,False,False,True,7.717,7.772121,7.661879,Inconclusive,,,backtest_2025-08-26_15-44-10.csv
2025-08-25 14:15:03,SPKUSDT,Buy,49,5.0,False,59.36942913970578,,-0.0001846134623587,10.0,1.0,True,False,True,0.08338,0.083976,0.082784,Success,3.0,,backtest_2025-08-26_15-44-10.csv
2025-08-25 14:15:03,WLDUSDT,Buy,47,5.0,False,57.09122361336088,,0.0007863334054816,10.0,1.0,True,False,True,0.922,0.928586,0.915414,Success,8.0,,backtest_2025-08-26_15-44-10.csv
2025-08-25 14:15:03,TRXUSDT,Neutral,30,5.0,False,53.17600906226117,,-6.277900339363065e-05,10.0,,True,False,True,0.35389,0.356418,0.351362,Inconclusive,,,backtest_2025-08-26_15-44-10.csv
2025-08-25 14:15:03,1000SHIBUSDT,Buy,47,5.0,False,55.45738434173127,,1.290459625481245e-06,10.0,1.0,True,False,True,0.012446,0.012535,0.012357,Fail,55.0,No,backtest_2025-08-26_15-44-10.csv
2025-08-25 14:15:03,CRVUSDT,Buy,47,5.0,False,66.03474218298709,,0.0013500721904128,10.0,1.0,True,False,True,0.843,0.849021,0.836979,Fail,81.0,No,backtest_2025-08-26_15-44-10.csv
2025-08-25 14:15:03,HBARUSDT,Buy,47,5.0,False,63.27761352207983,,0.0002635786991045,10.0,1.0,True,False,True,0.23981,0.241523,0.238097,Success,2.0,,backtest_2025-08-26_15-44-10.csv
2025-08-25 14:15:03,NEARUSDT,Buy,47,5.0,False,56.14074578955106,,0.0020389369441144,10.0,1.0,True,False,True,2.518,2.535986,2.500014,Fail,27.0,No,backtest_2025-08-26_15-44-10.csv
2025-08-25 14:15:03,LDOUSDT,Buy,47,5.0,False,57.96464872666248,,0.0007269354671209,10.0,1.0,True,False,True,1.3593,1.369009,1.349591,Success,45.0,,backtest_2025-08-26_15-44-10.csv
2025-08-25 14:15:03,OPUSDT,Buy,47,5.0,False,59.53243441724201,,0.0009022503435332,10.0,1.0,True,False,True,0.7348,0.740049,0.729551,Fail,48.0,No,backtest_2025-08-26_15-44-10.csv
2025-08-25 14:15:03,BCHUSDT,Neutral,30,5.0,False,50.9188955268656,,-0.0312033199190678,10.0,,True,False,True,564.93,568.965214,560.894786,Inconclusive,,,backtest_2025-08-26_15-44-10.csv
2025-08-25 14:15:03,ONDOUSDT,Buy,47,5.0,False,57.984458819078135,,0.000704687675333,10.0,1.0,True,False,True,0.931,0.93765,0.92435,Fail,101.0,No,backtest_2025-08-26_15-44-10.csv
2025-08-25 14:15:03,BIDUSDT,Buy,47,5.0,False,58.01914531295208,,0.0001702014445573,10.0,1.0,True,False,True,0.10415,0.104894,0.103406,Fail,13.0,Yes,backtest_2025-08-26_15-44-10.csv
2025-08-25 14:15:03,ETHFIUSDT,Neutral,13,5.0,False,50.46355358546564,,-3.978774915467157e-05,10.0,,False,False,True,1.1719,1.180271,1.163529,Inconclusive,,,backtest_2025-08-26_15-44-10.csv
2025-08-25 14:15:03,XLMUSDT,Buy,47,5.0,False,59.36393735108884,,0.0001292584377086,10.0,1.0,True,False,True,0.39584,0.398667,0.393013,Fail,102.0,No,backtest_2025-08-26_15-44-10.csv
2025-08-25 14:15:03,XPLUSDT,Neutral,28,5.0,False,63.87715637077075,,0.0008253306277515,10.0,,True,False,True,0.568,0.572057,0.563943,Inconclusive,,,backtest_2025-08-26_15-44-10.csv
2025-08-25 14:15:03,TIAUSDT,Buy,47,5.0,False,65.77734767303092,,0.0031780506280736,10.0,1.0,True,False,True,1.7303,1.742659,1.717941,Fail,13.0,No,backtest_2025-08-26_15-44-10.csv
2025-08-25 14:15:03,APTUSDT,Buy,47,5.0,False,66.6010565736927,,0.0054309589380011,10.0,1.0,True,False,True,4.4497,4.481484,4.417916,Fail,55.0,No,backtest_2025-08-26_15-44-10.csv
2025-08-25 14:15:03,BOMEUSDT,Buy,41,5.0,False,54.62274078670192,,5.168430988174519e-06,10.0,1.0,False,False,True,0.002188,0.002204,0.002172,Success,8.0,,backtest_2025-08-26_15-44-10.csv
2025-08-25 14:15:03,MYXUSDT,Neutral,21,5.0,False,55.25263136052346,,0.0012928935456867,10.0,,False,False,True,1.158,1.166271,1.149729,Inconclusive,,,backtest_2025-08-26_15-44-10.csv
2025-08-25 14:15:03,TAOUSDT,Buy,47,5.0,False,56.28250939470346,,0.1744376840662013,10.0,1.0,True,False,True,342.41,344.855786,339.964214,Fail,91.0,No,backtest_2025-08-26_15-44-10.csv
2025-08-25 14:15:03,INJUSDT,Buy,47,5.0,False,60.4951952802636,,0.0209409583958131,10.0,1.0,True,False,True,13.519,13.615564,13.422436,Fail,55.0,No,backtest_2025-08-26_15-44-10.csv
2025-08-25 14:15:03,SEIUSDT,Buy,47,5.0,False,57.936112012227895,,0.0001177431014202,10.0,1.0,True,False,True,0.2979,0.300028,0.295772,Fail,55.0,No,backtest_2025-08-26_15-44-10.csv
2025-08-25 14:15:03,VIRTUALUSDT,Neutral,17,5.0,False,50.61031504696492,,0.0006110297702951,10.0,,True,False,True,1.1879,1.196385,1.179415,Inconclusive,,,backtest_2025-08-26_15-44-10.csv
2025-08-25 14:15:03,ZORAUSDT,Buy,47,5.0,False,60.597959385811976,,0.000200537021481,10.0,1.0,True,False,True,0.1111,0.111894,0.110306,Success,2.0,,backtest_2025-08-26_15-44-10.csv
2025-08-25 14:15:03,PENDLEUSDT,Buy,47,5.0,False,59.20774135380527,,0.0051112958620684,10.0,1.0,True,False,True,5.4747,5.513805,5.435595,Fail,27.0,No,backtest_2025-08-26_15-44-10.csv
2025-08-25 14:15:03,ALGOUSDT,Buy,47,5.0,False,62.28117646459462,,0.0003702502408846,10.0,1.0,True,False,True,0.2595,0.261354,0.257646,Success,4.0,,backtest_2025-08-26_15-44-10.csv
2025-08-25 14:15:03,ONGUSDT,Neutral,25,5.0,False,39.97922888321583,,-9.081777686077252e-05,10.0,,False,False,True,0.20227,0.203715,0.200825,Inconclusive,,,backtest_2025-08-26_15-44-10.csv
2025-08-25 14:15:03,GALAUSDT,Buy,47,5.0,False,59.148826205126205,,1.8935756347228514e-05,10.0,1.0,True,False,True,0.01702,0.017142,0.016898,Fail,26.0,No,backtest_2025-08-26_15-44-10.csv
2025-08-25 14:15:03,TONUSDT,Buy,47,5.0,False,63.023677256456175,,0.0021614088251447,10.0,1.0,True,False,True,3.2232,3.246223,3.200177,Fail,167.0,No,backtest_2025-08-26_15-44-10.csv
2025-08-25 14:15:03,CFXUSDT,Buy,47,5.0,False,57.38035405848645,,3.5019427543917626e-05,10.0,1.0,True,False,True,0.18017,0.181457,0.178883,Fail,12.0,No,backtest_2025-08-26_15-44-10.csv
2025-08-25 14:15:03,PNUTUSDT,Buy,47,5.0,False,56.18576462218484,,0.000173041459559,10.0,1.0,True,False,True,0.21637,0.217916,0.214825,Fail,54.0,No,backtest_2025-08-26_15-44-10.csv
2025-08-25 14:15:03,ATOMUSDT,Buy,47,5.0,False,68.88935441785475,,0.0052081670849223,10.0,1.0,True,False,True,4.654,4.687243,4.620757,Fail,27.0,No,backtest_2025-08-26_15-44-10.csv
2025-08-25 14:33:16,ETHUSDT,Neutral,30,5.0,False,55.109280301660576,0.6050618908528759,-0.3124933426869134,10.0,,True,False,True,4649.93,4683.143786,4616.716214,Inconclusive,,,backtest_2025-08-26_15-44-16.csv
2025-08-25 14:33:16,BTCUSDT,Neutral,28,5.0,False,58.28258013575202,0.7718603982108966,62.24925793922581,10.0,,True,False,True,111898.9,112698.177857,111099.622143,Inconclusive,,,backtest_2025-08-26_15-44-16.csv
2025-08-25 14:33:16,SOLUSDT,Neutral,17,5.0,False,47.15743101324067,0.3790547393475849,0.0047822513056045,10.0,,True,False,True,197.44,198.850286,196.029714,Inconclusive,,,backtest_2025-08-26_15-44-16.csv
2025-08-25 14:33:16,XRPUSDT,Neutral,30,5.0,False,49.07415025678242,0.384207693908693,-0.000223912693702,10.0,,True,False,True,2.9503,2.971374,2.929226,Inconclusive,,,backtest_2025-08-26_15-44-16.csv
2025-08-25 14:33:16,DOGEUSDT,Neutral,13,5.0,False,47.63808489532844,0.3574218129869566,-7.675524700025274e-07,10.0,,False,False,True,0.21929,0.220856,0.217724,Inconclusive,,,backtest_2025-08-26_15-44-16.csv
2025-08-25 14:33:16,ADAUSDT,Neutral,11,5.0,False,50.71619536432602,0.5447962703767683,0.0004455354071652,10.0,,False,False,True,0.8663,0.872488,0.860112,Inconclusive,,,backtest_2025-08-26_15-44-16.csv
2025-08-25 14:33:16,BIOUSDT,Neutral,13,5.0,False,47.239238861396665,0.2684449750090691,-0.000408418925793,10.0,,False,False,True,0.23063,0.232277,0.228983,Inconclusive,,,backtest_2025-08-26_15-44-16.csv
2025-08-25 14:33:16,LINKUSDT,Neutral,17,5.0,False,49.84904994507085,0.5983713557668555,0.0175638761628866,10.0,,True,False,True,24.496,24.670971,24.321029,Inconclusive,,,backtest_2025-08-26_15-44-16.csv
2025-08-25 14:33:16,1000PEPEUSDT,Neutral,13,5.0,False,45.656210272349696,0.1735571215156026,-3.4062423776264084e-06,10.0,,False,False,True,0.0102,0.010272,0.010127,Inconclusive,,,backtest_2025-08-26_15-44-16.csv
2025-08-25 14:33:16,SUIUSDT,Neutral,11,5.0,False,48.68111271142624,0.4138100666344067,0.0004715996856234,10.0,,False,False,True,3.4755,3.500325,3.450675,Inconclusive,,,backtest_2025-08-26_15-44-16.csv
2025-08-25 14:33:16,ENAUSDT,Neutral,19,5.0,False,49.176396438523945,0.3542002920115337,-0.0002290277498933,10.0,,True,False,True,0.6449,0.649506,0.640294,Inconclusive,,,backtest_2025-08-26_15-44-16.csv
2025-08-25 14:33:16,BNBUSDT,Buy,47,5.0,False,64.33401043853075,0.8433030743340794,0.5247537490118803,10.0,1.0,True,False,True,867.08,873.273429,860.886571,Fail,283.0,No,backtest_2025-08-26_15-44-16.csv
2025-08-25 14:33:16,AVAXUSDT,Neutral,28,5.0,False,56.85992424283552,0.7223052849217612,0.0168209789459268,10.0,,True,False,True,24.412,24.586371,24.237629,Inconclusive,,,backtest_2025-08-26_15-44-16.csv
2025-08-25 14:33:16,PROMPTUSDT,Neutral,23,5.0,False,47.99076345421831,0.2318415563908408,-0.0008063915998306,10.0,,False,False,True,0.3413,0.343738,0.338862,Inconclusive,,,backtest_2025-08-26_15-44-16.csv
2025-08-25 14:33:16,WLFIUSDT,Neutral,28,5.0,False,52.72470878181723,0.6118798183994566,0.0004534933611318,10.0,,True,False,True,0.2155,0.217039,0.213961,Inconclusive,,,backtest_2025-08-26_15-44-16.csv
2025-08-25 14:33:16,ONTUSDT,Neutral,25,5.0,False,39.213848880048,0.2260079502261787,-0.0003443695469212,10.0,,False,False,True,0.1969,0.198306,0.195494,Inconclusive,,,backtest_2025-08-26_15-44-16.csv
2025-08-25 14:33:16,FARTCOINUSDT,Neutral,13,5.0,False,44.47712324255985,0.1894118960049834,-0.000169267440164,10.0,,False,False,True,0.879,0.885279,0.872721,Inconclusive,,,backtest_2025-08-26_15-44-16.csv
2025-08-25 14:33:16,LTCUSDT,Neutral,28,5.0,False,53.53388124962864,0.6280685245891414,0.0477004780703431,10.0,,True,False,True,112.02,112.820143,111.219857,Inconclusive,,,backtest_2025-08-26_15-44-16.csv
2025-08-25 14:33:16,HYPEUSDT,Neutral,28,5.0,False,58.04846469622391,0.750982536240548,0.0665729989820285,10.0,,True,False,True,46.186,46.5159,45.8561,Inconclusive,,,backtest_2025-08-26_15-44-16.csv
2025-08-25 14:33:16,ARBUSDT,Neutral,28,5.0,False,55.224428185451806,0.685398213951636,0.0004463253223252,10.0,,True,False,True,0.5505,0.554432,0.546568,Inconclusive,,,backtest_2025-08-26_15-44-16.csv
2025-08-25 14:33:16,QTUMUSDT,Neutral,30,5.0,False,51.04474126231956,0.5210444173673223,-0.0002393099986528,10.0,,True,False,True,3.126,3.148329,3.103671,Inconclusive,,,backtest_2025-08-26_15-44-16.csv
2025-08-25 14:33:16,WIFUSDT,Neutral,17,5.0,False,45.68772157835757,0.2854866312501272,6.180085820712655e-05,10.0,,True,False,True,0.8197,0.825555,0.813845,Inconclusive,,,backtest_2025-08-26_15-44-16.csv
2025-08-25 14:33:16,AAVEUSDT,Neutral,11,5.0,False,46.48236977939923,0.4468824508778558,0.1477667491106352,10.0,,False,False,True,326.38,328.711286,324.048714,Inconclusive,,,backtest_2025-08-26_15-44-16.csv
2025-08-25 14:33:16,MEMEUSDT,Neutral,17,5.0,False,50.61222843232605,0.5242176882536203,1.698927262226023e-06,10.0,,True,False,True,0.003614,0.00364,0.003588,Inconclusive,,,backtest_2025-08-26_15-44-16.csv
2025-08-25 14:33:16,PENGUUSDT,Neutral,17,5.0,False,50.17652611933394,0.5154552149436361,4.11724637161571e-06,10.0,,True,False,True,0.031699,0.031925,0.031473,Inconclusive,,,backtest_2025-08-26_15-44-16.csv
2025-08-25 14:33:16,DOTUSDT,Neutral,28,5.0,False,55.005121954902336,0.7009697207278461,0.0019848789801284,10.0,,True,False,True,3.91,3.937929,3.882071,Inconclusive,,,backtest_2025-08-26_15-44-16.csv
2025-08-25 14:33:16,TRUMPUSDT,Neutral,28,5.0,False,58.07213969028491,0.7604989223954782,0.0049592741521164,10.0,,True,False,True,8.449,8.50935,8.38865,Inconclusive,,,backtest_2025-08-26_15-44-16.csv
2025-08-25 14:33:16,UNIUSDT,Neutral,13,5.0,False,45.52034491946903,0.2906122178405934,-0.0001256285060951,10.0,,False,False,True,10.194,10.266814,10.121186,Inconclusive,,,backtest_2025-08-26_15-44-16.csv
2025-08-25 14:33:16,1000BONKUSDT,Neutral,19,5.0,False,45.22454602925696,0.2770003910142066,-1.0576924759463933e-06,10.0,,True,False,True,0.020995,0.021145,0.020845,Inconclusive,,,backtest_2025-08-26_15-44-16.csv
2025-08-25 14:33:16,ETCUSDT,Neutral,13,5.0,False,45.10252218355829,0.2762447313182244,-0.0009502548605574,10.0,,False,False,True,21.868,22.0242,21.7118,Inconclusive,,,backtest_2025-08-26_15-44-16.csv
2025-08-25 14:33:16,XNYUSDT,Neutral,17,5.0,False,40.96556692243376,0.3008094066058777,2.2567502999232004e-05,10.0,,True,False,True,0.006438,0.006484,0.006392,Inconclusive,,,backtest_2025-08-26_15-44-16.csv
2025-08-25 14:33:16,PUMPUSDT,Neutral,28,5.0,False,56.829433681622085,0.6932377458038163,1.0369194583966709e-06,10.0,,True,False,True,0.002835,0.002855,0.002815,Inconclusive,,,backtest_2025-08-26_15-44-16.csv
2025-08-25 14:33:16,FILUSDT,Neutral,11,5.0,False,48.27343112297195,0.4458056269045,0.0003315597574911,10.0,,False,False,True,2.294,2.310386,2.277614,Inconclusive,,,backtest_2025-08-26_15-44-16.csv
2025-08-25 14:33:16,SPKUSDT,Neutral,30,5.0,False,58.34443813412879,0.665432571200964,-0.0001265693808007,10.0,,True,False,True,0.08344,0.084036,0.082844,Inconclusive,,,backtest_2025-08-26_15-44-16.csv
2025-08-25 14:33:16,NEOUSDT,Neutral,25,5.0,False,38.73876816171077,0.1965068233405337,-0.0057811346870699,10.0,,False,False,True,7.688,7.742914,7.633086,Inconclusive,,,backtest_2025-08-26_15-44-16.csv
2025-08-25 14:33:16,WLDUSDT,Buy,47,5.0,False,69.2763036294876,1.0785814163577303,0.0018166706731576,10.0,1.0,True,False,True,0.9331,0.939765,0.926435,Success,8.0,,backtest_2025-08-26_15-44-16.csv
2025-08-25 14:33:16,TRXUSDT,Buy,47,5.0,False,45.40946647559496,-0.0068202671766264,-0.0002040550922892,10.0,1.0,False,True,True,0.35302,0.355542,0.350498,Fail,193.0,No,backtest_2025-08-26_15-44-16.csv
2025-08-25 14:33:16,1000SHIBUSDT,Neutral,30,5.0,False,50.32174568261898,0.452202582632028,-2.019008599021193e-07,10.0,,True,False,True,0.012419,0.012508,0.01233,Inconclusive,,,backtest_2025-08-26_15-44-16.csv
2025-08-25 14:33:16,CRVUSDT,Buy,47,5.0,False,62.17371040766968,0.8280896563485473,0.0012552905714615,10.0,1.0,True,False,True,0.843,0.849021,0.836979,Fail,63.0,No,backtest_2025-08-26_15-44-16.csv
2025-08-25 14:33:16,HBARUSDT,Neutral,28,5.0,False,57.64843435780446,0.7151243961489916,0.0001843821417278,10.0,,True,False,True,0.2396,0.241311,0.237889,Inconclusive,,,backtest_2025-08-26_15-44-16.csv
2025-08-25 14:33:16,NEARUSDT,Neutral,11,5.0,False,47.89064734530576,0.4279134855755105,0.0002958592922645,10.0,,False,False,True,2.506,2.5239,2.4881,Inconclusive,,,backtest_2025-08-26_15-44-16.csv
2025-08-25 14:33:16,LDOUSDT,Neutral,28,5.0,False,52.33557782473978,0.6157622314775306,0.0001931839354385,10.0,,True,False,True,1.3559,1.365585,1.346215,Inconclusive,,,backtest_2025-08-26_15-44-16.csv
2025-08-25 14:33:16,OPUSDT,Neutral,28,5.0,False,54.44246303772455,0.6896021020667351,0.000610841891172,10.0,,True,False,True,0.7329,0.738135,0.727665,Inconclusive,,,backtest_2025-08-26_15-44-16.csv
2025-08-25 14:33:16,BCHUSDT,Neutral,13,5.0,False,45.44324042457901,0.1421341422857609,-0.1962480507575169,10.0,,False,False,True,563.62,567.645857,559.594143,Inconclusive,,,backtest_2025-08-26_15-44-16.csv
2025-08-25 14:33:16,ONDOUSDT,Neutral,28,5.0,False,51.29429185836043,0.569396576601642,0.00039254225773,10.0,,True,False,True,0.928,0.934629,0.921371,Inconclusive,,,backtest_2025-08-26_15-44-16.csv
2025-08-25 14:33:16,BIDUSDT,Neutral,30,5.0,False,51.76577779478217,0.5244614424964106,-1.943785984889518e-05,10.0,,True,False,True,0.10336,0.104098,0.102622,Inconclusive,,,backtest_2025-08-26_15-44-16.csv
2025-08-25 14:33:16,ETHFIUSDT,Neutral,11,5.0,False,48.29157491515274,0.45286559473265,0.0002566980303293,10.0,,False,False,True,1.1697,1.178055,1.161345,Inconclusive,,,backtest_2025-08-26_15-44-16.csv
2025-08-25 14:33:16,XLMUSDT,Neutral,28,5.0,False,55.31636001453066,0.6752516458384134,0.0001042666741809,10.0,,True,False,True,0.39567,0.398496,0.392844,Inconclusive,,,backtest_2025-08-26_15-44-16.csv
2025-08-25 14:33:16,TIAUSDT,Neutral,28,5.0,False,53.63192249605152,0.6403197035471593,0.0014561032727956,10.0,,True,False,True,1.7163,1.728559,1.704041,Inconclusive,,,backtest_2025-08-26_15-44-16.csv
2025-08-25 14:33:16,XPLUSDT,Neutral,30,5.0,False,63.75859639618095,0.6390605247242537,-0.0004345733150183,10.0,,True,False,True,0.5694,0.573467,0.565333,Inconclusive,,,backtest_2025-08-26_15-44-16.csv
2025-08-25 14:33:16,APTUSDT,Neutral,28,5.0,False,59.32906481130813,0.7330225625301966,0.0030010726656445,10.0,,True,False,True,4.4396,4.471311,4.407889,Inconclusive,,,backtest_2025-08-26_15-44-16.csv
2025-08-25 14:33:16,BOMEUSDT,Neutral,11,5.0,False,48.05895050036828,0.5268593426130844,2.479810162902277e-06,10.0,,False,False,True,0.002175,0.002191,0.002159,Inconclusive,,,backtest_2025-08-26_15-44-16.csv
2025-08-25 14:33:16,MYXUSDT,Neutral,28,5.0,False,58.71215996994355,0.776897955605905,0.0010997994761785,10.0,,True,False,True,1.1669,1.175235,1.158565,Inconclusive,,,backtest_2025-08-26_15-44-16.csv
2025-08-25 14:33:16,TAOUSDT,Neutral,21,5.0,False,51.60974658168319,0.5864553571698635,0.1553473076921116,10.0,,False,False,True,341.68,344.120571,339.239429,Inconclusive,,,backtest_2025-08-26_15-44-16.csv
2025-08-25 14:33:16,INJUSDT,Neutral,28,5.0,False,56.06024204903119,0.7204164731123046,0.0133574340578878,10.0,,True,False,True,13.491,13.587364,13.394636,Inconclusive,,,backtest_2025-08-26_15-44-16.csv
2025-08-25 14:33:16,SEIUSDT,Neutral,28,5.0,False,51.4092861017498,0.5545778070204495,7.356743447384999e-05,10.0,,True,False,True,0.297,0.299121,0.294879,Inconclusive,,,backtest_2025-08-26_15-44-16.csv
2025-08-25 14:33:16,VIRTUALUSDT,Neutral,13,5.0,False,44.655975381771135,0.278010612439483,-8.433160869222855e-06,10.0,,False,False,True,1.1806,1.189033,1.172167,Inconclusive,,,backtest_2025-08-26_15-44-16.csv
2025-08-25 14:33:16,ZORAUSDT,Buy,47,5.0,False,61.5183795017512,0.8562784959969327,0.0004318543194826,10.0,1.0,True,False,True,0.11181,0.112609,0.111011,Success,12.0,,backtest_2025-08-26_15-44-16.csv
2025-08-25 14:33:16,PENDLEUSDT,Neutral,17,5.0,False,50.59772924775024,0.5738405094182212,0.0024644199189398,10.0,,True,False,True,5.4524,5.491346,5.413454,Inconclusive,,,backtest_2025-08-26_15-44-16.csv
2025-08-25 14:33:16,ALGOUSDT,Buy,47,5.0,False,62.768016709141015,0.8665173305607422,0.0003683584078936,10.0,1.0,True,False,True,0.261,0.262864,0.259136,Success,15.0,,backtest_2025-08-26_15-44-16.csv
2025-08-25 14:33:16,ONGUSDT,Neutral,11,5.0,False,40.88694070694488,0.3050398110392798,0.0001754771320748,10.0,,False,False,True,0.2025,0.203946,0.201054,Inconclusive,,,backtest_2025-08-26_15-44-16.csv
2025-08-25 14:33:16,GALAUSDT,Neutral,17,5.0,False,52.1260517501664,0.633741870082756,1.5124817007180906e-05,10.0,,True,False,True,0.01696,0.017081,0.016839,Inconclusive,,,backtest_2025-08-26_15-44-16.csv
2025-08-25 14:33:16,TONUSDT,Buy,47,5.0,False,60.01203290568032,0.8099234623392564,0.0020476380824911,10.0,1.0,True,False,True,3.2256,3.24864,3.20256,Fail,88.0,No,backtest_2025-08-26_15-44-16.csv
2025-08-25 14:33:16,CFXUSDT,Neutral,19,5.0,False,47.58510650696364,0.2723691967335138,-5.217352228986696e-05,10.0,,True,False,True,0.17861,0.179886,0.177334,Inconclusive,,,backtest_2025-08-26_15-44-16.csv
2025-08-25 14:33:16,PNUTUSDT,Neutral,21,5.0,False,50.52784424906714,0.5493896506030344,9.090894771179804e-05,10.0,,False,False,True,0.21555,0.21709,0.21401,Inconclusive,,,backtest_2025-08-26_15-44-16.csv
2025-08-25 14:33:16,ATOMUSDT,Neutral,28,5.0,False,62.08331749242731,0.6994200241715154,0.0005530068009999,10.0,,True,False,True,4.641,4.67415,4.60785,Inconclusive,,,backtest_2025-08-26_15-44-16.csv
2025-08-25 14:57:38,ETHUSDT,Neutral,30,5.0,False,53.113185857944224,0.5322368549035377,-1.942161547114944,10.0,,True,False,True,4649.56,4682.771143,4616.348857,Inconclusive,,,backtest_2025-08-26_15-44-22.csv
2025-08-25 14:57:38,BTCUSDT,Neutral,28,5.0,False,60.76533207891277,0.7617117168699805,47.16267685608415,10.0,,True,False,True,112150.8,112951.877143,111349.722857,Inconclusive,,,backtest_2025-08-26_15-44-22.csv
2025-08-25 14:57:38,SOLUSDT,Neutral,30,5.0,False,51.90057655381277,0.570254066486247,-0.0233236234677424,10.0,,True,False,True,198.16,199.575429,196.744571,Inconclusive,,,backtest_2025-08-26_15-44-22.csv
2025-08-25 14:57:38,XRPUSDT,Buy,47,5.0,False,56.68206187583473,0.8033816006238634,0.0009814498241318,10.0,1.0,True,False,True,2.9634,2.984567,2.942233,Fail,64.0,No,backtest_2025-08-26_15-44-22.csv
2025-08-25 14:57:38,DOGEUSDT,Neutral,21,5.0,False,51.74985453878055,0.6077015387746791,1.8481242115883428e-05,10.0,,False,False,True,0.21995,0.221521,0.218379,Inconclusive,,,backtest_2025-08-26_15-44-22.csv
2025-08-25 14:57:38,ADAUSDT,Neutral,28,5.0,False,57.04724347069531,0.7802543763743899,0.0005109092749956,10.0,,True,False,True,0.8715,0.877725,0.865275,Inconclusive,,,backtest_2025-08-26_15-44-22.csv
2025-08-25 14:57:38,LINKUSDT,Neutral,11,5.0,False,50.30619019623278,0.5602335716493068,0.0065990098407568,10.0,,False,False,True,24.513,24.688093,24.337907,Inconclusive,,,backtest_2025-08-26_15-44-22.csv
2025-08-25 14:57:38,1000PEPEUSDT,Neutral,19,5.0,False,49.080410757532654,0.3890131952759045,-2.2326244944671325e-06,10.0,,True,False,True,0.010226,0.010299,0.010153,Inconclusive,,,backtest_2025-08-26_15-44-22.csv
2025-08-25 14:57:38,BIOUSDT,Neutral,25,5.0,False,35.13568868980508,0.028451779471164,-0.0010908460447987,10.0,,False,True,True,0.22437,0.225973,0.222767,Inconclusive,,,backtest_2025-08-26_15-44-22.csv
2025-08-25 14:57:38,SUIUSDT,Neutral,30,5.0,False,51.700596474294535,0.5555427796168614,-0.0003990850715292,10.0,,True,False,True,3.4847,3.509591,3.459809,Inconclusive,,,backtest_2025-08-26_15-44-22.csv
2025-08-25 14:57:38,ENAUSDT,Neutral,30,5.0,False,51.483982079683614,0.4929617502327255,-0.0002699625772756,10.0,,True,False,True,0.6463,0.650916,0.641684,Inconclusive,,,backtest_2025-08-26_15-44-22.csv
2025-08-25 14:57:38,BNBUSDT,Buy,47,5.0,False,69.16339906764799,0.8853183418147818,0.5542030931539692,10.0,1.0,True,False,True,871.73,877.956643,865.503357,Fail,38.0,No,backtest_2025-08-26_15-44-22.csv
2025-08-25 14:57:38,AVAXUSDT,Neutral,30,5.0,False,53.28582342217635,0.5939584627744368,-0.0018031840284667,10.0,,True,False,True,24.394,24.568243,24.219757,Inconclusive,,,backtest_2025-08-26_15-44-22.csv
2025-08-25 14:57:38,PROMPTUSDT,Neutral,13,5.0,False,42.49475805011136,0.0224148486848933,-0.0013384886305751,10.0,,False,True,True,0.3365,0.338904,0.334096,Inconclusive,,,backtest_2025-08-26_15-44-22.csv
2025-08-25 14:57:38,ONTUSDT,Neutral,11,5.0,False,48.45616801208816,0.5483658834131008,0.0005857041692947,10.0,,False,False,True,0.2013,0.202738,0.199862,Inconclusive,,,backtest_2025-08-26_15-44-22.csv
2025-08-25 14:57:38,WLFIUSDT,Neutral,30,5.0,False,53.37932136220648,0.6004728347919169,-3.775696280454346e-05,10.0,,True,False,True,0.2163,0.217845,0.214755,Inconclusive,,,backtest_2025-08-26_15-44-22.csv
2025-08-25 14:57:38,FARTCOINUSDT,Neutral,11,5.0,False,47.3739188810813,0.36783184917638,0.0001484734933377,10.0,,False,False,True,0.8817,0.887998,0.875402,Inconclusive,,,backtest_2025-08-26_15-44-22.csv
2025-08-25 14:57:38,LTCUSDT,Neutral,28,5.0,False,54.29116436632992,0.6610606531111868,0.0126196145097062,10.0,,True,False,True,112.18,112.981286,111.378714,Inconclusive,,,backtest_2025-08-26_15-44-22.csv
2025-08-25 14:57:38,HYPEUSDT,Neutral,28,5.0,False,55.14485030211098,0.6288745074562663,0.0152569313484101,10.0,,True,False,True,46.229,46.559207,45.898793,Inconclusive,,,backtest_2025-08-26_15-44-22.csv
2025-08-25 14:57:38,ARBUSDT,Neutral,13,5.0,False,48.95523770149587,0.4523175728004271,-0.0002495854789397,10.0,,False,False,True,0.5483,0.552216,0.544384,Inconclusive,,,backtest_2025-08-26_15-44-22.csv
2025-08-25 14:57:38,QTUMUSDT,Neutral,19,5.0,False,44.876041439136365,0.2746639217901611,-0.0016584859609464,10.0,,True,False,True,3.106,3.128186,3.083814,Inconclusive,,,backtest_2025-08-26_15-44-22.csv
2025-08-25 14:57:38,WIFUSDT,Neutral,19,5.0,False,47.44785910644131,0.3550611953694725,-7.25740400503059e-06,10.0,,True,False,True,0.8203,0.826159,0.814441,Inconclusive,,,backtest_2025-08-26_15-44-22.csv
2025-08-25 14:57:38,AAVEUSDT,Neutral,13,5.0,False,46.916568495047336,0.4269545519026819,-0.0196185350497897,10.0,,False,False,True,326.31,328.640786,323.979214,Inconclusive,,,backtest_2025-08-26_15-44-22.csv
2025-08-25 14:57:38,MEMEUSDT,Neutral,11,5.0,False,46.94655148643932,0.3485272248327938,1.814235061282302e-07,10.0,,False,False,True,0.003593,0.003619,0.003567,Inconclusive,,,backtest_2025-08-26_15-44-22.csv
2025-08-25 14:57:38,PENGUUSDT,Neutral,11,5.0,False,50.03960802057437,0.5094357303806574,1.2590346224887708e-06,10.0,,False,False,True,0.031718,0.031945,0.031491,Inconclusive,,,backtest_2025-08-26_15-44-22.csv
2025-08-25 14:57:38,DOTUSDT,Neutral,19,5.0,False,49.80693371413744,0.4719813540227707,-0.0007546159228751,10.0,,True,False,True,3.901,3.928864,3.873136,Inconclusive,,,backtest_2025-08-26_15-44-22.csv
2025-08-25 14:57:38,TRUMPUSDT,Neutral,28,5.0,False,54.922475124319526,0.629677078558321,0.0008408767506249,10.0,,True,False,True,8.447,8.507336,8.386664,Inconclusive,,,backtest_2025-08-26_15-44-22.csv
2025-08-25 14:57:38,UNIUSDT,Neutral,13,5.0,False,45.96746446689848,0.3080516354972604,-0.0019561116240813,10.0,,False,False,True,10.187,10.259764,10.114236,Inconclusive,,,backtest_2025-08-26_15-44-22.csv
2025-08-25 14:57:38,1000BONKUSDT,Neutral,17,5.0,False,50.36519032930429,0.5821881930461225,6.59696442123591e-06,10.0,,True,False,True,0.02107,0.02122,0.02092,Inconclusive,,,backtest_2025-08-26_15-44-22.csv
2025-08-25 14:57:38,ETCUSDT,Neutral,13,5.0,False,45.89788315349077,0.3029860650957173,-0.0030066189238264,10.0,,False,False,True,21.864,22.020171,21.707829,Inconclusive,,,backtest_2025-08-26_15-44-22.csv
2025-08-25 14:57:38,SPKUSDT,Neutral,23,5.0,False,51.60632279013553,0.3983285504073054,-0.0003280555543805,10.0,,False,False,True,0.08215,0.082737,0.081563,Inconclusive,,,backtest_2025-08-26_15-44-22.csv
2025-08-25 14:57:38,XNYUSDT,Neutral,17,5.0,False,44.10230789876432,0.3055706602227334,1.645608007707917e-05,10.0,,True,False,True,0.006468,0.006514,0.006422,Inconclusive,,,backtest_2025-08-26_15-44-22.csv
2025-08-25 14:57:38,PUMPUSDT,Neutral,28,5.0,False,58.48414055264375,0.7554933148913661,8.14416362780773e-07,10.0,,True,False,True,0.00285,0.00287,0.00283,Inconclusive,,,backtest_2025-08-26_15-44-22.csv
2025-08-25 14:57:38,FILUSDT,Neutral,11,5.0,False,49.76921732356089,0.5101047820762122,5.865077836945682e-05,10.0,,False,False,True,2.296,2.3124,2.2796,Inconclusive,,,backtest_2025-08-26_15-44-22.csv
2025-08-25 14:57:38,WLDUSDT,Buy,47,5.0,False,76.65865068891901,1.0227609736737795,0.0035799136449833,10.0,1.0,True,False,True,0.9554,0.962224,0.948576,Fail,1.0,No,backtest_2025-08-26_15-44-22.csv
2025-08-25 14:57:38,NEOUSDT,Neutral,13,5.0,False,40.52778236751154,0.3285330766833151,-0.0002539380117034,10.0,,False,False,True,7.691,7.745936,7.636064,Inconclusive,,,backtest_2025-08-26_15-44-22.csv
2025-08-25 14:57:38,TRXUSDT,Neutral,13,5.0,False,46.57375191941022,0.2338510678673327,-0.0001786018866804,10.0,,False,False,True,0.35297,0.355491,0.350449,Inconclusive,,,backtest_2025-08-26_15-44-22.csv
2025-08-25 14:57:38,1000SHIBUSDT,Neutral,28,5.0,False,52.539912185419766,0.6120857037209818,3.202533607351936e-07,10.0,,True,False,True,0.012439,0.012528,0.01235,Inconclusive,,,backtest_2025-08-26_15-44-22.csv
2025-08-25 14:57:38,CRVUSDT,Neutral,28,5.0,False,61.129438866738575,0.7620009568003293,0.0006907224468528,10.0,,True,False,True,0.846,0.852043,0.839957,Inconclusive,,,backtest_2025-08-26_15-44-22.csv
2025-08-25 14:57:38,HBARUSDT,Neutral,28,5.0,False,56.283421255184535,0.6487055531290318,1.7780276879044007e-06,10.0,,True,False,True,0.23985,0.241563,0.238137,Inconclusive,,,backtest_2025-08-26_15-44-22.csv
2025-08-25 14:57:38,NEARUSDT,Neutral,13,5.0,False,48.950682130470966,0.457147459746367,-0.0005692812987452,10.0,,False,False,True,2.507,2.524907,2.489093,Inconclusive,,,backtest_2025-08-26_15-44-22.csv
2025-08-25 14:57:38,LDOUSDT,Buy,47,5.0,False,58.04685361060688,0.811733104956543,0.0005368777107292,10.0,1.0,True,False,True,1.3634,1.373139,1.353661,Fail,15.0,No,backtest_2025-08-26_15-44-22.csv
2025-08-25 14:57:38,BCHUSDT,Neutral,19,5.0,False,50.06106131741719,0.4344106729984029,-0.0859810495363615,10.0,,True,False,True,564.47,568.501929,560.438071,Inconclusive,,,backtest_2025-08-26_15-44-22.csv
2025-08-25 14:57:38,OPUSDT,Neutral,28,5.0,False,52.42425316324912,0.591802094373456,4.101968153587396e-05,10.0,,True,False,True,0.7327,0.737934,0.727466,Inconclusive,,,backtest_2025-08-26_15-44-22.csv
2025-08-25 14:57:38,ONDOUSDT,Neutral,28,5.0,False,54.30928224377748,0.6957047483769934,0.0002897998352386,10.0,,True,False,True,0.9314,0.938053,0.924747,Inconclusive,,,backtest_2025-08-26_15-44-22.csv
2025-08-25 14:57:38,ETHFIUSDT,Neutral,21,5.0,False,52.28556743381252,0.719246595798539,0.0008987126544771,10.0,,False,False,True,1.1752,1.183594,1.166806,Inconclusive,,,backtest_2025-08-26_15-44-22.csv
2025-08-25 14:57:38,BIDUSDT,Neutral,30,5.0,False,48.816881531821416,0.3824703127191701,-0.0001526805345184,10.0,,True,False,True,0.103,0.103736,0.102264,Inconclusive,,,backtest_2025-08-26_15-44-22.csv
2025-08-25 14:57:38,XLMUSDT,Neutral,30,5.0,False,52.36872413933811,0.5404073561212197,-9.616874018413349e-05,10.0,,True,False,True,0.39538,0.398204,0.392556,Inconclusive,,,backtest_2025-08-26_15-44-22.csv
2025-08-25 14:57:38,TIAUSDT,Neutral,28,5.0,False,56.12472090403463,0.6759743985931589,0.0004938475664973,10.0,,True,False,True,1.7227,1.735005,1.710395,Inconclusive,,,backtest_2025-08-26_15-44-22.csv
2025-08-25 14:57:38,APTUSDT,Neutral,30,5.0,False,53.9352883501108,0.5796764344332047,-0.000541973131809,10.0,,True,False,True,4.4356,4.467283,4.403917,Inconclusive,,,backtest_2025-08-26_15-44-22.csv
2025-08-25 14:57:38,XPLUSDT,Neutral,30,5.0,False,62.91202269976219,0.6506565354476708,-0.0008270406402943,10.0,,True,False,True,0.5713,0.575381,0.567219,Inconclusive,,,backtest_2025-08-26_15-44-22.csv
2025-08-25 14:57:38,BOMEUSDT,Neutral,13,5.0,False,43.6145024806319,0.2221701076837376,-1.2595606665635052e-06,10.0,,False,False,True,0.002161,0.002176,0.002146,Inconclusive,,,backtest_2025-08-26_15-44-22.csv
2025-08-25 14:57:38,MYXUSDT,Neutral,28,5.0,False,58.06956004827971,0.6988448001842408,0.0010492769477747,10.0,,True,False,True,1.173,1.181379,1.164621,Inconclusive,,,backtest_2025-08-26_15-44-22.csv
2025-08-25 14:57:38,TAOUSDT,Neutral,28,5.0,False,54.79019218214222,0.7227478010379125,0.1704433083503809,10.0,,True,False,True,342.99,345.439929,340.540071,Inconclusive,,,backtest_2025-08-26_15-44-22.csv
2025-08-25 14:57:38,INJUSDT,Neutral,21,5.0,False,55.10335513804796,0.6578732915183518,0.0043353840525494,10.0,,False,False,True,13.509,13.605493,13.412507,Inconclusive,,,backtest_2025-08-26_15-44-22.csv
2025-08-25 14:57:38,SEIUSDT,Neutral,30,5.0,False,51.27034940277884,0.5654158500596645,-1.1627958261347824e-06,10.0,,True,False,True,0.2972,0.299323,0.295077,Inconclusive,,,backtest_2025-08-26_15-44-22.csv
2025-08-25 14:57:38,VIRTUALUSDT,Neutral,19,5.0,False,46.60322791773734,0.3681576753102177,-5.5699647115962144e-05,10.0,,True,False,True,1.182,1.190443,1.173557,Inconclusive,,,backtest_2025-08-26_15-44-22.csv
2025-08-25 14:57:38,ZORAUSDT,Buy,47,5.0,False,76.05354640595233,1.0348284923507491,0.0006382060413546,10.0,1.0,True,False,True,0.11608,0.116909,0.115251,Success,3.0,,backtest_2025-08-26_15-44-22.csv
2025-08-25 14:57:38,ALGOUSDT,Buy,47,5.0,False,66.67701197116835,0.855811601514469,0.0003225794160282,10.0,1.0,True,False,True,0.263,0.264879,0.261121,Fail,12.0,No,backtest_2025-08-26_15-44-22.csv
2025-08-25 14:57:38,PENDLEUSDT,Neutral,30,5.0,False,51.06163464758487,0.5406162637789003,-0.0006946225574892,10.0,,True,False,True,5.4547,5.493662,5.415738,Inconclusive,,,backtest_2025-08-26_15-44-22.csv
2025-08-25 14:57:38,ONGUSDT,Neutral,11,5.0,False,48.779693667202,0.6540336231477604,0.000311580396926,10.0,,False,False,True,0.20371,0.205165,0.202255,Inconclusive,,,backtest_2025-08-26_15-44-22.csv
2025-08-25 14:57:38,GALAUSDT,Neutral,19,5.0,False,49.428086887891766,0.4954743839740976,-1.2371061485841989e-06,10.0,,True,False,True,0.01693,0.017051,0.016809,Inconclusive,,,backtest_2025-08-26_15-44-22.csv
2025-08-25 14:57:38,TONUSDT,Neutral,28,5.0,False,57.78484654393465,0.6865947861767676,0.0007315017347032,10.0,,True,False,True,3.2268,3.249849,3.203751,Inconclusive,,,backtest_2025-08-26_15-44-22.csv
2025-08-25 14:57:38,CFXUSDT,Neutral,13,5.0,False,45.20813600222691,0.1940827894170845,-0.0001392202770532,10.0,,False,False,True,0.17805,0.179322,0.176778,Inconclusive,,,backtest_2025-08-26_15-44-22.csv
2025-08-25 14:57:38,PNUTUSDT,Neutral,28,5.0,False,51.812094464835454,0.5932121314420163,2.9972318930247355e-05,10.0,,True,False,True,0.21608,0.217623,0.214537,Inconclusive,,,backtest_2025-08-26_15-44-22.csv
2025-08-25 14:57:38,ATOMUSDT,Neutral,30,5.0,False,56.72876118928364,0.5373895686729482,-0.0028828685292662,10.0,,True,False,True,4.635,4.668107,4.601893,Inconclusive,,,backtest_2025-08-26_15-44-22.csv
2025-08-25 15:25:58,ETHUSDT,Neutral,23,5.0,False,47.63742292365215,0.2603819752708217,-4.119539149791399,10.0,,False,False,True,4635.41,4668.520071,4602.299929,Inconclusive,,,backtest_2025-08-26_15-44-30.csv
2025-08-25 15:25:58,BTCUSDT,Buy,47,5.0,False,62.96842119380934,0.8188014007273545,9.781140024236464,10.0,1.0,True,False,True,112332.4,113134.774286,111530.025714,Fail,245.0,No,backtest_2025-08-26_15-44-30.csv
2025-08-25 15:25:58,SOLUSDT,Neutral,19,5.0,False,46.43921579254619,0.241539151396927,-0.1454892649508216,10.0,,True,False,True,197.27,198.679071,195.860929,Inconclusive,,,backtest_2025-08-26_15-44-30.csv
2025-08-25 15:25:58,XRPUSDT,Neutral,30,5.0,False,53.59811812104899,0.6415199533207351,-5.597173482589039e-05,10.0,,True,False,True,2.9611,2.982251,2.939949,Inconclusive,,,backtest_2025-08-26_15-44-30.csv
2025-08-25 15:25:58,DOGEUSDT,Neutral,13,5.0,False,47.96647646354023,0.3543898729807158,-7.977508876261038e-05,10.0,,False,False,True,0.21935,0.220917,0.217783,Inconclusive,,,backtest_2025-08-26_15-44-30.csv
2025-08-25 15:25:58,ADAUSDT,Neutral,30,5.0,False,50.80892106753516,0.4933329570453577,-0.0001589561095801,10.0,,True,False,True,0.8688,0.875006,0.862594,Inconclusive,,,backtest_2025-08-26_15-44-30.csv
2025-08-25 15:25:58,LINKUSDT,Neutral,21,5.0,False,53.42012357572923,0.6617918440455363,0.0038785741947687,10.0,,False,False,True,24.573,24.748521,24.397479,Inconclusive,,,backtest_2025-08-26_15-44-30.csv
2025-08-25 15:25:58,1000PEPEUSDT,Neutral,13,5.0,False,42.69825607553713,0.1257432582741303,-9.110397913094568e-06,10.0,,False,False,True,0.010169,0.010242,0.010097,Inconclusive,,,backtest_2025-08-26_15-44-30.csv
2025-08-25 15:25:58,BIOUSDT,Buy,45,5.0,False,16.946296843741948,0.0423460023109476,-0.002650431415731,10.0,1.0,False,True,True,0.20458,0.206041,0.203119,Fail,0.0,Yes,backtest_2025-08-26_15-44-30.csv
2025-08-25 15:25:58,SUIUSDT,Neutral,30,5.0,False,51.1097609998919,0.4495415286256048,-0.00114119208654,10.0,,True,False,True,3.483,3.507879,3.458121,Inconclusive,,,backtest_2025-08-26_15-44-30.csv
2025-08-25 15:25:58,ENAUSDT,Buy,47,5.0,False,58.26632311910672,0.8616946545513762,0.0001902637742319,10.0,1.0,True,False,True,0.6497,0.654341,0.645059,Success,17.0,,backtest_2025-08-26_15-44-30.csv
2025-08-25 15:25:58,BNBUSDT,Neutral,30,5.0,False,54.27147702645168,0.5014187640747713,-0.5038628758294386,10.0,,True,False,True,867.2,873.394286,861.005714,Inconclusive,,,backtest_2025-08-26_15-44-30.csv
2025-08-25 15:25:58,AVAXUSDT,Neutral,30,5.0,False,49.68603026695994,0.3618036727650888,-0.0167273283701723,10.0,,True,False,True,24.329,24.502779,24.155221,Inconclusive,,,backtest_2025-08-26_15-44-30.csv
2025-08-25 15:25:58,PROMPTUSDT,Neutral,13,5.0,False,46.2321129563599,0.3172145844305319,-0.0008132246191049,10.0,,False,False,True,0.3374,0.33981,0.33499,Inconclusive,,,backtest_2025-08-26_15-44-30.csv
2025-08-25 15:25:58,ONTUSDT,Buy,53,5.0,False,32.72230479746027,-0.0097542902299814,-0.0006103422488999,10.0,1.0,False,True,True,0.1909,0.192264,0.189536,Success,4.0,,backtest_2025-08-26_15-44-30.csv
2025-08-25 15:25:58,WLFIUSDT,Neutral,19,5.0,False,44.3821640206786,0.1257664042677989,-0.0006348439040244,10.0,,True,False,True,0.2126,0.214119,0.211081,Inconclusive,,,backtest_2025-08-26_15-44-30.csv
2025-08-25 15:25:58,FARTCOINUSDT,Neutral,13,5.0,False,45.54546573167492,0.2671408090201064,-0.0004364365883791,10.0,,False,False,True,0.8787,0.884976,0.872424,Inconclusive,,,backtest_2025-08-26_15-44-30.csv
2025-08-25 15:25:58,LTCUSDT,Neutral,30,5.0,False,54.94579879084383,0.6281864371294789,-0.014385061491377,10.0,,True,False,True,112.23,113.031643,111.428357,Inconclusive,,,backtest_2025-08-26_15-44-30.csv
2025-08-25 15:25:58,HYPEUSDT,Neutral,30,5.0,False,55.91957542230636,0.5562697967321095,-0.0331002440433638,10.0,,True,False,True,46.261,46.591436,45.930564,Inconclusive,,,backtest_2025-08-26_15-44-30.csv
2025-08-25 15:25:58,ARBUSDT,Neutral,13,5.0,False,43.87229278072453,0.2166129631753826,-0.0006772914015818,10.0,,False,False,True,0.5459,0.549799,0.542001,Inconclusive,,,backtest_2025-08-26_15-44-30.csv
2025-08-25 15:25:58,QTUMUSDT,Buy,45,5.0,False,27.91062397787138,0.1087250007605459,-0.0094413394475706,10.0,1.0,False,True,True,3.026,3.047614,3.004386,Fail,9.0,Yes,backtest_2025-08-26_15-44-30.csv
2025-08-25 15:25:58,WIFUSDT,Neutral,13,5.0,False,43.47281354383334,0.1987619699776145,-0.0004952790977288,10.0,,False,False,True,0.817,0.822836,0.811164,Inconclusive,,,backtest_2025-08-26_15-44-30.csv
2025-08-25 15:25:58,AAVEUSDT,Neutral,13,5.0,False,50.173332552570464,0.4990656600183479,-0.0022983117394486,10.0,,False,False,True,326.84,329.174571,324.505429,Inconclusive,,,backtest_2025-08-26_15-44-30.csv
2025-08-25 15:25:58,MEMEUSDT,Strong Buy,79,5.0,True,28.328776108887155,-0.1323943653843152,-1.3165768741768628e-05,10.0,2.0,True,True,True,0.003469,0.003494,0.003444,Success,0.0,,backtest_2025-08-26_15-44-30.csv
2025-08-25 15:25:58,PENGUUSDT,Neutral,13,5.0,False,46.36019064498644,0.2658818190131644,-2.2656311101116247e-05,10.0,,False,False,True,0.031609,0.031835,0.031383,Inconclusive,,,backtest_2025-08-26_15-44-30.csv
2025-08-25 15:25:58,DOTUSDT,Neutral,13,5.0,False,48.18156291214022,0.3118870376663614,-0.0021632248063134,10.0,,False,False,True,3.896,3.923829,3.868171,Inconclusive,,,backtest_2025-08-26_15-44-30.csv
2025-08-25 15:25:58,UNIUSDT,Neutral,13,5.0,False,44.342287820376974,0.2716306575989862,-0.003057466880276,10.0,,False,False,True,10.168,10.240629,10.095371,Inconclusive,,,backtest_2025-08-26_15-44-30.csv
2025-08-25 15:25:58,TRUMPUSDT,Neutral,23,5.0,False,51.43402552225947,0.384046989626665,-0.0045493660583366,10.0,,False,False,True,8.433,8.493236,8.372764,Inconclusive,,,backtest_2025-08-26_15-44-30.csv
2025-08-25 15:25:58,SPKUSDT,Neutral,25,5.0,False,35.94573326585909,0.0008460870765342,-0.0008564452843477,10.0,,False,True,True,0.07694,0.07749,0.07639,Inconclusive,,,backtest_2025-08-26_15-44-30.csv
2025-08-25 15:25:58,1000BONKUSDT,Neutral,19,5.0,False,47.5250826063954,0.3740809198501747,-4.72251263493047e-06,10.0,,True,False,True,0.021015,0.021165,0.020865,Inconclusive,,,backtest_2025-08-26_15-44-30.csv
2025-08-25 15:25:58,ETCUSDT,Neutral,13,5.0,False,47.90410602281173,0.4113476206710957,-0.0013007963946808,10.0,,False,False,True,21.873,22.029236,21.716764,Inconclusive,,,backtest_2025-08-26_15-44-30.csv
2025-08-25 15:25:58,WLDUSDT,Neutral,30,5.0,False,54.27786658988615,0.5527007288143989,-0.0008178887919529,10.0,,True,False,True,0.9345,0.941175,0.927825,Inconclusive,,,backtest_2025-08-26_15-44-30.csv
2025-08-25 15:25:58,PUMPUSDT,Buy,47,5.0,False,68.84686952557233,0.99082382218912,4.117447824343758e-06,10.0,1.0,True,False,True,0.002901,0.002922,0.00288,Success,5.0,,backtest_2025-08-26_15-44-30.csv
2025-08-25 15:25:58,FILUSDT,Neutral,13,5.0,False,42.477352417047406,0.1475055920700044,-0.001734717552071,10.0,,False,False,True,2.282,2.2983,2.2657,Inconclusive,,,backtest_2025-08-26_15-44-30.csv
2025-08-25 15:25:58,NEOUSDT,Neutral,25,5.0,False,32.704702815137296,0.1813384645535136,-0.008818544240601,10.0,,False,False,True,7.553,7.60695,7.49905,Inconclusive,,,backtest_2025-08-26_15-44-30.csv
2025-08-25 15:25:58,XNYUSDT,Neutral,19,5.0,False,40.724078657023874,0.2027163318213602,-1.8968050604134312e-06,10.0,,True,False,True,0.006368,0.006413,0.006323,Inconclusive,,,backtest_2025-08-26_15-44-30.csv
2025-08-25 15:25:58,TRXUSDT,Neutral,13,5.0,False,47.3393872938878,0.3564115347232379,-8.028315829947827e-05,10.0,,False,False,True,0.35294,0.355461,0.350419,Inconclusive,,,backtest_2025-08-26_15-44-30.csv
2025-08-25 15:25:58,1000SHIBUSDT,Neutral,13,5.0,False,46.334132816719176,0.2908130297994452,-6.921264980432463e-06,10.0,,False,False,True,0.012389,0.012477,0.012301,Inconclusive,,,backtest_2025-08-26_15-44-30.csv
2025-08-25 15:25:58,CRVUSDT,Neutral,30,5.0,False,54.29098848760767,0.5058099031332024,-0.000648420781272,10.0,,True,False,True,0.842,0.848014,0.835986,Inconclusive,,,backtest_2025-08-26_15-44-30.csv
2025-08-25 15:25:58,HBARUSDT,Neutral,30,5.0,False,54.20008419153803,0.4936100479842851,-0.0001516533376981,10.0,,True,False,True,0.23954,0.241251,0.237829,Inconclusive,,,backtest_2025-08-26_15-44-30.csv
2025-08-25 15:25:58,NEARUSDT,Neutral,13,5.0,False,41.71941876433818,0.1749974139707924,-0.0020976071624019,10.0,,False,False,True,2.492,2.5098,2.4742,Inconclusive,,,backtest_2025-08-26_15-44-30.csv
2025-08-25 15:25:58,LDOUSDT,Neutral,23,5.0,False,48.99397540800084,0.3542399603908894,-0.0006976252541944,10.0,,False,False,True,1.357,1.366693,1.347307,Inconclusive,,,backtest_2025-08-26_15-44-30.csv
2025-08-25 15:25:58,BCHUSDT,Neutral,13,5.0,False,48.32352833682345,0.4196621989590136,-0.0605140373720665,10.0,,False,False,True,563.9,567.927857,559.872143,Inconclusive,,,backtest_2025-08-26_15-44-30.csv
2025-08-25 15:25:58,ONDOUSDT,Neutral,30,5.0,False,53.68075260609979,0.5985792415170967,-0.0001667486140408,10.0,,True,False,True,0.9309,0.937549,0.924251,Inconclusive,,,backtest_2025-08-26_15-44-30.csv
2025-08-25 15:25:58,OPUSDT,Neutral,13,5.0,False,45.050083740526304,0.2049810925975104,-0.0006631366249937,10.0,,False,False,True,0.7287,0.733905,0.723495,Inconclusive,,,backtest_2025-08-26_15-44-30.csv
2025-08-25 15:25:58,ETHFIUSDT,Neutral,13,5.0,False,43.832064660542926,0.2433967614479043,-0.0008395451856211,10.0,,False,False,True,1.1653,1.173624,1.156976,Inconclusive,,,backtest_2025-08-26_15-44-30.csv
2025-08-25 15:25:58,BIDUSDT,Neutral,30,5.0,False,54.86000311974424,0.5528796540415023,-4.1679387849218974e-05,10.0,,True,False,True,0.10368,0.104421,0.102939,Inconclusive,,,backtest_2025-08-26_15-44-30.csv
2025-08-25 15:25:58,XLMUSDT,Neutral,30,5.0,False,53.380477742299824,0.5227182068266055,-0.0001577844055623,10.0,,True,False,True,0.39557,0.398395,0.392744,Inconclusive,,,backtest_2025-08-26_15-44-30.csv
2025-08-25 15:25:58,TIAUSDT,Neutral,30,5.0,False,54.34266903238224,0.5419957301336155,-0.0007045297590422,10.0,,True,False,True,1.7211,1.733394,1.708806,Inconclusive,,,backtest_2025-08-26_15-44-30.csv
2025-08-25 15:25:58,APTUSDT,Neutral,30,5.0,False,50.55063440200716,0.3383875017898186,-0.0031574739146249,10.0,,True,False,True,4.4276,4.459226,4.395974,Inconclusive,,,backtest_2025-08-26_15-44-30.csv
2025-08-25 15:25:58,BOMEUSDT,Neutral,25,5.0,False,34.86340576744607,0.0356075210845893,-6.2672395370552575e-06,10.0,,False,True,True,0.002126,0.002141,0.002111,Inconclusive,,,backtest_2025-08-26_15-44-30.csv
2025-08-25 15:25:58,MYXUSDT,Neutral,30,5.0,False,60.40368094574293,0.7287014211196845,-0.0001560372317043,10.0,,True,False,True,1.1803,1.188731,1.171869,Inconclusive,,,backtest_2025-08-26_15-44-30.csv
2025-08-25 15:25:58,TAOUSDT,Neutral,30,5.0,False,51.745233605406206,0.5287026681378901,-0.1079645058466661,10.0,,True,False,True,342.38,344.825571,339.934429,Inconclusive,,,backtest_2025-08-26_15-44-30.csv
2025-08-25 15:25:58,XPLUSDT,Neutral,30,5.0,False,59.87754495520108,0.4812924377238513,-0.0010726442465099,10.0,,True,False,True,0.5707,0.574776,0.566624,Inconclusive,,,backtest_2025-08-26_15-44-30.csv
2025-08-25 15:25:58,INJUSDT,Neutral,30,5.0,False,56.12228020046517,0.6645914892566754,-0.0027831986330814,10.0,,True,False,True,13.53,13.626643,13.433357,Inconclusive,,,backtest_2025-08-26_15-44-30.csv
2025-08-25 15:25:58,SEIUSDT,Neutral,30,5.0,False,50.732651656875554,0.4578444871589354,-0.0001180893083319,10.0,,True,False,True,0.297,0.299121,0.294879,Inconclusive,,,backtest_2025-08-26_15-44-30.csv
2025-08-25 15:25:58,VIRTUALUSDT,Neutral,13,5.0,False,46.03084665101975,0.283403419272607,-0.0003460200489304,10.0,,False,False,True,1.1804,1.188831,1.171969,Inconclusive,,,backtest_2025-08-26_15-44-30.csv
2025-08-25 15:25:58,ZORAUSDT,Neutral,28,5.0,False,66.10759537033918,0.734059214445117,0.0002314966033844,10.0,,True,False,True,0.11575,0.116577,0.114923,Inconclusive,,,backtest_2025-08-26_15-44-30.csv
2025-08-25 15:25:58,ALGOUSDT,Neutral,30,5.0,False,60.52241055594312,0.7244279528429307,-8.908815319171211e-05,10.0,,True,False,True,0.2625,0.264375,0.260625,Inconclusive,,,backtest_2025-08-26_15-44-30.csv
2025-08-25 15:25:58,PENDLEUSDT,Neutral,19,5.0,False,47.59353311520841,0.3072953248554841,-0.0030003470561783,10.0,,True,False,True,5.4424,5.481274,5.403526,Inconclusive,,,backtest_2025-08-26_15-44-30.csv
2025-08-25 15:25:58,ONGUSDT,Strong Buy,79,5.0,True,28.415147593329564,-0.0204515966903312,-0.0005746364187665,10.0,2.0,True,True,True,0.19616,0.197561,0.194759,Success,27.0,,backtest_2025-08-26_15-44-30.csv
2025-08-25 15:25:58,GALAUSDT,Neutral,19,5.0,False,50.21428449881467,0.4463709367388854,-7.583058505285943e-06,10.0,,True,False,True,0.01693,0.017051,0.016809,Inconclusive,,,backtest_2025-08-26_15-44-30.csv
2025-08-25 15:25:58,TONUSDT,Buy,49,5.0,False,62.13842310112626,0.8305704963487522,-0.0002179130614958,10.0,1.0,True,False,True,3.2337,3.256798,3.210602,Fail,32.0,No,backtest_2025-08-26_15-44-30.csv
2025-08-25 15:25:58,CFXUSDT,Neutral,13,5.0,False,44.42489916208123,0.2828189565530139,-0.000166927073054,10.0,,False,False,True,0.17761,0.178879,0.176341,Inconclusive,,,backtest_2025-08-26_15-44-30.csv
2025-08-25 15:25:58,PNUTUSDT,Neutral,13,5.0,False,48.62105184778778,0.3467487913250163,-0.0001902642331974,10.0,,False,False,True,0.21524,0.216777,0.213703,Inconclusive,,,backtest_2025-08-26_15-44-30.csv
2025-08-25 15:25:58,ATOMUSDT,Neutral,30,5.0,False,58.73235676233324,0.6176725978983055,-0.0031379522372844,10.0,,True,False,True,4.642,4.675157,4.608843,Inconclusive,,,backtest_2025-08-26_15-44-30.csv
2025-08-25 16:06:49,ETHUSDT,Neutral,25,5.0,False,37.23187310767826,0.0874303321675667,-5.231008471352781,10.0,,False,False,True,4600.81,4633.672929,4567.947071,Inconclusive,,,backtest_2025-08-26_15-44-37.csv
2025-08-25 16:06:49,BTCUSDT,Neutral,30,5.0,False,52.98942469985285,0.4083881543726185,-42.33904645795821,10.0,,True,False,True,112132.9,112933.849286,111331.950714,Inconclusive,,,backtest_2025-08-26_15-44-37.csv
2025-08-25 16:06:49,SOLUSDT,Neutral,25,5.0,False,38.831784735160426,0.084976034206061,-0.1827905239497375,10.0,,False,False,True,196.1,197.500714,194.699286,Inconclusive,,,backtest_2025-08-26_15-44-37.csv
2025-08-25 16:06:49,XRPUSDT,Neutral,13,5.0,False,40.75785867871297,0.0264063425036636,-0.0022975764287815,10.0,,False,True,True,2.9444,2.965431,2.923369,Inconclusive,,,backtest_2025-08-26_15-44-37.csv
2025-08-25 16:06:49,DOGEUSDT,Neutral,25,5.0,False,36.4513847464389,0.0003973275192275,-0.0002370723095537,10.0,,False,True,True,0.21746,0.219013,0.215907,Inconclusive,,,backtest_2025-08-26_15-44-37.csv
2025-08-25 16:06:49,ADAUSDT,Neutral,13,5.0,False,42.00927351663259,0.1038417595718289,-0.001019255948506,10.0,,False,False,True,0.8626,0.868761,0.856439,Inconclusive,,,backtest_2025-08-26_15-44-37.csv
2025-08-25 16:06:49,LINKUSDT,Buy,53,5.0,False,38.80489156841271,-0.0156977326324031,-0.028936455997031,10.0,1.0,False,True,True,24.34,24.513857,24.166143,Success,0.0,,backtest_2025-08-26_15-44-37.csv
2025-08-25 16:06:49,1000PEPEUSDT,Neutral,25,5.0,False,36.9857683678285,0.0937158771681823,-8.561107093444642e-06,10.0,,False,False,True,0.010107,0.01018,0.010035,Inconclusive,,,backtest_2025-08-26_15-44-37.csv
2025-08-25 16:06:49,BIOUSDT,Neutral,25,5.0,False,32.10409201590508,0.2913521637920722,-0.0007571458738152,10.0,,False,False,True,0.20072,0.202154,0.199286,Inconclusive,,,backtest_2025-08-26_15-44-37.csv
2025-08-25 16:06:49,SUIUSDT,Neutral,25,5.0,False,38.91694276404601,0.0040566601096644,-0.0040921544470866,10.0,,False,True,True,3.452,3.476657,3.427343,Inconclusive,,,backtest_2025-08-26_15-44-37.csv
2025-08-25 16:06:49,ENAUSDT,Neutral,30,5.0,False,50.78151987864792,0.5065386099649402,-0.0003336484540162,10.0,,True,False,True,0.6488,0.653434,0.644166,Inconclusive,,,backtest_2025-08-26_15-44-37.csv
2025-08-25 16:06:49,BNBUSDT,Neutral,30,5.0,False,47.07694991199124,0.2522281796410017,-0.7569441285462174,10.0,,True,False,True,864.32,870.493714,858.146286,Inconclusive,,,backtest_2025-08-26_15-44-37.csv
2025-08-25 16:06:49,AVAXUSDT,Neutral,25,5.0,False,38.80773480066179,0.0840806540447445,-0.029901928167003,10.0,,False,False,True,24.11,24.282214,23.937786,Inconclusive,,,backtest_2025-08-26_15-44-37.csv
2025-08-25 16:06:49,ONTUSDT,Neutral,11,5.0,False,50.51140375742587,0.5966499233748358,0.0007471418804995,10.0,,False,False,True,0.1973,0.198709,0.195891,Inconclusive,,,backtest_2025-08-26_15-44-37.csv
2025-08-25 16:06:49,PROMPTUSDT,Neutral,25,5.0,False,33.25110246644931,0.0334153455327089,-0.0010293354179904,10.0,,False,True,True,0.3246,0.326919,0.322281,Inconclusive,,,backtest_2025-08-26_15-44-37.csv
2025-08-25 16:06:49,WLFIUSDT,Neutral,19,5.0,False,45.45407270727851,0.2799970456411429,-0.0005032257360199,10.0,,True,False,True,0.212,0.213514,0.210486,Inconclusive,,,backtest_2025-08-26_15-44-37.csv
2025-08-25 16:06:49,FARTCOINUSDT,Neutral,13,5.0,False,42.08021714341959,0.1563891627693759,-0.0008859843893876,10.0,,False,False,True,0.8719,0.878128,0.865672,Inconclusive,,,backtest_2025-08-26_15-44-37.csv
2025-08-25 16:06:49,LTCUSDT,Neutral,13,5.0,False,43.626135993269486,0.1202364916444653,-0.0920647128320419,10.0,,False,False,True,111.56,112.356857,110.763143,Inconclusive,,,backtest_2025-08-26_15-44-37.csv
2025-08-25 16:06:49,HYPEUSDT,Neutral,30,5.0,False,46.49133732782021,0.2212807708011138,-0.0675110279509575,10.0,,True,False,True,45.906,46.2339,45.5781,Inconclusive,,,backtest_2025-08-26_15-44-37.csv
2025-08-25 16:06:49,ARBUSDT,Neutral,25,5.0,False,36.86302262653403,0.120415005182364,-0.0008032747711933,10.0,,False,False,True,0.5404,0.54426,0.53654,Inconclusive,,,backtest_2025-08-26_15-44-37.csv
2025-08-25 16:06:49,QTUMUSDT,Neutral,25,5.0,False,30.304920477949167,0.2734722636210784,-0.0014433826155245,10.0,,False,False,True,3.002,3.023443,2.980557,Inconclusive,,,backtest_2025-08-26_15-44-37.csv
2025-08-25 16:06:49,WIFUSDT,Neutral,25,5.0,False,31.904044193629066,0.0614443031714288,-0.0012043128130444,10.0,,False,False,True,0.8057,0.811455,0.799945,Inconclusive,,,backtest_2025-08-26_15-44-37.csv
2025-08-25 16:06:49,AAVEUSDT,Neutral,13,5.0,False,41.5751948780158,0.1270108147513337,-0.147925045622387,10.0,,False,False,True,325.07,327.391929,322.748071,Inconclusive,,,backtest_2025-08-26_15-44-37.csv
2025-08-25 16:06:49,MEMEUSDT,Neutral,25,5.0,False,38.921441726671375,0.3399099443125962,-5.044376251456316e-06,10.0,,False,False,True,0.003446,0.003471,0.003421,Inconclusive,,,backtest_2025-08-26_15-44-37.csv
2025-08-25 16:06:49,PENGUUSDT,Neutral,25,5.0,False,34.144319148994086,0.0849321151730098,-5.678989485221215e-05,10.0,,False,False,True,0.031149,0.031371,0.030927,Inconclusive,,,backtest_2025-08-26_15-44-37.csv
2025-08-25 16:06:49,SPKUSDT,Buy,45,5.0,False,29.95368897184639,0.1321657308317717,-0.0008530572354711,10.0,1.0,False,True,True,0.07187,0.072383,0.071357,Fail,1.0,Yes,backtest_2025-08-26_15-44-37.csv
2025-08-25 16:06:49,UNIUSDT,Neutral,25,5.0,False,38.417562222431,0.1474189796160615,-0.0063705228599755,10.0,,False,False,True,10.104,10.176171,10.031829,Inconclusive,,,backtest_2025-08-26_15-44-37.csv
2025-08-25 16:06:49,DOTUSDT,Neutral,25,5.0,False,34.93716101845456,0.0433928837963969,-0.0050061427985073,10.0,,False,True,True,3.856,3.883543,3.828457,Inconclusive,,,backtest_2025-08-26_15-44-37.csv
2025-08-25 16:06:49,TRUMPUSDT,Neutral,13,5.0,False,41.4517260034139,0.0977431354223842,-0.0066992106862863,10.0,,False,False,True,8.391,8.450936,8.331064,Inconclusive,,,backtest_2025-08-26_15-44-37.csv
2025-08-25 16:06:49,1000BONKUSDT,Neutral,25,5.0,False,36.36644231683818,0.0508815767282164,-2.3838452384820147e-05,10.0,,False,False,True,0.02079,0.020938,0.020642,Inconclusive,,,backtest_2025-08-26_15-44-37.csv
2025-08-25 16:06:49,ETCUSDT,Neutral,13,5.0,False,40.4715896401525,0.0905858980469122,-0.010055778708837,10.0,,False,False,True,21.731,21.886221,21.575779,Inconclusive,,,backtest_2025-08-26_15-44-37.csv
2025-08-25 16:06:49,WLDUSDT,Neutral,13,5.0,False,44.9408380301725,0.2282235880807255,-0.0020096922590854,10.0,,False,False,True,0.9245,0.931104,0.917896,Inconclusive,,,backtest_2025-08-26_15-44-37.csv
2025-08-25 16:06:49,PUMPUSDT,Neutral,30,5.0,False,53.30170597041655,0.5147428839187265,-4.060098236449616e-06,10.0,,True,False,True,0.002878,0.002899,0.002857,Inconclusive,,,backtest_2025-08-26_15-44-37.csv
2025-08-25 16:06:49,FILUSDT,Neutral,25,5.0,False,37.5026680333842,0.1399734322363853,-0.0015339632627348,10.0,,False,False,True,2.269,2.285207,2.252793,Inconclusive,,,backtest_2025-08-26_15-44-37.csv
2025-08-25 16:06:49,NEOUSDT,Neutral,23,5.0,False,33.62257715939019,0.2834423060091864,0.001345591874598,10.0,,False,False,True,7.493,7.546521,7.439479,Inconclusive,,,backtest_2025-08-26_15-44-37.csv
2025-08-25 16:06:49,XNYUSDT,Buy,43,5.0,False,55.26751205714393,0.924889684154761,2.387330500128949e-05,10.0,1.0,True,False,True,0.00658,0.006627,0.006533,Success,0.0,,backtest_2025-08-26_15-44-37.csv
2025-08-25 16:06:49,TRXUSDT,Neutral,19,5.0,False,40.307302467496726,0.1109765789603573,-8.428902115703162e-05,10.0,,True,False,True,0.35198,0.354494,0.349466,Inconclusive,,,backtest_2025-08-26_15-44-37.csv
2025-08-25 16:06:49,1000SHIBUSDT,Neutral,13,5.0,False,40.27822050527179,0.1748247563574317,-9.481661097063677e-06,10.0,,False,False,True,0.012316,0.012404,0.012228,Inconclusive,,,backtest_2025-08-26_15-44-37.csv
2025-08-25 16:06:49,HBARUSDT,Neutral,19,5.0,False,43.27681972634157,0.1261887982876968,-0.0002984369241285,10.0,,True,False,True,0.23765,0.239347,0.235953,Inconclusive,,,backtest_2025-08-26_15-44-37.csv
2025-08-25 16:06:49,CRVUSDT,Neutral,13,5.0,False,47.56725400591672,0.1993344469767415,-0.0009845927957669,10.0,,False,False,True,0.838,0.843986,0.832014,Inconclusive,,,backtest_2025-08-26_15-44-37.csv
2025-08-25 16:06:49,NEARUSDT,Neutral,25,5.0,False,38.74347967976185,0.1896942614827385,-0.0022808472738176,10.0,,False,False,True,2.476,2.493686,2.458314,Inconclusive,,,backtest_2025-08-26_15-44-37.csv
2025-08-25 16:06:49,BCHUSDT,Buy,45,5.0,False,28.13340987210742,0.0147417035603743,-0.6872633930526872,10.0,1.0,False,True,True,557.6,561.582857,553.617143,Success,29.0,,backtest_2025-08-26_15-44-37.csv
2025-08-25 16:06:49,LDOUSDT,Neutral,13,5.0,False,43.92590044649161,0.2455927905382241,-0.0015499387836359,10.0,,False,False,True,1.3484,1.358031,1.338769,Inconclusive,,,backtest_2025-08-26_15-44-37.csv
2025-08-25 16:06:49,ONDOUSDT,Neutral,13,5.0,False,45.2495692915854,0.186015327124317,-0.0008743862818724,10.0,,False,False,True,0.925,0.931607,0.918393,Inconclusive,,,backtest_2025-08-26_15-44-37.csv
2025-08-25 16:06:49,OPUSDT,Neutral,25,5.0,False,38.865893107271525,0.1652381931480945,-0.0010183494123016,10.0,,False,False,True,0.7223,0.727459,0.717141,Inconclusive,,,backtest_2025-08-26_15-44-37.csv
2025-08-25 16:06:49,ETHFIUSDT,Neutral,25,5.0,False,38.42530606404253,0.1385995289804773,-0.0016612799608908,10.0,,False,False,True,1.154,1.162243,1.145757,Inconclusive,,,backtest_2025-08-26_15-44-37.csv
2025-08-25 16:06:49,XLMUSDT,Neutral,13,5.0,False,42.33426955240263,0.1397581527939259,-0.0003546318191035,10.0,,False,False,True,0.39274,0.395545,0.389935,Inconclusive,,,backtest_2025-08-26_15-44-37.csv
2025-08-25 16:06:49,TIAUSDT,Neutral,13,5.0,False,46.38272843615224,0.2000957258630101,-0.0018913906220171,10.0,,False,False,True,1.7102,1.722416,1.697984,Inconclusive,,,backtest_2025-08-26_15-44-37.csv
2025-08-25 16:06:49,BOMEUSDT,Buy,45,5.0,False,26.595941376067373,0.1880219793513369,-6.9125232947898086e-06,10.0,1.0,False,True,True,0.002066,0.002081,0.002051,Success,0.0,,backtest_2025-08-26_15-44-37.csv
2025-08-25 16:06:49,APTUSDT,Neutral,13,5.0,False,44.24231806028457,0.1985092680830247,-0.0042998405289821,10.0,,False,False,True,4.4054,4.436867,4.373933,Inconclusive,,,backtest_2025-08-26_15-44-37.csv
2025-08-25 16:06:49,BIDUSDT,Buy,47,5.0,False,71.06448034271595,1.0928250020173973,0.0001977977118194,10.0,1.0,True,False,True,0.10573,0.106485,0.104975,Fail,3.0,Yes,backtest_2025-08-26_15-44-37.csv
2025-08-25 16:06:49,MYXUSDT,Buy,47,5.0,False,65.78775020611545,1.0266308924609922,0.0002786473986102,10.0,1.0,True,False,True,1.1995,1.208068,1.190932,Success,15.0,,backtest_2025-08-26_15-44-37.csv
2025-08-25 16:06:49,TAOUSDT,Neutral,13,5.0,False,44.712939978784085,0.2171967796201577,-0.3546920208019557,10.0,,False,False,True,340.1,342.529286,337.670714,Inconclusive,,,backtest_2025-08-26_15-44-37.csv
2025-08-25 16:06:49,INJUSDT,Neutral,13,5.0,False,46.29366736557016,0.1903020588071176,-0.0157131973805329,10.0,,False,False,True,13.429,13.524921,13.333079,Inconclusive,,,backtest_2025-08-26_15-44-37.csv
2025-08-25 16:06:49,VIRTUALUSDT,Neutral,13,5.0,False,44.51852198538473,0.320680018461655,-0.000985739180123,10.0,,False,False,True,1.1729,1.181278,1.164522,Inconclusive,,,backtest_2025-08-26_15-44-37.csv
2025-08-25 16:06:49,XPLUSDT,Buy,53,5.0,False,37.98679813629672,-0.0158643859997476,-0.0021617075485147,10.0,1.0,False,True,True,0.5573,0.561281,0.553319,Fail,1.0,Yes,backtest_2025-08-26_15-44-37.csv
2025-08-25 16:06:49,SEIUSDT,Neutral,13,5.0,False,40.48867962249464,0.1058883142855379,-0.0003229946449298,10.0,,False,False,True,0.2944,0.296503,0.292297,Inconclusive,,,backtest_2025-08-26_15-44-37.csv
2025-08-25 16:06:49,ZORAUSDT,Neutral,19,5.0,False,44.52586216008816,0.2154870761334469,-0.0005347268315312,10.0,,True,False,True,0.11189,0.112689,0.111091,Inconclusive,,,backtest_2025-08-26_15-44-37.csv
2025-08-25 16:06:49,ALGOUSDT,Neutral,19,5.0,False,46.48905533761776,0.1497492043768344,-0.000583878573221,10.0,,True,False,True,0.2592,0.261051,0.257349,Inconclusive,,,backtest_2025-08-26_15-44-37.csv
2025-08-25 16:06:49,PENDLEUSDT,Neutral,13,5.0,False,46.480272492013775,0.333765109138801,-0.0030799343823272,10.0,,False,False,True,5.4219,5.460628,5.383172,Inconclusive,,,backtest_2025-08-26_15-44-37.csv
2025-08-25 16:06:49,ONGUSDT,Neutral,11,5.0,False,41.76334468760661,0.4141227108236749,0.0001727982001807,10.0,,False,False,True,0.19827,0.199686,0.196854,Inconclusive,,,backtest_2025-08-26_15-44-37.csv
2025-08-25 16:06:49,GALAUSDT,Neutral,13,5.0,False,42.91188932902132,0.2024263644752518,-2.010126149073637e-05,10.0,,False,False,True,0.01676,0.01688,0.01664,Inconclusive,,,backtest_2025-08-26_15-44-37.csv
2025-08-25 16:06:49,TONUSDT,Neutral,30,5.0,False,48.50215965682948,0.2740523095030482,-0.0023835303399059,10.0,,True,False,True,3.2172,3.24018,3.19422,Inconclusive,,,backtest_2025-08-26_15-44-37.csv
2025-08-25 16:06:49,IOSTUSDT,Neutral,13,5.0,False,47.28945408656684,0.4284297405861546,-7.811449202301695e-06,10.0,,False,False,True,0.003928,0.003956,0.0039,Inconclusive,,,backtest_2025-08-26_15-44-37.csv
2025-08-25 16:06:49,CFXUSDT,Neutral,13,5.0,False,44.69932074456212,0.3527629068750091,-2.7237308272339676e-05,10.0,,False,False,True,0.17724,0.178506,0.175974,Inconclusive,,,backtest_2025-08-26_15-44-37.csv
2025-08-25 16:06:49,PNUTUSDT,Neutral,13,5.0,False,42.9960940010746,0.2279904358412702,-0.0002842339026359,10.0,,False,False,True,0.21315,0.214672,0.211628,Inconclusive,,,backtest_2025-08-26_15-44-37.csv
2025-08-25 16:31:16,ETHUSDT,Neutral,13,5.0,False,45.91445194782291,0.3149435471288604,-0.1690666832516152,10.0,,False,False,True,4617.24,4650.220286,4584.259714,Inconclusive,,,backtest_2025-08-26_15-44-43.csv
2025-08-25 16:31:16,BTCUSDT,Buy,47,5.0,False,61.53722601761515,0.8476840665558838,18.08665576131216,10.0,1.0,True,False,True,112595.9,113400.156429,111791.643571,Fail,164.0,No,backtest_2025-08-26_15-44-43.csv
2025-08-25 16:31:16,SOLUSDT,Neutral,11,5.0,False,48.55927182555769,0.4473879905934675,0.0497263787356007,10.0,,False,False,True,197.18,198.588429,195.771571,Inconclusive,,,backtest_2025-08-26_15-44-43.csv
2025-08-25 16:31:16,XRPUSDT,Neutral,30,5.0,False,50.53450083491513,0.437801694981789,-9.392206882096264e-05,10.0,,True,False,True,2.9571,2.978222,2.935978,Inconclusive,,,backtest_2025-08-26_15-44-43.csv
2025-08-25 16:31:16,DOGEUSDT,Neutral,21,5.0,False,51.042405621159006,0.5640350746546959,8.616072557571404e-05,10.0,,False,False,True,0.21938,0.220947,0.217813,Inconclusive,,,backtest_2025-08-26_15-44-43.csv
2025-08-25 16:31:16,ADAUSDT,Buy,47,5.0,False,58.99239127555937,0.8274088052917433,0.0008495664000496,10.0,1.0,True,False,True,0.875,0.88125,0.86875,Fail,27.0,No,backtest_2025-08-26_15-44-43.csv
2025-08-25 16:31:16,LINKUSDT,Neutral,28,5.0,False,53.63964889235106,0.6691337031656354,0.0131483234755606,10.0,,True,False,True,24.615,24.790821,24.439179,Inconclusive,,,backtest_2025-08-26_15-44-43.csv
2025-08-25 16:31:16,1000PEPEUSDT,Neutral,11,5.0,False,49.04431789266308,0.55449533576545,5.967661239159265e-06,10.0,,False,False,True,0.010182,0.010255,0.01011,Inconclusive,,,backtest_2025-08-26_15-44-43.csv
2025-08-25 16:31:16,BIOUSDT,Neutral,11,5.0,False,48.37725181382797,0.6434515871865267,0.0017581536617226,10.0,,False,False,True,0.21029,0.211792,0.208788,Inconclusive,,,backtest_2025-08-26_15-44-43.csv
2025-08-25 16:31:16,SUIUSDT,Neutral,11,5.0,False,48.5018780175776,0.4207020688286428,0.0002728311087918,10.0,,False,False,True,3.4724,3.497203,3.447597,Inconclusive,,,backtest_2025-08-26_15-44-43.csv
2025-08-25 16:31:16,ENAUSDT,Neutral,30,5.0,False,54.17733262622861,0.6305342355648542,-4.484407884864793e-05,10.0,,True,False,True,0.6518,0.656456,0.647144,Inconclusive,,,backtest_2025-08-26_15-44-43.csv
2025-08-25 16:31:16,BNBUSDT,Neutral,28,5.0,False,54.80323288252749,0.5821204228145928,0.0341478558810661,10.0,,True,False,True,867.17,873.364071,860.975929,Inconclusive,,,backtest_2025-08-26_15-44-43.csv
2025-08-25 16:31:16,AVAXUSDT,Neutral,11,5.0,False,47.40622765097203,0.3987419535179148,0.0005667124628482,10.0,,False,False,True,24.225,24.398036,24.051964,Inconclusive,,,backtest_2025-08-26_15-44-43.csv
2025-08-25 16:31:16,ONTUSDT,Neutral,13,5.0,False,40.05572533472117,0.2734015368685452,-1.5036612293491038e-05,10.0,,False,False,True,0.1907,0.192062,0.189338,Inconclusive,,,backtest_2025-08-26_15-44-43.csv
2025-08-25 16:31:16,PROMPTUSDT,Buy,47,5.0,False,64.93092835687665,0.9294919236574244,0.0040670605487274,10.0,1.0,True,False,True,0.3625,0.365089,0.359911,Success,0.0,,backtest_2025-08-26_15-44-43.csv
2025-08-25 16:31:16,FARTCOINUSDT,Neutral,11,5.0,False,45.97463404666024,0.3413161125568472,0.0003433939709918,10.0,,False,False,True,0.8755,0.881754,0.869246,Inconclusive,,,backtest_2025-08-26_15-44-43.csv
2025-08-25 16:31:16,WLFIUSDT,Neutral,28,5.0,False,61.03748250895017,0.8336189906719594,0.0007300088579753,10.0,,True,False,True,0.2197,0.221269,0.218131,Inconclusive,,,backtest_2025-08-26_15-44-43.csv
2025-08-25 16:31:16,LTCUSDT,Neutral,28,5.0,False,51.92666851340063,0.5786859123142186,0.0217643995321436,10.0,,True,False,True,112.07,112.8705,111.2695,Inconclusive,,,backtest_2025-08-26_15-44-43.csv
2025-08-25 16:31:16,HYPEUSDT,Neutral,28,5.0,False,55.38582552742451,0.6904961278801673,0.0305239714481434,10.0,,True,False,True,46.354,46.6851,46.0229,Inconclusive,,,backtest_2025-08-26_15-44-43.csv
2025-08-25 16:31:16,ARBUSDT,Neutral,11,5.0,False,45.05075987091861,0.3458375689994776,1.162662753096213e-05,10.0,,False,False,True,0.5427,0.546576,0.538824,Inconclusive,,,backtest_2025-08-26_15-44-43.csv
2025-08-25 16:31:16,WIFUSDT,Neutral,11,5.0,False,41.52890515515218,0.2813538252357097,8.91679406947129e-05,10.0,,False,False,True,0.8095,0.815282,0.803718,Inconclusive,,,backtest_2025-08-26_15-44-43.csv
2025-08-25 16:31:16,QTUMUSDT,Neutral,11,5.0,False,44.16154241300183,0.568221797613565,0.0052326959612706,10.0,,False,False,True,3.028,3.049629,3.006371,Inconclusive,,,backtest_2025-08-26_15-44-43.csv
2025-08-25 16:31:16,AAVEUSDT,Neutral,13,5.0,False,44.895484573308245,0.2439448643074427,-0.0009546816433403,10.0,,False,False,True,325.27,327.593357,322.946643,Inconclusive,,,backtest_2025-08-26_15-44-43.csv
2025-08-25 16:31:16,MEMEUSDT,Neutral,11,5.0,False,48.31968108471581,0.5631258830709042,1.2211455454841451e-05,10.0,,False,False,True,0.003491,0.003516,0.003466,Inconclusive,,,backtest_2025-08-26_15-44-43.csv
2025-08-25 16:31:16,PENGUUSDT,Neutral,13,5.0,False,42.85308391069154,0.30701562190247,-2.466317855807917e-06,10.0,,False,False,True,0.031295,0.031519,0.031071,Inconclusive,,,backtest_2025-08-26_15-44-43.csv
2025-08-25 16:31:16,SPKUSDT,Buy,45,5.0,False,26.547401650957937,0.1789576610760703,-0.0004761271822255,10.0,1.0,False,True,True,0.06948,0.069976,0.068984,Success,0.0,,backtest_2025-08-26_15-44-43.csv
2025-08-25 16:31:16,DOTUSDT,Neutral,11,5.0,False,45.358099377429575,0.3393455394242224,6.164074418242745e-05,10.0,,False,False,True,3.875,3.902679,3.847321,Inconclusive,,,backtest_2025-08-26_15-44-43.csv
2025-08-25 16:31:16,TRUMPUSDT,Neutral,28,5.0,False,50.037394419692106,0.4975453855291444,0.0004501944048651,10.0,,True,False,True,8.422,8.482157,8.361843,Inconclusive,,,backtest_2025-08-26_15-44-43.csv
2025-08-25 16:31:16,1000BONKUSDT,Neutral,13,5.0,False,43.29526843083403,0.2380669101411544,-7.093978567255136e-07,10.0,,False,False,True,0.020856,0.021005,0.020707,Inconclusive,,,backtest_2025-08-26_15-44-43.csv
2025-08-25 16:31:16,ETCUSDT,Neutral,11,5.0,False,47.4380081395731,0.451524328642262,0.0081720435205932,10.0,,False,False,True,21.812,21.9678,21.6562,Inconclusive,,,backtest_2025-08-26_15-44-43.csv
2025-08-25 16:31:16,WLDUSDT,Neutral,23,5.0,False,48.93113330750379,0.3752372235289105,-0.0005404186418683,10.0,,False,False,True,0.9289,0.935535,0.922265,Inconclusive,,,backtest_2025-08-26_15-44-43.csv
2025-08-25 16:31:16,PUMPUSDT,Neutral,28,5.0,False,56.96289090521849,0.6553855458200326,6.52989074188948e-07,10.0,,True,False,True,0.00291,0.002931,0.002889,Inconclusive,,,backtest_2025-08-26_15-44-43.csv
2025-08-25 16:31:16,FILUSDT,Neutral,11,5.0,False,44.92834570190788,0.3499378879812437,0.0005257200264374,10.0,,False,False,True,2.276,2.292257,2.259743,Inconclusive,,,backtest_2025-08-26_15-44-43.csv
2025-08-25 16:31:16,NEOUSDT,Neutral,23,5.0,False,38.74145585155741,0.4095364076511843,0.0118494547805095,10.0,,False,False,True,7.508,7.561629,7.454371,Inconclusive,,,backtest_2025-08-26_15-44-43.csv
2025-08-25 16:31:16,XNYUSDT,Neutral,17,5.0,False,54.72519963027341,0.7764944877346086,1.7383335316172302e-05,10.0,,True,False,True,0.006588,0.006635,0.006541,Inconclusive,,,backtest_2025-08-26_15-44-43.csv
2025-08-25 16:31:16,TRXUSDT,Neutral,11,5.0,False,46.103324963538746,0.3742540661727451,5.393179884879203e-06,10.0,,False,False,True,0.35225,0.354766,0.349734,Inconclusive,,,backtest_2025-08-26_15-44-43.csv
2025-08-25 16:31:16,1000SHIBUSDT,Neutral,11,5.0,False,49.79660635646254,0.5581652033709936,4.747821160349777e-06,10.0,,False,False,True,0.012375,0.012463,0.012287,Inconclusive,,,backtest_2025-08-26_15-44-43.csv
2025-08-25 16:31:16,HBARUSDT,Neutral,30,5.0,False,49.73568976784962,0.4650165857496823,-8.897052723797231e-06,10.0,,True,False,True,0.23874,0.240445,0.237035,Inconclusive,,,backtest_2025-08-26_15-44-43.csv
2025-08-25 16:31:16,CRVUSDT,Neutral,30,5.0,False,48.32302441372102,0.3010443935613973,-0.0004067166257327,10.0,,True,False,True,0.839,0.844993,0.833007,Inconclusive,,,backtest_2025-08-26_15-44-43.csv
2025-08-25 16:31:16,NEARUSDT,Neutral,11,5.0,False,46.9939561094892,0.468474979032269,0.0009468075214881,10.0,,False,False,True,2.486,2.503757,2.468243,Inconclusive,,,backtest_2025-08-26_15-44-43.csv
2025-08-25 16:31:16,BCHUSDT,Neutral,11,5.0,False,46.58620025886205,0.4439038288433566,0.0857944460316386,10.0,,False,False,True,560.86,564.866143,556.853857,Inconclusive,,,backtest_2025-08-26_15-44-43.csv
2025-08-25 16:31:16,LDOUSDT,Neutral,21,5.0,False,50.92241529305792,0.5095675663390246,0.0003547053292014,10.0,,False,False,True,1.3546,1.364276,1.344924,Inconclusive,,,backtest_2025-08-26_15-44-43.csv
2025-08-25 16:31:16,ONDOUSDT,Neutral,21,5.0,False,49.911637594797696,0.4672438069530605,7.856153887755824e-07,10.0,,False,False,True,0.9281,0.934729,0.921471,Inconclusive,,,backtest_2025-08-26_15-44-43.csv
2025-08-25 16:31:16,OPUSDT,Neutral,11,5.0,False,46.70835519747544,0.4145090867431661,7.837594662005198e-05,10.0,,False,False,True,0.7253,0.730481,0.720119,Inconclusive,,,backtest_2025-08-26_15-44-43.csv
2025-08-25 16:31:16,ETHFIUSDT,Neutral,13,5.0,False,44.06120924717451,0.3156382183112886,-0.0001092415044081,10.0,,False,False,True,1.1575,1.165768,1.149232,Inconclusive,,,backtest_2025-08-26_15-44-43.csv
2025-08-25 16:31:16,XLMUSDT,Neutral,19,5.0,False,46.23486938456281,0.3283990867194152,-6.337043558061518e-05,10.0,,True,False,True,0.39326,0.396069,0.390451,Inconclusive,,,backtest_2025-08-26_15-44-43.csv
2025-08-25 16:31:16,TIAUSDT,Neutral,30,5.0,False,51.25849650949226,0.5231430027100281,-6.601211723592502e-05,10.0,,True,False,True,1.717,1.729264,1.704736,Inconclusive,,,backtest_2025-08-26_15-44-43.csv
2025-08-25 16:31:16,BOMEUSDT,Neutral,23,5.0,False,36.49483061977045,0.3471251664963475,1.7091456164574704e-06,10.0,,False,False,True,0.002082,0.002097,0.002067,Inconclusive,,,backtest_2025-08-26_15-44-43.csv
2025-08-25 16:31:16,APTUSDT,Neutral,28,5.0,False,51.455627932764784,0.5752751145474839,0.0005265314039901,10.0,,True,False,True,4.4232,4.454794,4.391606,Inconclusive,,,backtest_2025-08-26_15-44-43.csv
2025-08-25 16:31:16,MYXUSDT,Buy,47,5.0,False,71.16441232450686,0.954727740428019,0.0018578831295079,10.0,1.0,True,False,True,1.213,1.221664,1.204336,Fail,0.0,Yes,backtest_2025-08-26_15-44-43.csv
2025-08-25 16:31:16,BIDUSDT,Buy,47,5.0,False,67.57876651277854,0.8611892272871017,0.0001192962319194,10.0,1.0,True,False,True,0.10569,0.106445,0.104935,Success,0.0,,backtest_2025-08-26_15-44-43.csv
2025-08-25 16:31:16,TAOUSDT,Neutral,28,5.0,False,50.82505623165099,0.5308319058236309,0.0744815276873593,10.0,,True,False,True,341.55,343.989643,339.110357,Inconclusive,,,backtest_2025-08-26_15-44-43.csv
2025-08-25 16:31:16,INJUSDT,Neutral,21,5.0,False,51.69276255799132,0.556806085271989,0.0010575256025209,10.0,,False,False,True,13.499,13.595421,13.402579,Inconclusive,,,backtest_2025-08-26_15-44-43.csv
2025-08-25 16:31:16,VIRTUALUSDT,Neutral,11,5.0,False,45.397236551728014,0.3708168812185617,0.0004063130946666,10.0,,False,False,True,1.1729,1.181278,1.164522,Inconclusive,,,backtest_2025-08-26_15-44-43.csv
2025-08-25 16:31:16,SEIUSDT,Neutral,13,5.0,False,47.11030440225191,0.3838459503666693,-3.364644454034358e-06,10.0,,False,False,True,0.2954,0.29751,0.29329,Inconclusive,,,backtest_2025-08-26_15-44-43.csv
2025-08-25 16:31:16,XPLUSDT,Neutral,25,5.0,False,36.70990416564819,0.0574555221740449,-0.0020041512422016,10.0,,False,False,True,0.5504,0.554331,0.546469,Inconclusive,,,backtest_2025-08-26_15-44-43.csv
2025-08-25 16:31:16,ZORAUSDT,Neutral,30,5.0,False,47.60277021806294,0.2813904322447546,-0.0003117889246251,10.0,,True,False,True,0.11228,0.113082,0.111478,Inconclusive,,,backtest_2025-08-26_15-44-43.csv
2025-08-25 16:31:16,ALGOUSDT,Neutral,13,5.0,False,41.29077963657216,0.1060344758596309,-0.0005402201522888,10.0,,False,False,True,0.2573,0.259138,0.255462,Inconclusive,,,backtest_2025-08-26_15-44-43.csv
2025-08-25 16:31:16,ONGUSDT,Neutral,11,5.0,False,48.360133868128486,0.5970343215037097,0.000452671385709,10.0,,False,False,True,0.19908,0.200502,0.197658,Inconclusive,,,backtest_2025-08-26_15-44-43.csv
2025-08-25 16:31:16,PENDLEUSDT,Neutral,13,5.0,False,44.77442347969949,0.3060237381188569,-0.0008595665321505,10.0,,False,False,True,5.4114,5.450053,5.372747,Inconclusive,,,backtest_2025-08-26_15-44-43.csv
2025-08-25 16:31:16,GALAUSDT,Neutral,13,5.0,False,45.966479904746365,0.3566876691733853,-1.945423121963765e-06,10.0,,False,False,True,0.01678,0.0169,0.01666,Inconclusive,,,backtest_2025-08-26_15-44-43.csv
2025-08-25 16:31:16,TONUSDT,Neutral,30,5.0,False,50.41398685090692,0.4539841117905279,-0.0003321587016282,10.0,,True,False,True,3.221,3.244007,3.197993,Inconclusive,,,backtest_2025-08-26_15-44-43.csv
2025-08-25 16:31:16,IOSTUSDT,Neutral,13,5.0,False,43.79367499034467,0.2877455505758734,-1.8844583525442448e-05,10.0,,False,False,True,0.003883,0.003911,0.003855,Inconclusive,,,backtest_2025-08-26_15-44-43.csv
2025-08-25 16:31:16,CFXUSDT,Neutral,11,5.0,False,50.11635922274762,0.7460361999095388,0.0001203901831561,10.0,,False,False,True,0.17784,0.17911,0.17657,Inconclusive,,,backtest_2025-08-26_15-44-43.csv
2025-08-25 16:31:16,PNUTUSDT,Neutral,11,5.0,False,47.29640617507613,0.4312404126067523,4.6755638628404495e-05,10.0,,False,False,True,0.21389,0.215418,0.212362,Inconclusive,,,backtest_2025-08-26_15-44-43.csv
2025-08-25 16:59:32,ETHUSDT,Neutral,13,5.0,False,40.83734498807848,0.108842386479891,-1.5752703301863455,10.0,,False,False,True,4601.66,4634.529,4568.791,Inconclusive,,,backtest_2025-08-26_15-44-45.csv
2025-08-25 16:59:32,BTCUSDT,Neutral,30,5.0,False,56.67114950365794,0.6071185594840521,-17.90738645440726,10.0,,True,False,True,112533.4,113337.21,111729.59,Inconclusive,,,backtest_2025-08-26_15-44-45.csv
2025-08-25 16:59:32,SOLUSDT,Neutral,11,5.0,False,45.55769497584753,0.3442123738010203,0.0231241455883134,10.0,,False,False,True,196.91,198.3165,195.5035,Inconclusive,,,backtest_2025-08-26_15-44-45.csv
2025-08-25 16:59:32,XRPUSDT,Neutral,19,5.0,False,45.13561906331832,0.2276475842623157,-0.000686637818244,10.0,,True,False,True,2.9506,2.971676,2.929524,Inconclusive,,,backtest_2025-08-26_15-44-45.csv
2025-08-25 16:59:32,DOGEUSDT,Neutral,13,5.0,False,43.90711611691647,0.2622420860664974,-3.4549645852640924e-05,10.0,,False,False,True,0.21838,0.21994,0.21682,Inconclusive,,,backtest_2025-08-26_15-44-45.csv
2025-08-25 16:59:32,ADAUSDT,Neutral,23,5.0,False,48.9594014313633,0.4862983578941891,-3.838400816147955e-05,10.0,,False,False,True,0.8701,0.876315,0.863885,Inconclusive,,,backtest_2025-08-26_15-44-45.csv
2025-08-25 16:59:32,LINKUSDT,Neutral,19,5.0,False,46.52513106165724,0.3411879618836768,-0.0051774158032629,10.0,,True,False,True,24.505,24.680036,24.329964,Inconclusive,,,backtest_2025-08-26_15-44-45.csv
2025-08-25 16:59:32,1000PEPEUSDT,Neutral,11,5.0,False,44.88782932677788,0.3557120333197144,9.288920530295924e-07,10.0,,False,False,True,0.010155,0.010228,0.010083,Inconclusive,,,backtest_2025-08-26_15-44-45.csv
2025-08-25 16:59:32,SUIUSDT,Neutral,13,5.0,False,44.51092350958734,0.2636393957980351,-0.0005170568089003,10.0,,False,False,True,3.4642,3.488944,3.439456,Inconclusive,,,backtest_2025-08-26_15-44-45.csv
2025-08-25 16:59:32,BIOUSDT,Neutral,11,5.0,False,43.689667385482416,0.619090992156778,0.0012208166703019,10.0,,False,False,True,0.20659,0.208066,0.205114,Inconclusive,,,backtest_2025-08-26_15-44-45.csv
2025-08-25 16:59:32,ENAUSDT,Neutral,30,5.0,False,49.71441770816666,0.3308179793502889,-0.0003267149544697,10.0,,True,False,True,0.6502,0.654844,0.645556,Inconclusive,,,backtest_2025-08-26_15-44-45.csv
2025-08-25 16:59:32,BNBUSDT,Neutral,28,5.0,False,52.05822377594577,0.6009523919889163,0.0681214046025002,10.0,,True,False,True,867.17,873.364071,860.975929,Inconclusive,,,backtest_2025-08-26_15-44-45.csv
2025-08-25 16:59:32,AVAXUSDT,Neutral,13,5.0,False,42.109531642702,0.1628622256664318,-0.0055063064091089,10.0,,False,False,True,24.137,24.309407,23.964593,Inconclusive,,,backtest_2025-08-26_15-44-45.csv
2025-08-25 16:59:32,ONTUSDT,Neutral,25,5.0,False,39.56706657451014,0.2884774584800817,-0.000129940791884,10.0,,False,False,True,0.189,0.19035,0.18765,Inconclusive,,,backtest_2025-08-26_15-44-45.csv
2025-08-25 16:59:32,PROMPTUSDT,Neutral,28,5.0,False,61.58479103585807,0.7324164496277662,0.0023415422630219,10.0,,True,False,True,0.3642,0.366801,0.361599,Inconclusive,,,backtest_2025-08-26_15-44-45.csv
2025-08-25 16:59:32,FARTCOINUSDT,Neutral,13,5.0,False,43.22035721041792,0.2059386368866931,-6.299475074320504e-05,10.0,,False,False,True,0.8728,0.879034,0.866566,Inconclusive,,,backtest_2025-08-26_15-44-45.csv
2025-08-25 16:59:32,WLFIUSDT,Neutral,11,5.0,False,47.15594387426344,0.4623642155101629,3.943699877876738e-05,10.0,,False,False,True,0.2152,0.216737,0.213663,Inconclusive,,,backtest_2025-08-26_15-44-45.csv
2025-08-25 16:59:32,LTCUSDT,Neutral,28,5.0,False,52.11523002967371,0.5978339604708698,0.0175210908908325,10.0,,True,False,True,112.17,112.971214,111.368786,Inconclusive,,,backtest_2025-08-26_15-44-45.csv
2025-08-25 16:59:32,HYPEUSDT,Neutral,19,5.0,False,43.14288537581443,0.2499888523178943,-0.0448395953688817,10.0,,True,False,True,45.888,46.215771,45.560229,Inconclusive,,,backtest_2025-08-26_15-44-45.csv
2025-08-25 16:59:32,ARBUSDT,Neutral,13,5.0,False,41.62951343439591,0.232901610888345,-3.851622754867884e-06,10.0,,False,False,True,0.5411,0.544965,0.537235,Inconclusive,,,backtest_2025-08-26_15-44-45.csv
2025-08-25 16:59:32,WIFUSDT,Neutral,23,5.0,False,38.74897404066193,0.1356299017121977,2.933780112804232e-05,10.0,,False,False,True,0.8066,0.812361,0.800839,Inconclusive,,,backtest_2025-08-26_15-44-45.csv
2025-08-25 16:59:32,QTUMUSDT,Neutral,23,5.0,False,38.48704928434152,0.3698803067569646,0.0036878743528507,10.0,,False,False,True,3.01,3.0315,2.9885,Inconclusive,,,backtest_2025-08-26_15-44-45.csv
2025-08-25 16:59:32,AAVEUSDT,Neutral,13,5.0,False,43.5668834478744,0.190067314139656,-0.0179658637073876,10.0,,False,False,True,325.01,327.3315,322.6885,Inconclusive,,,backtest_2025-08-26_15-44-45.csv
2025-08-25 16:59:32,MEMEUSDT,Neutral,11,5.0,False,47.52731547296566,0.6545876095972389,9.55909410346385e-06,10.0,,False,False,True,0.003488,0.003513,0.003463,Inconclusive,,,backtest_2025-08-26_15-44-45.csv
2025-08-25 16:59:32,PENGUUSDT,Neutral,25,5.0,False,38.295552317320286,0.1997352620557974,-2.564819833456166e-06,10.0,,False,False,True,0.031166,0.031389,0.030943,Inconclusive,,,backtest_2025-08-26_15-44-45.csv
2025-08-25 16:59:32,SPKUSDT,Neutral,23,5.0,False,37.13749434305281,0.3660141551127085,0.0001204357113107,10.0,,False,False,True,0.07115,0.071658,0.070642,Inconclusive,,,backtest_2025-08-26_15-44-45.csv
2025-08-25 16:59:32,UNIUSDT,Neutral,11,5.0,False,42.55680291197096,0.2432766887128818,0.000930355550595,10.0,,False,False,True,10.115,10.18725,10.04275,Inconclusive,,,backtest_2025-08-26_15-44-45.csv
2025-08-25 16:59:32,DOTUSDT,Neutral,13,5.0,False,42.009019964388976,0.2158034757691743,-0.0001951192485285,10.0,,False,False,True,3.866,3.893614,3.838386,Inconclusive,,,backtest_2025-08-26_15-44-45.csv
2025-08-25 16:59:32,TRUMPUSDT,Neutral,13,5.0,False,42.612308528214,0.1153179870313147,-0.0026644295963828,10.0,,False,False,True,8.393,8.45295,8.33305,Inconclusive,,,backtest_2025-08-26_15-44-45.csv
2025-08-25 16:59:32,1000BONKUSDT,Neutral,13,5.0,False,40.78504110932713,0.1267165016128305,-4.00359349020305e-06,10.0,,False,False,True,0.020802,0.020951,0.020653,Inconclusive,,,backtest_2025-08-26_15-44-45.csv
2025-08-25 16:59:32,ETCUSDT,Neutral,11,5.0,False,43.87101005335417,0.2739420647156893,0.0023299118113683,10.0,,False,False,True,21.775,21.930536,21.619464,Inconclusive,,,backtest_2025-08-26_15-44-45.csv
2025-08-25 16:59:32,WLDUSDT,Neutral,13,5.0,False,42.21713222678649,0.0697134704043848,-0.0009752299276909,10.0,,False,False,True,0.9227,0.929291,0.916109,Inconclusive,,,backtest_2025-08-26_15-44-45.csv
2025-08-25 16:59:32,PUMPUSDT,Neutral,19,5.0,False,41.30875293540705,0.0299856534794857,-9.287087296614737e-06,10.0,,True,True,True,0.002849,0.002869,0.002829,Inconclusive,,,backtest_2025-08-26_15-44-45.csv
2025-08-25 16:59:32,FILUSDT,Neutral,25,5.0,False,39.76870870124775,0.0140594809305656,-0.000226994366354,10.0,,False,True,True,2.267,2.283193,2.250807,Inconclusive,,,backtest_2025-08-26_15-44-45.csv
2025-08-25 16:59:32,NEOUSDT,Neutral,23,5.0,False,30.36365098998202,0.0057288561694506,0.0033643765615008,10.0,,False,True,True,7.433,7.486093,7.379907,Inconclusive,,,backtest_2025-08-26_15-44-45.csv
2025-08-25 16:59:32,XNYUSDT,Neutral,19,5.0,False,40.40952305449861,0.1445047551231566,-1.1871370402653562e-05,10.0,,True,False,True,0.006394,0.00644,0.006348,Inconclusive,,,backtest_2025-08-26_15-44-45.csv
2025-08-25 16:59:32,TRXUSDT,Neutral,11,5.0,False,41.0815701835264,0.1497069179966756,1.2775077549903374e-06,10.0,,False,False,True,0.35179,0.354303,0.349277,Inconclusive,,,backtest_2025-08-26_15-44-45.csv
2025-08-25 16:59:32,1000SHIBUSDT,Neutral,11,5.0,False,43.727301279107735,0.3115498206584118,1.1058486796658676e-06,10.0,,False,False,True,0.012338,0.012426,0.01225,Inconclusive,,,backtest_2025-08-26_15-44-45.csv
2025-08-25 16:59:32,CRVUSDT,Neutral,30,5.0,False,48.72087796406069,0.3895573422758564,-0.0002542061699183,10.0,,True,False,True,0.84,0.846,0.834,Inconclusive,,,backtest_2025-08-26_15-44-45.csv
2025-08-25 16:59:32,HBARUSDT,Neutral,19,5.0,False,44.37960956282217,0.2242580759796445,-6.647435044244831e-05,10.0,,True,False,True,0.23797,0.23967,0.23627,Inconclusive,,,backtest_2025-08-26_15-44-45.csv
2025-08-25 16:59:32,NEARUSDT,Neutral,11,5.0,False,41.31051565722847,0.2117802212448999,0.0003321466439054,10.0,,False,False,True,2.476,2.493686,2.458314,Inconclusive,,,backtest_2025-08-26_15-44-45.csv
2025-08-25 16:59:32,BCHUSDT,Neutral,11,5.0,False,48.429087142013564,0.5449153426615805,0.3423092862141892,10.0,,False,False,True,561.24,565.248857,557.231143,Inconclusive,,,backtest_2025-08-26_15-44-45.csv
2025-08-25 16:59:32,LDOUSDT,Buy,53,5.0,False,33.69400095314259,-0.0977438683737714,-0.0013162554956521,10.0,1.0,False,True,True,1.3374,1.346953,1.327847,Fail,2.0,No,backtest_2025-08-26_15-44-45.csv
2025-08-25 16:59:32,ONDOUSDT,Neutral,13,5.0,False,43.35080565426525,0.1337488625796476,-0.000348640224896,10.0,,False,False,True,0.9242,0.930801,0.917599,Inconclusive,,,backtest_2025-08-26_15-44-45.csv
2025-08-25 16:59:32,OPUSDT,Neutral,13,5.0,False,40.59188193419745,0.1851804709264894,-2.4326582297316343e-05,10.0,,False,False,True,0.7219,0.727056,0.716744,Inconclusive,,,backtest_2025-08-26_15-44-45.csv
2025-08-25 16:59:32,ETHFIUSDT,Buy,53,5.0,False,33.778607798140925,-0.0083246308693226,-0.000874581501114,10.0,1.0,False,True,True,1.1451,1.153279,1.136921,Fail,3.0,No,backtest_2025-08-26_15-44-45.csv
2025-08-25 16:59:32,XLMUSDT,Neutral,13,5.0,False,43.69683562408147,0.2582562273090072,-3.815306331763832e-05,10.0,,False,False,True,0.3927,0.395505,0.389895,Inconclusive,,,backtest_2025-08-26_15-44-45.csv
2025-08-25 16:59:32,TIAUSDT,Neutral,19,5.0,False,41.019423879409366,0.0417512714244987,-0.0013370086412667,10.0,,True,True,True,1.7034,1.715567,1.691233,Inconclusive,,,backtest_2025-08-26_15-44-45.csv
2025-08-25 16:59:32,BOMEUSDT,Neutral,23,5.0,False,37.38767315058091,0.3721169397478661,3.18637327996772e-06,10.0,,False,False,True,0.002077,0.002092,0.002062,Inconclusive,,,backtest_2025-08-26_15-44-45.csv
2025-08-25 16:59:32,APTUSDT,Neutral,13,5.0,False,42.02859906072537,0.130625559595964,-0.0011162568297157,10.0,,False,False,True,4.4008,4.432234,4.369366,Inconclusive,,,backtest_2025-08-26_15-44-45.csv
2025-08-25 16:59:32,MYXUSDT,Neutral,30,5.0,False,64.63033672161512,0.7356491386698798,-6.4157957367382e-05,10.0,,True,False,True,1.2091,1.217736,1.200464,Inconclusive,,,backtest_2025-08-26_15-44-45.csv
2025-08-25 16:59:32,BIDUSDT,Neutral,28,5.0,False,60.09085897985366,0.7409925079850989,1.909502915135072e-05,10.0,,True,False,True,0.10584,0.106596,0.105084,Inconclusive,,,backtest_2025-08-26_15-44-45.csv
2025-08-25 16:59:32,TAOUSDT,Neutral,13,5.0,False,44.15822574944684,0.2807874458006284,-0.0202685903100514,10.0,,False,False,True,340.3,342.730714,337.869286,Inconclusive,,,backtest_2025-08-26_15-44-45.csv
2025-08-25 16:59:32,INJUSDT,Neutral,13,5.0,False,44.22434583862987,0.1580657750393557,-0.0069149433029817,10.0,,False,False,True,13.42,13.515857,13.324143,Inconclusive,,,backtest_2025-08-26_15-44-45.csv
2025-08-25 16:59:32,VIRTUALUSDT,Neutral,11,5.0,False,41.32975123744506,0.2219076318591541,0.000101285993376,10.0,,False,False,True,1.1686,1.176947,1.160253,Inconclusive,,,backtest_2025-08-26_15-44-45.csv
2025-08-25 16:59:32,SEIUSDT,Neutral,13,5.0,False,40.45277415207203,0.0807926927289929,-7.250675499905813e-05,10.0,,False,False,True,0.294,0.2961,0.2919,Inconclusive,,,backtest_2025-08-26_15-44-45.csv
2025-08-25 16:59:32,XPLUSDT,Neutral,13,5.0,False,48.530761804956974,0.4510409885538841,-0.0002128600777976,10.0,,False,False,True,0.559,0.562993,0.555007,Inconclusive,,,backtest_2025-08-26_15-44-45.csv
2025-08-25 16:59:32,ZORAUSDT,Neutral,19,5.0,False,44.28619943191822,0.2280076289178723,-0.0002165416603322,10.0,,True,False,True,0.11157,0.112367,0.110773,Inconclusive,,,backtest_2025-08-26_15-44-45.csv
2025-08-25 16:59:32,ALGOUSDT,Neutral,25,5.0,False,38.30932067909176,0.1337693569347243,-0.0003661083290839,10.0,,False,False,True,0.2562,0.25803,0.25437,Inconclusive,,,backtest_2025-08-26_15-44-45.csv
2025-08-25 16:59:32,ONGUSDT,Neutral,11,5.0,False,50.10223224191051,0.7837096135248565,0.0005018485895268,10.0,,False,False,True,0.19952,0.200945,0.198095,Inconclusive,,,backtest_2025-08-26_15-44-45.csv
2025-08-25 16:59:32,PENDLEUSDT,Buy,53,5.0,False,31.839788193081706,-0.1548935886605495,-0.0046476008200908,10.0,1.0,False,True,True,5.3547,5.392948,5.316452,Fail,5.0,No,backtest_2025-08-26_15-44-45.csv
2025-08-25 16:59:32,GALAUSDT,Neutral,25,5.0,False,38.03165002983717,0.0111349295693475,-8.658664083517327e-06,10.0,,False,True,True,0.01664,0.016759,0.016521,Inconclusive,,,backtest_2025-08-26_15-44-45.csv
2025-08-25 16:59:32,IOSTUSDT,Neutral,13,5.0,False,45.54251730985209,0.3061431657074182,-9.943679514117932e-06,10.0,,False,False,True,0.003888,0.003916,0.00386,Inconclusive,,,backtest_2025-08-26_15-44-45.csv
2025-08-25 16:59:32,TONUSDT,Neutral,19,5.0,False,43.69680948952892,0.1749225186223328,-0.0008591274996127,10.0,,True,False,True,3.213,3.23595,3.19005,Inconclusive,,,backtest_2025-08-26_15-44-45.csv
2025-08-25 16:59:32,CFXUSDT,Neutral,11,5.0,False,49.31536193294781,0.6169241212140625,9.875107533764666e-05,10.0,,False,False,True,0.17791,0.179181,0.176639,Inconclusive,,,backtest_2025-08-26_15-44-45.csv
2025-08-25 16:59:32,PNUTUSDT,Neutral,25,5.0,False,39.68131861650879,0.096869633697103,-4.823862283438805e-05,10.0,,False,False,True,0.21244,0.213957,0.210923,Inconclusive,,,backtest_2025-08-26_15-44-45.csv
2025-08-25 17:23:33,ETHUSDT,Neutral,25,5.0,False,36.98814195769115,0.1242786403799806,-3.975190181521589,5.0,,False,False,True,4576.0,4608.685714,4543.314286,Inconclusive,,,backtest_2025-08-26_15-44-46.csv
2025-08-25 17:23:33,BTCUSDT,Neutral,30,5.0,False,50.454873956655206,0.3939073189976164,-49.31178998097262,5.0,,True,False,True,112364.8,113167.405714,111562.194286,Inconclusive,,,backtest_2025-08-26_15-44-46.csv
2025-08-25 17:23:33,SOLUSDT,Neutral,13,5.0,False,42.829567311673664,0.2600299350716415,-0.129457680568682,5.0,,False,False,True,196.06,197.460429,194.659571,Inconclusive,,,backtest_2025-08-26_15-44-46.csv
2025-08-25 17:23:33,XRPUSDT,Neutral,13,5.0,False,41.456053641628216,0.1357073442750549,-0.0018105616925046,5.0,,False,False,True,2.9401,2.961101,2.919099,Inconclusive,,,backtest_2025-08-26_15-44-46.csv
2025-08-25 17:23:33,DOGEUSDT,Neutral,13,5.0,False,43.82055773907776,0.2948568708158876,-0.0001159806834439,5.0,,False,False,True,0.21785,0.219406,0.216294,Inconclusive,,,backtest_2025-08-26_15-44-46.csv
2025-08-25 17:23:33,ADAUSDT,Neutral,13,5.0,False,44.787563445898286,0.3240954881915406,-0.0010029382968561,5.0,,False,False,True,0.8658,0.871984,0.859616,Inconclusive,,,backtest_2025-08-26_15-44-46.csv
2025-08-25 17:23:33,LINKUSDT,Neutral,13,5.0,False,45.20961423644854,0.3109980228865095,-0.0220536208845537,5.0,,False,False,True,24.428,24.602486,24.253514,Inconclusive,,,backtest_2025-08-26_15-44-46.csv
2025-08-25 17:23:33,1000PEPEUSDT,Neutral,25,5.0,False,39.078887775311046,0.1709838330055588,-1.0164407942590728e-05,5.0,,False,False,True,0.01008,0.010152,0.010008,Inconclusive,,,backtest_2025-08-26_15-44-46.csv
2025-08-25 17:23:33,SUIUSDT,Neutral,25,5.0,False,38.32412739884506,0.140984906861452,-0.0031555142906955,5.0,,False,False,True,3.4432,3.467794,3.418606,Inconclusive,,,backtest_2025-08-26_15-44-46.csv
2025-08-25 17:23:33,BIOUSDT,Neutral,23,5.0,False,39.078837787169576,0.4053220989313914,0.0004179526994947,5.0,,False,False,True,0.20251,0.203956,0.201064,Inconclusive,,,backtest_2025-08-26_15-44-46.csv
2025-08-25 17:23:33,ENAUSDT,Neutral,19,5.0,False,44.44578225278369,0.1905206789334768,-0.0008005340073817,5.0,,True,False,True,0.6468,0.65142,0.64218,Inconclusive,,,backtest_2025-08-26_15-44-46.csv
2025-08-25 17:23:33,BNBUSDT,Neutral,19,5.0,False,45.32351082767978,0.3179547496820045,-0.4844655263531964,5.0,,True,False,True,864.33,870.503786,858.156214,Inconclusive,,,backtest_2025-08-26_15-44-46.csv
2025-08-25 17:23:33,AVAXUSDT,Neutral,25,5.0,False,39.82874138219022,0.1997240948069461,-0.0223064412506002,5.0,,False,False,True,24.013,24.184521,23.841479,Inconclusive,,,backtest_2025-08-26_15-44-46.csv
2025-08-25 17:23:33,ONTUSDT,Neutral,11,5.0,False,47.87518763003397,0.5195022143014845,0.0004915839238389,5.0,,False,False,True,0.1914,0.192767,0.190033,Inconclusive,,,backtest_2025-08-26_15-44-46.csv
2025-08-25 17:23:33,PROMPTUSDT,Neutral,30,5.0,False,52.91797560489506,0.5399388705378555,-0.0016293264343757,5.0,,True,False,True,0.3536,0.356126,0.351074,Inconclusive,,,backtest_2025-08-26_15-44-46.csv
2025-08-25 17:23:33,FARTCOINUSDT,Neutral,25,5.0,False,37.82467229125428,0.1535016875673308,-0.0017710322545893,5.0,,False,False,True,0.8605,0.866646,0.854354,Inconclusive,,,backtest_2025-08-26_15-44-46.csv
2025-08-25 17:23:33,WLFIUSDT,Neutral,19,5.0,False,40.94304788786744,0.2581233716109468,-0.0007342821752284,5.0,,True,False,True,0.212,0.213514,0.210486,Inconclusive,,,backtest_2025-08-26_15-44-46.csv
2025-08-25 17:23:33,HYPEUSDT,Neutral,19,5.0,False,45.36643244800107,0.3395150426720963,-0.0477380434915196,5.0,,True,False,True,45.839,46.166421,45.511579,Inconclusive,,,backtest_2025-08-26_15-44-46.csv
2025-08-25 17:23:33,LTCUSDT,Neutral,19,5.0,False,48.61241775798667,0.4467426332069328,-0.0394062505999472,5.0,,True,False,True,111.91,112.709357,111.110643,Inconclusive,,,backtest_2025-08-26_15-44-46.csv
2025-08-25 17:23:33,ARBUSDT,Neutral,25,5.0,False,39.06376509737722,0.1883076030956166,-0.0003744490061332,5.0,,False,False,True,0.5379,0.541742,0.534058,Inconclusive,,,backtest_2025-08-26_15-44-46.csv
2025-08-25 17:23:33,WIFUSDT,Neutral,25,5.0,False,39.554684599354,0.1937138679551416,-0.0004521627106203,5.0,,False,False,True,0.8033,0.809038,0.797562,Inconclusive,,,backtest_2025-08-26_15-44-46.csv
2025-08-25 17:23:33,QTUMUSDT,Neutral,25,5.0,False,34.929485414692365,0.1828170339812174,-0.0011093443036421,5.0,,False,False,True,2.979,3.000279,2.957721,Inconclusive,,,backtest_2025-08-26_15-44-46.csv
2025-08-25 17:23:33,AAVEUSDT,Neutral,13,5.0,False,40.82136845925198,0.1938526398730811,-0.1815762456615013,5.0,,False,False,True,323.79,326.102786,321.477214,Inconclusive,,,backtest_2025-08-26_15-44-46.csv
2025-08-25 17:23:33,SPKUSDT,Neutral,37,5.0,False,50.317997747523385,0.8214939004506863,0.0007896392521047,5.0,,False,False,True,0.07417,0.0747,0.07364,Inconclusive,,,backtest_2025-08-26_15-44-46.csv
2025-08-25 17:23:33,PENGUUSDT,Neutral,25,5.0,False,36.30804385661983,0.2082503850754094,-2.459961156285368e-05,5.0,,False,False,True,0.03097,0.031191,0.030749,Inconclusive,,,backtest_2025-08-26_15-44-46.csv
2025-08-25 17:23:33,MEMEUSDT,Neutral,11,5.0,False,45.25142037436869,0.4874508233766619,2.828169095720911e-06,5.0,,False,False,True,0.003467,0.003492,0.003442,Inconclusive,,,backtest_2025-08-26_15-44-46.csv
2025-08-25 17:23:33,UNIUSDT,Neutral,25,5.0,False,33.3779835842754,0.0404173346012482,-0.0136221659796285,5.0,,False,True,True,10.009,10.080493,9.937507,Inconclusive,,,backtest_2025-08-26_15-44-46.csv
2025-08-25 17:23:33,DOTUSDT,Neutral,25,5.0,False,38.253611743740045,0.1538791154597316,-0.0031367658258915,5.0,,False,False,True,3.843,3.87045,3.81555,Inconclusive,,,backtest_2025-08-26_15-44-46.csv
2025-08-25 17:23:33,TRUMPUSDT,Neutral,25,5.0,False,39.99793446429824,0.1921524528915636,-0.0059791136373555,5.0,,False,False,True,8.366,8.425757,8.306243,Inconclusive,,,backtest_2025-08-26_15-44-46.csv
2025-08-25 17:23:33,1000BONKUSDT,Neutral,13,5.0,False,40.35070213312996,0.1998241831497926,-1.141743639655339e-05,5.0,,False,False,True,0.020732,0.02088,0.020584,Inconclusive,,,backtest_2025-08-26_15-44-46.csv
2025-08-25 17:23:33,ETCUSDT,Neutral,13,5.0,False,40.6423774834214,0.1737817122442608,-0.0117609180217074,5.0,,False,False,True,21.691,21.845936,21.536064,Inconclusive,,,backtest_2025-08-26_15-44-46.csv
2025-08-25 17:23:33,WLDUSDT,Neutral,19,5.0,False,40.05065054575418,0.1899992878187332,-0.0014745192741822,5.0,,True,False,True,0.9175,0.924054,0.910946,Inconclusive,,,backtest_2025-08-26_15-44-46.csv
2025-08-25 17:23:33,PUMPUSDT,Neutral,32,5.0,False,35.62793550862345,0.1211873070924621,-1.1421288911669116e-05,5.0,,True,False,True,0.002812,0.002832,0.002792,Inconclusive,,,backtest_2025-08-26_15-44-46.csv
2025-08-25 17:23:33,FILUSDT,Neutral,13,5.0,False,40.61886166143587,0.2184836238299536,-0.0015312437876432,5.0,,False,False,True,2.259,2.275136,2.242864,Inconclusive,,,backtest_2025-08-26_15-44-46.csv
2025-08-25 17:23:33,NEOUSDT,Neutral,23,5.0,False,34.8222196872797,0.2535974749893547,0.0017237933662972,5.0,,False,False,True,7.422,7.475014,7.368986,Inconclusive,,,backtest_2025-08-26_15-44-46.csv
2025-08-25 17:23:33,TRXUSDT,Neutral,25,5.0,False,38.27127967238734,0.0927606867555338,-6.971026505426527e-05,5.0,,False,False,True,0.35105,0.353557,0.348542,Inconclusive,,,backtest_2025-08-26_15-44-46.csv
2025-08-25 17:23:33,XNYUSDT,Neutral,19,5.0,False,50.05948251322648,0.463348948347322,-2.4681521368667345e-07,5.0,,True,False,True,0.006494,0.00654,0.006448,Inconclusive,,,backtest_2025-08-26_15-44-46.csv
2025-08-25 17:23:33,1000SHIBUSDT,Neutral,13,5.0,False,40.58998910174304,0.226041962963085,-7.361220379731038e-06,5.0,,False,False,True,0.01229,0.012378,0.012202,Inconclusive,,,backtest_2025-08-26_15-44-46.csv
2025-08-25 17:23:33,CRVUSDT,Neutral,13,5.0,False,40.97145488577276,0.086845915973116,-0.001096304757292,5.0,,False,False,True,0.833,0.83895,0.82705,Inconclusive,,,backtest_2025-08-26_15-44-46.csv
2025-08-25 17:23:33,HBARUSDT,Neutral,13,5.0,False,42.44233862987139,0.2231797724484502,-0.0001988122222229,5.0,,False,False,True,0.23708,0.238773,0.235387,Inconclusive,,,backtest_2025-08-26_15-44-46.csv
2025-08-25 17:23:33,NEARUSDT,Neutral,25,5.0,False,37.37153619698776,0.1582869185331302,-0.0015776650897103,5.0,,False,False,True,2.463,2.480593,2.445407,Inconclusive,,,backtest_2025-08-26_15-44-46.csv
2025-08-25 17:23:33,BCHUSDT,Neutral,11,5.0,False,43.55488263416979,0.4378023568536875,0.0258969389977365,5.0,,False,False,True,559.56,563.556857,555.563143,Inconclusive,,,backtest_2025-08-26_15-44-46.csv
2025-08-25 17:23:33,LDOUSDT,Neutral,25,5.0,False,30.07783736960872,0.1126449648313964,-0.0024232790846277,5.0,,False,False,True,1.3262,1.335673,1.316727,Inconclusive,,,backtest_2025-08-26_15-44-46.csv
2025-08-25 17:23:33,ONDOUSDT,Neutral,25,5.0,False,37.91777823233252,0.1306178061450202,-0.0011640658997646,5.0,,False,False,True,0.918,0.924557,0.911443,Inconclusive,,,backtest_2025-08-26_15-44-46.csv
2025-08-25 17:23:33,OPUSDT,Neutral,25,5.0,False,38.60772602852054,0.2075292544549334,-0.0005553573972498,5.0,,False,False,True,0.7182,0.72333,0.71307,Inconclusive,,,backtest_2025-08-26_15-44-46.csv
2025-08-25 17:23:33,ETHFIUSDT,Neutral,25,5.0,False,34.72747284491527,0.1820511335327401,-0.0015120166620015,5.0,,False,False,True,1.1369,1.145021,1.128779,Inconclusive,,,backtest_2025-08-26_15-44-46.csv
2025-08-25 17:23:33,XLMUSDT,Neutral,13,5.0,False,45.52068013543058,0.3743323496487695,-0.000105660986884,5.0,,False,False,True,0.39222,0.395022,0.389418,Inconclusive,,,backtest_2025-08-26_15-44-46.csv
2025-08-25 17:23:33,TIAUSDT,Neutral,25,5.0,False,36.667394033962935,0.1476083441731671,-0.0026427205643767,5.0,,False,False,True,1.6896,1.701669,1.677531,Inconclusive,,,backtest_2025-08-26_15-44-46.csv
2025-08-25 17:23:33,BOMEUSDT,Neutral,25,5.0,False,30.99517231825372,0.1390779008611614,-2.561671723435902e-06,5.0,,False,False,True,0.002034,0.002049,0.002019,Inconclusive,,,backtest_2025-08-26_15-44-46.csv
2025-08-25 17:23:33,APTUSDT,Neutral,25,5.0,False,36.84563294446416,0.1254534557751895,-0.0047444326498227,5.0,,False,False,True,4.3757,4.406955,4.344445,Inconclusive,,,backtest_2025-08-26_15-44-46.csv
2025-08-25 17:23:33,MYXUSDT,Neutral,30,5.0,False,59.95103847741722,0.6509850696041374,-0.0004947382565492,5.0,,True,False,True,1.2116,1.220254,1.202946,Inconclusive,,,backtest_2025-08-26_15-44-46.csv
2025-08-25 17:23:33,TAOUSDT,Neutral,13,5.0,False,41.64779480841367,0.2408413111932127,-0.29202214842396,5.0,,False,False,True,338.96,341.381143,336.538857,Inconclusive,,,backtest_2025-08-26_15-44-46.csv
2025-08-25 17:23:33,INJUSDT,Neutral,13,5.0,False,40.74930971431716,0.1840567638480365,-0.0196250065315088,5.0,,False,False,True,13.338,13.433271,13.242729,Inconclusive,,,backtest_2025-08-26_15-44-46.csv
2025-08-25 17:23:33,BIDUSDT,Neutral,30,5.0,False,50.02416886022472,0.3138552444173104,-0.0001603116843542,5.0,,True,False,True,0.10492,0.105669,0.104171,Inconclusive,,,backtest_2025-08-26_15-44-46.csv
2025-08-25 17:23:33,VIRTUALUSDT,Neutral,25,5.0,False,35.00001241558023,0.1233252252892585,-0.0012127076862393,5.0,,False,False,True,1.1588,1.167077,1.150523,Inconclusive,,,backtest_2025-08-26_15-44-46.csv
2025-08-25 17:23:33,SEIUSDT,Neutral,25,5.0,False,35.657698356849195,0.1483660751097728,-0.0002859858368329,5.0,,False,False,True,0.2924,0.294489,0.290311,Inconclusive,,,backtest_2025-08-26_15-44-46.csv
2025-08-25 17:23:33,ZORAUSDT,Neutral,25,5.0,False,38.45863047459583,0.1000673427365787,-0.0003200076615316,5.0,,False,False,True,0.1096,0.110383,0.108817,Inconclusive,,,backtest_2025-08-26_15-44-46.csv
2025-08-25 17:23:33,XPLUSDT,Neutral,13,5.0,False,41.29613615667803,0.1584162228098205,-2.676036308952136e-05,5.0,,False,False,True,0.5522,0.556144,0.548256,Inconclusive,,,backtest_2025-08-26_15-44-46.csv
2025-08-25 17:23:33,ALGOUSDT,Neutral,25,5.0,False,35.618333080108656,0.1295493504769443,-0.0003297451284421,5.0,,False,False,True,0.2545,0.256318,0.252682,Inconclusive,,,backtest_2025-08-26_15-44-46.csv
2025-08-25 17:23:33,ONGUSDT,Neutral,11,5.0,False,43.762143821811065,0.4147072808342773,6.925433754918016e-05,5.0,,False,False,True,0.19798,0.199394,0.196566,Inconclusive,,,backtest_2025-08-26_15-44-46.csv
2025-08-25 17:23:33,PENDLEUSDT,Neutral,25,5.0,False,34.30182042424097,0.1925651638563064,-0.0069289478282806,5.0,,False,False,True,5.3325,5.370589,5.294411,Inconclusive,,,backtest_2025-08-26_15-44-46.csv
2025-08-25 17:23:33,GALAUSDT,Neutral,25,5.0,False,38.17050506114713,0.2036297795276196,-1.6948333111722492e-05,5.0,,False,False,True,0.01657,0.016688,0.016452,Inconclusive,,,backtest_2025-08-26_15-44-46.csv
2025-08-25 17:23:33,IOSTUSDT,Neutral,19,5.0,False,45.67003554653664,0.3855619145678042,-4.203735067836354e-06,5.0,,True,False,True,0.003878,0.003906,0.00385,Inconclusive,,,backtest_2025-08-26_15-44-46.csv
2025-08-25 17:23:33,TONUSDT,Neutral,19,5.0,False,43.47347799830969,0.2751456685561134,-0.0019620506259831,5.0,,True,False,True,3.207,3.229907,3.184093,Inconclusive,,,backtest_2025-08-26_15-44-46.csv
2025-08-25 17:23:33,CFXUSDT,Neutral,13,5.0,False,40.99470984287253,0.1982382747302657,-0.0001106382026988,5.0,,False,False,True,0.17673,0.177992,0.175468,Inconclusive,,,backtest_2025-08-26_15-44-46.csv
2025-08-25 17:23:33,PNUTUSDT,Neutral,13,5.0,False,40.36501224827313,0.2416942466859117,-0.0002144359632048,5.0,,False,False,True,0.21138,0.21289,0.20987,Inconclusive,,,backtest_2025-08-26_15-44-46.csv
2025-08-25 17:57:19,ETHUSDT,Neutral,11,5.0,False,44.42580094868554,0.3702412382566601,0.7793068685716982,5.0,,False,False,True,4586.51,4619.270786,4553.749214,Inconclusive,,,backtest_2025-08-26_15-44-50.csv
2025-08-25 17:57:19,BTCUSDT,Neutral,30,5.0,False,49.76048024953975,0.3015520345300476,-36.20220065876808,5.0,,True,False,True,112388.9,113191.677857,111586.122143,Inconclusive,,,backtest_2025-08-26_15-44-50.csv
2025-08-25 17:57:19,SOLUSDT,Neutral,11,5.0,False,48.22029114614921,0.4414958724485943,0.0389511476471179,5.0,,False,False,True,196.64,198.044571,195.235429,Inconclusive,,,backtest_2025-08-26_15-44-50.csv
2025-08-25 17:57:19,XRPUSDT,Neutral,28,5.0,False,54.26597345829743,0.732894398427891,0.0014205362220953,5.0,,True,False,True,2.9579,2.979028,2.936772,Inconclusive,,,backtest_2025-08-26_15-44-50.csv
2025-08-25 17:57:19,DOGEUSDT,Neutral,11,5.0,False,50.06072027577898,0.5234144246786696,8.596148440317443e-05,5.0,,False,False,True,0.21856,0.220121,0.216999,Inconclusive,,,backtest_2025-08-26_15-44-50.csv
2025-08-25 17:57:19,ADAUSDT,Neutral,28,5.0,False,52.48956811991667,0.5135270705488005,0.0001098756704556,5.0,,True,False,True,0.8703,0.876516,0.864084,Inconclusive,,,backtest_2025-08-26_15-44-50.csv
2025-08-25 17:57:19,LINKUSDT,Neutral,13,5.0,False,43.698243118998526,0.2776675689971384,-0.0112377303804775,5.0,,False,False,True,24.366,24.540043,24.191957,Inconclusive,,,backtest_2025-08-26_15-44-50.csv
2025-08-25 17:57:19,1000PEPEUSDT,Neutral,11,5.0,False,45.00933303559514,0.3530984343065607,6.386209994423763e-07,5.0,,False,False,True,0.010101,0.010174,0.010029,Inconclusive,,,backtest_2025-08-26_15-44-50.csv
2025-08-25 17:57:19,SUIUSDT,Neutral,11,5.0,False,45.89984823927062,0.3807925222664912,0.00038434009926,5.0,,False,False,True,3.4522,3.476859,3.427541,Inconclusive,,,backtest_2025-08-26_15-44-50.csv
2025-08-25 17:57:19,BIOUSDT,Neutral,11,5.0,False,47.65095074283968,0.4997395471804974,0.0006362111927658,5.0,,False,False,True,0.20424,0.205699,0.202781,Inconclusive,,,backtest_2025-08-26_15-44-50.csv
2025-08-25 17:57:19,ENAUSDT,Neutral,19,5.0,False,45.5480369417258,0.2847472668857823,-0.0002142383633678,5.0,,True,False,True,0.647,0.651621,0.642379,Inconclusive,,,backtest_2025-08-26_15-44-50.csv
2025-08-25 17:57:19,BNBUSDT,Neutral,19,5.0,False,47.29495365051773,0.3304485477257586,-0.1737707394190391,5.0,,True,False,True,864.62,870.795857,858.444143,Inconclusive,,,backtest_2025-08-26_15-44-50.csv
2025-08-25 17:57:19,AVAXUSDT,Neutral,11,5.0,False,43.12342402217968,0.3295348877992602,0.0009134082162982,5.0,,False,False,True,24.007,24.178479,23.835521,Inconclusive,,,backtest_2025-08-26_15-44-50.csv
2025-08-25 17:57:19,ONTUSDT,Neutral,37,5.0,False,52.80668037440861,0.8696044396249495,0.0006481574152579,5.0,,False,False,True,0.193,0.194379,0.191621,Inconclusive,,,backtest_2025-08-26_15-44-50.csv
2025-08-25 17:57:19,FARTCOINUSDT,Neutral,11,5.0,False,46.542746712385366,0.4362013503801065,0.0004254205381757,5.0,,False,False,True,0.8659,0.872085,0.859715,Inconclusive,,,backtest_2025-08-26_15-44-50.csv
2025-08-25 17:57:19,HYPEUSDT,Neutral,19,5.0,False,42.27541797333837,0.289287721043079,-0.0347084225457832,5.0,,True,False,True,45.565,45.890464,45.239536,Inconclusive,,,backtest_2025-08-26_15-44-50.csv
2025-08-25 17:57:19,PROMPTUSDT,Neutral,30,5.0,False,50.504966133918536,0.3512500139453424,-0.0012379142819221,5.0,,True,False,True,0.3511,0.353608,0.348592,Inconclusive,,,backtest_2025-08-26_15-44-50.csv
2025-08-25 17:57:19,LTCUSDT,Neutral,13,5.0,False,48.00649689861418,0.3391284090916067,-0.0249504877025433,5.0,,False,False,True,111.83,112.628786,111.031214,Inconclusive,,,backtest_2025-08-26_15-44-50.csv
2025-08-25 17:57:19,WLFIUSDT,Neutral,28,5.0,False,59.76129971831164,0.7194410433722603,0.0002554198765177,5.0,,True,False,True,0.2182,0.219759,0.216641,Inconclusive,,,backtest_2025-08-26_15-44-50.csv
2025-08-25 17:57:19,ARBUSDT,Neutral,11,5.0,False,40.03491118293259,0.2776265712921322,3.968849978252327e-05,5.0,,False,False,True,0.5372,0.541037,0.533363,Inconclusive,,,backtest_2025-08-26_15-44-50.csv
2025-08-25 17:57:19,WIFUSDT,Neutral,11,5.0,False,50.05091115122553,0.5943067945275932,0.0008231830536136,5.0,,False,False,True,0.8088,0.814577,0.803023,Inconclusive,,,backtest_2025-08-26_15-44-50.csv
2025-08-25 17:57:19,QTUMUSDT,Neutral,11,5.0,False,50.99145374466264,0.6044605790884389,0.0051426608719683,5.0,,False,False,True,3.013,3.034521,2.991479,Inconclusive,,,backtest_2025-08-26_15-44-50.csv
2025-08-25 17:57:19,AAVEUSDT,Neutral,13,5.0,False,41.41828912595284,0.2592438415464599,-0.0677808425155491,5.0,,False,False,True,323.34,325.649571,321.030429,Inconclusive,,,backtest_2025-08-26_15-44-50.csv
2025-08-25 17:57:19,SPKUSDT,Neutral,11,5.0,False,44.57263302293877,0.547583439964341,0.0003114661022247,5.0,,False,False,True,0.07277,0.07329,0.07225,Inconclusive,,,backtest_2025-08-26_15-44-50.csv
2025-08-25 17:57:19,PENGUUSDT,Neutral,11,5.0,False,46.16011699189893,0.4843448561824057,2.6432587014259586e-05,5.0,,False,False,True,0.031092,0.031314,0.03087,Inconclusive,,,backtest_2025-08-26_15-44-50.csv
2025-08-25 17:57:19,MEMEUSDT,Neutral,11,5.0,False,45.79182434901717,0.2858441360676813,1.7043159616918782e-06,5.0,,False,False,True,0.003462,0.003487,0.003437,Inconclusive,,,backtest_2025-08-26_15-44-50.csv
2025-08-25 17:57:19,UNIUSDT,Neutral,13,5.0,False,41.053292019853714,0.3044803948319975,-0.0022976939640127,5.0,,False,False,True,10.019,10.090564,9.947436,Inconclusive,,,backtest_2025-08-26_15-44-50.csv
2025-08-25 17:57:19,DOTUSDT,Neutral,11,5.0,False,44.78735825937555,0.3772246248278073,0.0006193256412964,5.0,,False,False,True,3.85,3.8775,3.8225,Inconclusive,,,backtest_2025-08-26_15-44-50.csv
2025-08-25 17:57:19,TRUMPUSDT,Neutral,13,5.0,False,43.62447162595495,0.3560983531546058,-0.0002364917364904,5.0,,False,False,True,8.369,8.428779,8.309221,Inconclusive,,,backtest_2025-08-26_15-44-50.csv
2025-08-25 17:57:19,1000BONKUSDT,Neutral,11,5.0,False,49.87756627663933,0.5766475008477643,1.4319520759793262e-05,5.0,,False,False,True,0.02084,0.020989,0.020691,Inconclusive,,,backtest_2025-08-26_15-44-50.csv
2025-08-25 17:57:19,WLDUSDT,Neutral,17,5.0,False,45.9738209369206,0.416872798785956,0.0001802222049518,5.0,,True,False,True,0.9201,0.926672,0.913528,Inconclusive,,,backtest_2025-08-26_15-44-50.csv
2025-08-25 17:57:19,PUMPUSDT,Neutral,28,5.0,False,58.994933870885696,0.6919454007454965,5.004094396759889e-06,5.0,,True,False,True,0.002889,0.00291,0.002868,Inconclusive,,,backtest_2025-08-26_15-44-50.csv
2025-08-25 17:57:19,ETCUSDT,Neutral,11,5.0,False,50.75870739778991,0.5477436008757471,0.0064290222014115,5.0,,False,False,True,21.773,21.928521,21.617479,Inconclusive,,,backtest_2025-08-26_15-44-50.csv
2025-08-25 17:57:19,FILUSDT,Neutral,11,5.0,False,47.143503836309705,0.4640602955567845,0.0012047086592829,5.0,,False,False,True,2.266,2.282186,2.249814,Inconclusive,,,backtest_2025-08-26_15-44-50.csv
2025-08-25 17:57:19,NEOUSDT,Neutral,11,5.0,False,50.92093462208109,0.6950685800688274,0.0146158452272253,5.0,,False,False,True,7.481,7.534436,7.427564,Inconclusive,,,backtest_2025-08-26_15-44-50.csv
2025-08-25 17:57:19,TRXUSDT,Neutral,13,5.0,False,41.49044250394922,0.2619149857786262,-2.234914674998452e-05,5.0,,False,False,True,0.3508,0.353306,0.348294,Inconclusive,,,backtest_2025-08-26_15-44-50.csv
2025-08-25 17:57:19,XNYUSDT,Buy,47,5.0,False,59.92500292537481,0.9216356705607274,1.8009349934667665e-05,5.0,1.0,True,False,True,0.00661,0.006657,0.006563,Fail,1.0,Yes,backtest_2025-08-26_15-44-50.csv
2025-08-25 17:57:19,1000SHIBUSDT,Neutral,11,5.0,False,48.56884471653404,0.4694830064070981,3.495055571163424e-06,5.0,,False,False,True,0.012325,0.012413,0.012237,Inconclusive,,,backtest_2025-08-26_15-44-50.csv
2025-08-25 17:57:19,CRVUSDT,Neutral,13,5.0,False,43.40698394303222,0.2659928012145724,-0.0003442491720191,5.0,,False,False,True,0.832,0.837943,0.826057,Inconclusive,,,backtest_2025-08-26_15-44-50.csv
2025-08-25 17:57:19,HBARUSDT,Neutral,17,5.0,False,49.20837997573093,0.4793291025372997,3.940380993414192e-05,5.0,,True,False,True,0.23779,0.239488,0.236092,Inconclusive,,,backtest_2025-08-26_15-44-50.csv
2025-08-25 17:57:19,NEARUSDT,Neutral,11,5.0,False,46.93131489744592,0.4500318084772395,0.0010015370439769,5.0,,False,False,True,2.471,2.48865,2.45335,Inconclusive,,,backtest_2025-08-26_15-44-50.csv
2025-08-25 17:57:19,BCHUSDT,Neutral,11,5.0,False,48.05589709582368,0.4341028288699632,0.0789079948840439,5.0,,False,False,True,560.1,564.100714,556.099286,Inconclusive,,,backtest_2025-08-26_15-44-50.csv
2025-08-25 17:57:19,LDOUSDT,Neutral,25,5.0,False,32.67954124856752,0.2903814893743485,-0.000332233702406,5.0,,False,False,True,1.3243,1.333759,1.314841,Inconclusive,,,backtest_2025-08-26_15-44-50.csv
2025-08-25 17:57:19,ONDOUSDT,Neutral,11,5.0,False,45.63382697516774,0.3935438343922279,8.26111529366215e-05,5.0,,False,False,True,0.9205,0.927075,0.913925,Inconclusive,,,backtest_2025-08-26_15-44-50.csv
2025-08-25 17:57:19,OPUSDT,Neutral,11,5.0,False,45.79113495953706,0.4337833790666276,0.0003037855239619,5.0,,False,False,True,0.7202,0.725344,0.715056,Inconclusive,,,backtest_2025-08-26_15-44-50.csv
2025-08-25 17:57:19,ETHFIUSDT,Neutral,23,5.0,False,39.27613970565884,0.3493209922424242,0.000482556810065,5.0,,False,False,True,1.1367,1.144819,1.128581,Inconclusive,,,backtest_2025-08-26_15-44-50.csv
2025-08-25 17:57:19,XLMUSDT,Buy,47,5.0,False,59.91368832800143,0.9324556898828196,0.0003897210918355,5.0,1.0,True,False,True,0.39533,0.398154,0.392506,Fail,21.0,No,backtest_2025-08-26_15-44-50.csv
2025-08-25 17:57:19,TIAUSDT,Neutral,11,5.0,False,46.10911197557415,0.4360089443241327,0.0004524867950486,5.0,,False,False,True,1.6967,1.708819,1.684581,Inconclusive,,,backtest_2025-08-26_15-44-50.csv
2025-08-25 17:57:19,BOMEUSDT,Neutral,23,5.0,False,32.876672528243674,0.2910883229291193,1.603628989333394e-06,5.0,,False,False,True,0.002032,0.002047,0.002017,Inconclusive,,,backtest_2025-08-26_15-44-50.csv
2025-08-25 17:57:19,APTUSDT,Neutral,17,5.0,False,48.73683719248107,0.4764667929452747,0.0012086373565348,5.0,,True,False,True,4.3962,4.427601,4.364799,Inconclusive,,,backtest_2025-08-26_15-44-50.csv
2025-08-25 17:57:19,MYXUSDT,Neutral,30,5.0,False,49.57862163323916,0.252845021239344,-0.0029861152846244,5.0,,True,False,True,1.1987,1.207262,1.190138,Inconclusive,,,backtest_2025-08-26_15-44-50.csv
2025-08-25 17:57:19,TAOUSDT,Neutral,25,5.0,False,39.38025828294035,0.2188535520713505,-0.1164469651770345,5.0,,False,False,True,338.04,340.454571,335.625429,Inconclusive,,,backtest_2025-08-26_15-44-50.csv
2025-08-25 17:57:19,INJUSDT,Neutral,17,5.0,False,47.63501658062351,0.4237638145735892,0.0008036361843874,5.0,,True,False,True,13.378,13.473557,13.282443,Inconclusive,,,backtest_2025-08-26_15-44-50.csv
2025-08-25 17:57:19,VIRTUALUSDT,Neutral,11,5.0,False,45.52914258212101,0.4139824848057026,0.0005440830927651,5.0,,False,False,True,1.164,1.172314,1.155686,Inconclusive,,,backtest_2025-08-26_15-44-50.csv
2025-08-25 17:57:19,BIDUSDT,Buy,47,5.0,False,60.44199480791242,0.8698585655737339,3.308685249098263e-05,5.0,1.0,True,False,True,0.10645,0.10721,0.10569,Fail,3.0,Yes,backtest_2025-08-26_15-44-50.csv
2025-08-25 17:57:19,SEIUSDT,Neutral,11,5.0,False,45.57518161690452,0.4211630238827741,9.956397590771248e-05,5.0,,False,False,True,0.2934,0.295496,0.291304,Inconclusive,,,backtest_2025-08-26_15-44-50.csv
2025-08-25 17:57:19,ZORAUSDT,Neutral,11,5.0,False,44.97394768814504,0.3988485893430488,1.2555112442393967e-05,5.0,,False,False,True,0.1104,0.111189,0.109611,Inconclusive,,,backtest_2025-08-26_15-44-50.csv
2025-08-25 17:57:19,XPLUSDT,Neutral,25,5.0,False,37.76384251966813,0.1794609237310065,-0.0009037844477895,5.0,,False,False,True,0.5458,0.549699,0.541901,Inconclusive,,,backtest_2025-08-26_15-44-50.csv
2025-08-25 17:57:19,ALGOUSDT,Neutral,17,5.0,False,44.32446855159273,0.4364768217517524,0.0001323641435463,5.0,,True,False,True,0.2554,0.257224,0.253576,Inconclusive,,,backtest_2025-08-26_15-44-50.csv
2025-08-25 17:57:19,ONGUSDT,Buy,41,5.0,False,59.295760775883295,0.9763846683600972,0.0003198921651074,5.0,1.0,False,False,True,0.2008,0.202234,0.199366,Fail,0.0,Yes,backtest_2025-08-26_15-44-50.csv
2025-08-25 17:57:19,PENDLEUSDT,Neutral,11,5.0,False,43.59479087884112,0.4195647437600331,0.0035603893907283,5.0,,False,False,True,5.3481,5.386301,5.309899,Inconclusive,,,backtest_2025-08-26_15-44-50.csv
2025-08-25 17:57:19,IOSTUSDT,Buy,47,5.0,False,55.69811412769704,0.950331533100088,8.931746949060961e-06,5.0,1.0,True,False,True,0.003934,0.003962,0.003906,Fail,4.0,No,backtest_2025-08-26_15-44-50.csv
2025-08-25 17:57:19,GALAUSDT,Neutral,11,5.0,False,46.40598940659722,0.468894667614317,1.129833669526745e-05,5.0,,False,False,True,0.01663,0.016749,0.016511,Inconclusive,,,backtest_2025-08-26_15-44-50.csv
2025-08-25 17:57:19,TONUSDT,Neutral,17,5.0,False,49.51822880983918,0.4872082822531792,0.0003296965430952,5.0,,True,False,True,3.2129,3.235849,3.189951,Inconclusive,,,backtest_2025-08-26_15-44-50.csv
2025-08-25 17:57:19,CFXUSDT,Neutral,11,5.0,False,49.28692312815405,0.4616616199066669,4.369151790530702e-05,5.0,,False,False,True,0.17719,0.178456,0.175924,Inconclusive,,,backtest_2025-08-26_15-44-50.csv
2025-08-25 17:57:19,PNUTUSDT,Neutral,11,5.0,False,46.905644233612975,0.4664223435565766,0.0001427139064934,5.0,,False,False,True,0.21213,0.213645,0.210615,Inconclusive,,,backtest_2025-08-26_15-44-50.csv
2025-08-25 18:34:54,ETHUSDT,Neutral,11,5.0,False,43.35789465332186,0.3510420802946328,1.3217355171128131,10.0,,False,False,True,4579.99,4612.704214,4547.275786,Inconclusive,,,backtest_2025-08-26_15-44-54.csv
2025-08-25 18:34:54,BTCUSDT,Neutral,30,5.0,False,52.10162166375716,0.5779567939079323,-4.710834182453269,10.0,,True,False,True,112470.4,113273.76,111667.04,Inconclusive,,,backtest_2025-08-26_15-44-54.csv
2025-08-25 18:34:54,SOLUSDT,Neutral,21,5.0,False,51.60804375333506,0.6909881090249965,0.1008553087855293,10.0,,False,False,True,197.14,198.548143,195.731857,Inconclusive,,,backtest_2025-08-26_15-44-54.csv
2025-08-25 18:34:54,XRPUSDT,Neutral,28,5.0,False,54.5905239016647,0.7710019079634918,0.0010770347593725,10.0,,True,False,True,2.9606,2.981747,2.939453,Inconclusive,,,backtest_2025-08-26_15-44-54.csv
2025-08-25 18:34:54,DOGEUSDT,Neutral,11,5.0,False,48.20797967848839,0.5678372282098426,4.803273660038832e-05,10.0,,False,False,True,0.21829,0.219849,0.216731,Inconclusive,,,backtest_2025-08-26_15-44-54.csv
2025-08-25 18:34:54,ADAUSDT,Neutral,28,5.0,False,53.91313316277559,0.8038325934178888,0.0003066496931716,10.0,,True,False,True,0.8713,0.877524,0.865076,Inconclusive,,,backtest_2025-08-26_15-44-54.csv
2025-08-25 18:34:54,LINKUSDT,Neutral,25,5.0,False,39.27650024653447,0.0453600536309324,-0.0047980280413523,10.0,,False,True,True,24.257,24.430264,24.083736,Inconclusive,,,backtest_2025-08-26_15-44-54.csv
2025-08-25 18:34:54,1000PEPEUSDT,Neutral,11,5.0,False,45.41368412655178,0.4697834912140424,3.284877228374943e-06,10.0,,False,False,True,0.010094,0.010166,0.010022,Inconclusive,,,backtest_2025-08-26_15-44-54.csv
2025-08-25 18:34:54,SUIUSDT,Neutral,11,5.0,False,45.33484763310432,0.4614010569431135,0.0010515225766299,10.0,,False,False,True,3.45,3.474643,3.425357,Inconclusive,,,backtest_2025-08-26_15-44-54.csv
2025-08-25 18:34:54,ENAUSDT,Neutral,28,5.0,False,50.30142641702187,0.6322945848958932,0.0002208473116163,10.0,,True,False,True,0.6487,0.653334,0.644066,Inconclusive,,,backtest_2025-08-26_15-44-54.csv
2025-08-25 18:34:54,BIOUSDT,Neutral,17,5.0,False,50.79411660461716,0.7353176332200271,0.0007465325030726,10.0,,True,False,True,0.20548,0.206948,0.204012,Inconclusive,,,backtest_2025-08-26_15-44-54.csv
2025-08-25 18:34:54,BNBUSDT,Neutral,28,5.0,False,50.32052083329344,0.6239191677716632,0.1626871746380654,10.0,,True,False,True,865.64,871.823143,859.456857,Inconclusive,,,backtest_2025-08-26_15-44-54.csv
2025-08-25 18:34:54,ONTUSDT,Buy,41,5.0,False,56.05458466360419,0.7674501968569424,0.0006675689746565,10.0,1.0,False,False,True,0.1965,0.197904,0.195096,Fail,10.0,Yes,backtest_2025-08-26_15-44-54.csv
2025-08-25 18:34:54,AVAXUSDT,Neutral,11,5.0,False,43.05935815504976,0.3528377688294545,0.0066658813577147,10.0,,False,False,True,23.97,24.141214,23.798786,Inconclusive,,,backtest_2025-08-26_15-44-54.csv
2025-08-25 18:34:54,FARTCOINUSDT,Neutral,11,5.0,False,41.605318444768045,0.3198054388042625,0.0003842631758405,10.0,,False,False,True,0.8597,0.865841,0.853559,Inconclusive,,,backtest_2025-08-26_15-44-54.csv
2025-08-25 18:34:54,HYPEUSDT,Neutral,25,5.0,False,39.75286732181462,0.2281795959346135,-0.0012219928569215,10.0,,False,False,True,45.405,45.729321,45.080679,Inconclusive,,,backtest_2025-08-26_15-44-54.csv
2025-08-25 18:34:54,LTCUSDT,Neutral,13,5.0,False,42.95021531503816,0.2108764254275295,-0.0300855682657173,10.0,,False,False,True,111.48,112.276286,110.683714,Inconclusive,,,backtest_2025-08-26_15-44-54.csv
2025-08-25 18:34:54,WLFIUSDT,Buy,47,5.0,False,64.84759207788406,0.8624044783224749,0.001094983750945,10.0,1.0,True,False,True,0.225,0.226607,0.223393,Fail,4.0,Yes,backtest_2025-08-26_15-44-54.csv
2025-08-25 18:34:54,PROMPTUSDT,Neutral,30,5.0,False,48.23750533229647,0.3967772412708942,-0.000867410449504,10.0,,True,False,True,0.3482,0.350687,0.345713,Inconclusive,,,backtest_2025-08-26_15-44-54.csv
2025-08-25 18:34:54,WIFUSDT,Neutral,11,5.0,False,47.56414762720433,0.6279862031397335,0.000435910318932,10.0,,False,False,True,0.8067,0.812462,0.800938,Inconclusive,,,backtest_2025-08-26_15-44-54.csv
2025-08-25 18:34:54,ARBUSDT,Neutral,11,5.0,False,42.03998350199706,0.3423914480296848,0.0001715849085325,10.0,,False,False,True,0.5367,0.540534,0.532866,Inconclusive,,,backtest_2025-08-26_15-44-54.csv
2025-08-25 18:34:54,SPKUSDT,Neutral,21,5.0,False,56.89614737164226,0.8089635991525878,0.0002701235074044,10.0,,False,False,True,0.07454,0.075072,0.074008,Inconclusive,,,backtest_2025-08-26_15-44-54.csv
2025-08-25 18:34:54,AAVEUSDT,Neutral,11,5.0,False,42.3782936470009,0.3047783065338625,0.0561719040831963,10.0,,False,False,True,323.0,325.307143,320.692857,Inconclusive,,,backtest_2025-08-26_15-44-54.csv
2025-08-25 18:34:54,QTUMUSDT,Buy,41,5.0,False,57.445874621633685,0.8044306310766558,0.0066155940030476,10.0,1.0,False,False,True,3.039,3.060707,3.017293,Success,5.0,,backtest_2025-08-26_15-44-54.csv
2025-08-25 18:34:54,PENGUUSDT,Neutral,37,5.0,False,50.48358540764659,0.8634321755677191,2.7792504284644893e-05,10.0,,False,False,True,0.031104,0.031326,0.030882,Inconclusive,,,backtest_2025-08-26_15-44-54.csv
2025-08-25 18:34:54,MEMEUSDT,Neutral,11,5.0,False,50.44014567446882,0.6397455256022635,3.666545514585549e-06,10.0,,False,False,True,0.003483,0.003508,0.003458,Inconclusive,,,backtest_2025-08-26_15-44-54.csv
2025-08-25 18:34:54,UNIUSDT,Neutral,25,5.0,False,37.227479848370805,0.1726997106840712,-2.671739954537844e-06,10.0,,False,False,True,9.964,10.035171,9.892829,Inconclusive,,,backtest_2025-08-26_15-44-54.csv
2025-08-25 18:34:54,TRUMPUSDT,Neutral,11,5.0,False,44.20214718976479,0.4692539689868593,0.0017917287306011,10.0,,False,False,True,8.363,8.422736,8.303264,Inconclusive,,,backtest_2025-08-26_15-44-54.csv
2025-08-25 18:34:54,DOTUSDT,Neutral,11,5.0,False,49.07988599425448,0.7530956265401634,0.0020741633455216,10.0,,False,False,True,3.854,3.881529,3.826471,Inconclusive,,,backtest_2025-08-26_15-44-54.csv
2025-08-25 18:34:54,1000BONKUSDT,Neutral,11,5.0,False,50.6539004131632,0.7520140514923365,1.2070448000871777e-05,10.0,,False,False,True,0.020843,0.020992,0.020694,Inconclusive,,,backtest_2025-08-26_15-44-54.csv
2025-08-25 18:34:54,PUMPUSDT,Neutral,17,5.0,False,46.23159610853738,0.5168729465097623,8.873516238497186e-07,10.0,,True,False,True,0.002844,0.002864,0.002824,Inconclusive,,,backtest_2025-08-26_15-44-54.csv
2025-08-25 18:34:54,WLDUSDT,Neutral,17,5.0,False,45.8709208718406,0.5246761579899812,0.0002238561516514,10.0,,True,False,True,0.918,0.924557,0.911443,Inconclusive,,,backtest_2025-08-26_15-44-54.csv
2025-08-25 18:34:54,ETCUSDT,Neutral,11,5.0,False,50.481742673868936,0.7555569989680117,0.0089317875184245,10.0,,False,False,True,21.757,21.912407,21.601593,Inconclusive,,,backtest_2025-08-26_15-44-54.csv
2025-08-25 18:34:54,FILUSDT,Neutral,11,5.0,False,48.89865436285195,0.7087533991369765,0.0010412595202396,10.0,,False,False,True,2.266,2.282186,2.249814,Inconclusive,,,backtest_2025-08-26_15-44-54.csv
2025-08-25 18:34:54,NEOUSDT,Neutral,11,5.0,False,44.59235690184676,0.5553995180474945,0.0076352410061001,10.0,,False,False,True,7.447,7.500193,7.393807,Inconclusive,,,backtest_2025-08-26_15-44-54.csv
2025-08-25 18:34:54,XNYUSDT,Buy,47,5.0,False,63.74342051870652,0.8938261012558066,1.463402937952609e-05,10.0,1.0,True,False,True,0.006671,0.006719,0.006623,Success,2.0,,backtest_2025-08-26_15-44-54.csv
2025-08-25 18:34:54,TRXUSDT,Neutral,11,5.0,False,46.98225395502279,0.5656260194180064,0.0001040848385189,10.0,,False,False,True,0.35105,0.353557,0.348542,Inconclusive,,,backtest_2025-08-26_15-44-54.csv
2025-08-25 18:34:54,1000SHIBUSDT,Neutral,11,5.0,False,52.02260791501725,0.8368456555942789,6.205765276971917e-06,10.0,,False,False,True,0.012338,0.012426,0.01225,Inconclusive,,,backtest_2025-08-26_15-44-54.csv
2025-08-25 18:34:54,HBARUSDT,Neutral,17,5.0,False,46.103862798807,0.4320991017961126,8.405162021826089e-06,10.0,,True,False,True,0.23706,0.238753,0.235367,Inconclusive,,,backtest_2025-08-26_15-44-54.csv
2025-08-25 18:34:54,NEARUSDT,Neutral,11,5.0,False,50.436504943042536,0.8375535982126628,0.0012503755583588,10.0,,False,False,True,2.471,2.48865,2.45335,Inconclusive,,,backtest_2025-08-26_15-44-54.csv
2025-08-25 18:34:54,CRVUSDT,Neutral,13,5.0,False,42.37712704433668,0.2450185661392281,-0.0002513476742385,10.0,,False,False,True,0.829,0.834921,0.823079,Inconclusive,,,backtest_2025-08-26_15-44-54.csv
2025-08-25 18:34:54,BCHUSDT,Neutral,11,5.0,False,49.88986018723476,0.6314193586376066,0.1492223103225529,10.0,,False,False,True,560.2,564.201429,556.198571,Inconclusive,,,backtest_2025-08-26_15-44-54.csv
2025-08-25 18:34:54,ONDOUSDT,Neutral,11,5.0,False,50.3155773342078,0.8269966552150756,0.0005246863673148,10.0,,False,False,True,0.922,0.928586,0.915414,Inconclusive,,,backtest_2025-08-26_15-44-54.csv
2025-08-25 18:34:54,LDOUSDT,Neutral,23,5.0,False,33.43974521369961,0.1783443172475291,0.0004723433147727,10.0,,False,False,True,1.3203,1.329731,1.310869,Inconclusive,,,backtest_2025-08-26_15-44-54.csv
2025-08-25 18:34:54,OPUSDT,Neutral,11,5.0,False,47.94372002828568,0.6896155238860713,0.0002913000182549,10.0,,False,False,True,0.7196,0.72474,0.71446,Inconclusive,,,backtest_2025-08-26_15-44-54.csv
2025-08-25 18:34:54,ETHFIUSDT,Neutral,11,5.0,False,45.94406569211447,0.6909956112736007,0.001182552465064,10.0,,False,False,True,1.1377,1.145826,1.129574,Inconclusive,,,backtest_2025-08-26_15-44-54.csv
2025-08-25 18:34:54,XLMUSDT,Neutral,19,5.0,False,48.88734423229179,0.5205369816392037,-4.915673143705352e-05,10.0,,True,False,True,0.39321,0.396019,0.390401,Inconclusive,,,backtest_2025-08-26_15-44-54.csv
2025-08-25 18:34:54,TIAUSDT,Neutral,11,5.0,False,44.98187942020073,0.4944678945089984,0.0004846315495198,10.0,,False,False,True,1.6907,1.702776,1.678624,Inconclusive,,,backtest_2025-08-26_15-44-54.csv
2025-08-25 18:34:54,BOMEUSDT,Neutral,23,5.0,False,37.670447688170185,0.4394688179672572,3.1441973198366403e-06,10.0,,False,False,True,0.002032,0.002047,0.002017,Inconclusive,,,backtest_2025-08-26_15-44-54.csv
2025-08-25 18:34:54,APTUSDT,Neutral,17,5.0,False,49.95071222963124,0.7949931310514745,0.0019048362560038,10.0,,True,False,True,4.3951,4.426494,4.363706,Inconclusive,,,backtest_2025-08-26_15-44-54.csv
2025-08-25 18:34:54,MYXUSDT,Neutral,30,5.0,False,51.46308343237575,0.4367910986908375,-0.0012055633722811,10.0,,True,False,True,1.2001,1.208672,1.191528,Inconclusive,,,backtest_2025-08-26_15-44-54.csv
2025-08-25 18:34:54,TAOUSDT,Neutral,25,5.0,False,33.269982465401625,0.1358656308378683,-0.2454767996569942,10.0,,False,False,True,335.26,337.654714,332.865286,Inconclusive,,,backtest_2025-08-26_15-44-54.csv
2025-08-25 18:34:54,INJUSDT,Neutral,17,5.0,False,48.006281197815255,0.6322037002946248,0.0039502614404127,10.0,,True,False,True,13.357,13.452407,13.261593,Inconclusive,,,backtest_2025-08-26_15-44-54.csv
2025-08-25 18:34:54,VIRTUALUSDT,Neutral,11,5.0,False,46.18209673264784,0.5436777400770731,0.0005136911423503,10.0,,False,False,True,1.1616,1.169897,1.153303,Inconclusive,,,backtest_2025-08-26_15-44-54.csv
2025-08-25 18:34:54,SEIUSDT,Neutral,11,5.0,False,45.82198140516244,0.5570291158472491,8.366815476176348e-05,10.0,,False,False,True,0.2929,0.294992,0.290808,Inconclusive,,,backtest_2025-08-26_15-44-54.csv
2025-08-25 18:34:54,ZORAUSDT,Neutral,11,5.0,False,47.40716936878479,0.6241482999311351,0.0001022841853238,10.0,,False,False,True,0.11023,0.111017,0.109443,Inconclusive,,,backtest_2025-08-26_15-44-54.csv
2025-08-25 18:34:54,BIDUSDT,Neutral,30,5.0,False,52.08452531987624,0.5007700167745531,-0.0001246726796817,10.0,,True,False,True,0.10556,0.106314,0.104806,Inconclusive,,,backtest_2025-08-26_15-44-54.csv
2025-08-25 18:34:54,ONGUSDT,Neutral,13,5.0,False,46.93280814331764,0.4148459951995144,-3.2261722587595493e-05,10.0,,False,False,True,0.19855,0.199968,0.197132,Inconclusive,,,backtest_2025-08-26_15-44-54.csv
2025-08-25 18:34:54,ALGOUSDT,Neutral,11,5.0,False,43.79987273374595,0.4184685584782295,0.0001420881034242,10.0,,False,False,True,0.2544,0.256217,0.252583,Inconclusive,,,backtest_2025-08-26_15-44-54.csv
2025-08-25 18:34:54,XPLUSDT,Neutral,28,5.0,False,55.62522011118987,0.7187453904088231,0.0011678803689322,10.0,,True,False,True,0.5566,0.560576,0.552624,Inconclusive,,,backtest_2025-08-26_15-44-54.csv
2025-08-25 18:34:54,PENDLEUSDT,Neutral,11,5.0,False,44.47974608761203,0.5861516838861637,0.0035084627708152,10.0,,False,False,True,5.3412,5.379351,5.303049,Inconclusive,,,backtest_2025-08-26_15-44-54.csv
2025-08-25 18:34:54,IOSTUSDT,Neutral,28,5.0,False,51.13238405703044,0.6196220364960292,2.694680538149411e-06,10.0,,True,False,True,0.003921,0.003949,0.003893,Inconclusive,,,backtest_2025-08-26_15-44-54.csv
2025-08-25 18:34:54,GALAUSDT,Neutral,11,5.0,False,47.09611768202129,0.6873648331293354,1.164632407333392e-05,10.0,,False,False,True,0.01661,0.016729,0.016491,Inconclusive,,,backtest_2025-08-26_15-44-54.csv
2025-08-25 18:34:54,TONUSDT,Neutral,28,5.0,False,52.23709341369527,0.7811748711032679,0.0009211775855023,10.0,,True,False,True,3.2148,3.237763,3.191837,Inconclusive,,,backtest_2025-08-26_15-44-54.csv
2025-08-25 18:34:54,CFXUSDT,Neutral,28,5.0,False,54.35673785906341,0.8825622178453211,0.0001193872329547,10.0,,True,False,True,0.17778,0.17905,0.17651,Inconclusive,,,backtest_2025-08-26_15-44-54.csv
2025-08-25 18:34:54,PNUTUSDT,Neutral,11,5.0,False,49.7649879443784,0.7691547310818294,0.0001378231769498,10.0,,False,False,True,0.21218,0.213696,0.210664,Inconclusive,,,backtest_2025-08-26_15-44-54.csv
2025-08-25 18:59:04,ETHUSDT,Neutral,11,5.0,False,42.27039846546648,0.2382461363714248,0.5749163735909182,10.0,,False,False,True,4576.35,4609.038214,4543.661786,Inconclusive,,,backtest_2025-08-26_15-44-57.csv
2025-08-25 18:59:04,BTCUSDT,Neutral,30,5.0,False,50.79766625622493,0.4764749131891643,-12.350191595709928,10.0,,True,False,True,112415.4,113218.367143,111612.432857,Inconclusive,,,backtest_2025-08-26_15-44-57.csv
2025-08-25 18:59:04,SOLUSDT,Neutral,13,5.0,False,47.28692364091076,0.381393931569715,-0.0259642210934715,10.0,,False,False,True,196.7,198.105,195.295,Inconclusive,,,backtest_2025-08-26_15-44-57.csv
2025-08-25 18:59:04,XRPUSDT,Neutral,28,5.0,False,53.85565740114701,0.7100724245601884,0.0001189441622447,10.0,,True,False,True,2.9601,2.981244,2.938956,Inconclusive,,,backtest_2025-08-26_15-44-57.csv
2025-08-25 18:59:04,DOGEUSDT,Neutral,13,5.0,False,44.27797903118856,0.1927250185900613,-4.172849101042852e-05,10.0,,False,False,True,0.21774,0.219295,0.216185,Inconclusive,,,backtest_2025-08-26_15-44-57.csv
2025-08-25 18:59:04,ADAUSDT,Neutral,30,5.0,False,50.73999891644652,0.5664610904569857,-2.0625515949119285e-05,10.0,,True,False,True,0.8699,0.876114,0.863686,Inconclusive,,,backtest_2025-08-26_15-44-57.csv
2025-08-25 18:59:04,LINKUSDT,Neutral,25,5.0,False,39.89628528476448,0.1803945168096457,-0.0056021629010682,10.0,,False,False,True,24.243,24.416164,24.069836,Inconclusive,,,backtest_2025-08-26_15-44-57.csv
2025-08-25 18:59:04,1000PEPEUSDT,Neutral,11,5.0,False,47.31521182933081,0.5128486219320632,4.042903417904114e-06,10.0,,False,False,True,0.0101,0.010172,0.010027,Inconclusive,,,backtest_2025-08-26_15-44-57.csv
2025-08-25 18:59:04,SUIUSDT,Neutral,13,5.0,False,41.40125892710703,0.1195181621311939,-0.0001365163595088,10.0,,False,False,True,3.4424,3.466989,3.417811,Inconclusive,,,backtest_2025-08-26_15-44-57.csv
2025-08-25 18:59:04,ENAUSDT,Neutral,28,5.0,False,51.4232298903332,0.6356287777848942,0.0002229258329916,10.0,,True,False,True,0.6493,0.653938,0.644662,Inconclusive,,,backtest_2025-08-26_15-44-57.csv
2025-08-25 18:59:04,BNBUSDT,Neutral,21,5.0,False,50.24068527528794,0.5737152866282235,0.0805417562822901,10.0,,False,False,True,865.73,871.913786,859.546214,Inconclusive,,,backtest_2025-08-26_15-44-57.csv
2025-08-25 18:59:04,BIOUSDT,Neutral,17,5.0,False,53.4754818807713,0.7481893458237502,0.0006572069012706,10.0,,True,False,True,0.20714,0.20862,0.20566,Inconclusive,,,backtest_2025-08-26_15-44-57.csv
2025-08-25 18:59:04,ONTUSDT,Neutral,11,5.0,False,50.82644496304663,0.516947205706173,5.746753138464219e-05,10.0,,False,False,True,0.1948,0.196191,0.193409,Inconclusive,,,backtest_2025-08-26_15-44-57.csv
2025-08-25 18:59:04,AVAXUSDT,Neutral,11,5.0,False,41.217465584234255,0.163467853789845,0.0043572439267732,10.0,,False,False,True,23.924,24.094886,23.753114,Inconclusive,,,backtest_2025-08-26_15-44-57.csv
2025-08-25 18:59:04,FARTCOINUSDT,Neutral,23,5.0,False,39.54516090346448,0.1331652590397017,3.1042308317809006e-05,10.0,,False,False,True,0.857,0.863121,0.850879,Inconclusive,,,backtest_2025-08-26_15-44-57.csv
2025-08-25 18:59:04,HYPEUSDT,Neutral,25,5.0,False,32.70394622509578,0.0546477188716301,-0.0238708036643008,10.0,,False,False,True,45.117,45.439264,44.794736,Inconclusive,,,backtest_2025-08-26_15-44-57.csv
2025-08-25 18:59:04,LTCUSDT,Neutral,25,5.0,False,38.59852706486808,0.1000465330868069,-0.0374543710418296,10.0,,False,False,True,111.16,111.954,110.366,Inconclusive,,,backtest_2025-08-26_15-44-57.csv
2025-08-25 18:59:04,WLFIUSDT,Neutral,28,5.0,False,57.236596573264364,0.6390876025955906,1.5558029418725854e-06,10.0,,True,False,True,0.2223,0.223888,0.220712,Inconclusive,,,backtest_2025-08-26_15-44-57.csv
2025-08-25 18:59:04,PROMPTUSDT,Neutral,19,5.0,False,45.01658457036324,0.1679176416978808,-0.0006339248089933,10.0,,True,False,True,0.3451,0.347565,0.342635,Inconclusive,,,backtest_2025-08-26_15-44-57.csv
2025-08-25 18:59:04,WIFUSDT,Neutral,11,5.0,False,44.25471208132287,0.2388077303690064,0.0001441146424284,10.0,,False,False,True,0.8046,0.810347,0.798853,Inconclusive,,,backtest_2025-08-26_15-44-57.csv
2025-08-25 18:59:04,ARBUSDT,Neutral,25,5.0,False,34.97771083602113,0.0473910381868384,-2.094423607916767e-06,10.0,,False,True,True,0.5343,0.538116,0.530484,Inconclusive,,,backtest_2025-08-26_15-44-57.csv
2025-08-25 18:59:04,SPKUSDT,Buy,41,5.0,False,57.79201857723203,0.8599507849175803,0.0003547771676049,10.0,1.0,False,False,True,0.07489,0.075425,0.074355,Fail,0.0,Yes,backtest_2025-08-26_15-44-57.csv
2025-08-25 18:59:04,AAVEUSDT,Neutral,25,5.0,False,38.038427894857215,0.1697978065630087,-0.006427188079919,10.0,,False,False,True,322.28,324.582,319.978,Inconclusive,,,backtest_2025-08-26_15-44-57.csv
2025-08-25 18:59:04,QTUMUSDT,Buy,41,5.0,False,63.94016628450977,0.8196123528536781,0.0049966188690909,10.0,1.0,False,False,True,3.061,3.082864,3.039136,Success,21.0,,backtest_2025-08-26_15-44-57.csv
2025-08-25 18:59:04,PENGUUSDT,Neutral,11,5.0,False,42.83276487203303,0.298404097475197,1.5595750233322327e-05,10.0,,False,False,True,0.030965,0.031186,0.030744,Inconclusive,,,backtest_2025-08-26_15-44-57.csv
2025-08-25 18:59:04,MEMEUSDT,Neutral,11,5.0,False,49.27134907779045,0.5478814678768026,2.598510096529329e-06,10.0,,False,False,True,0.00348,0.003505,0.003455,Inconclusive,,,backtest_2025-08-26_15-44-57.csv
2025-08-25 18:59:04,UNIUSDT,Neutral,23,5.0,False,36.597858826590766,0.1601621905686162,0.0015471387442484,10.0,,False,False,True,9.953,10.024093,9.881907,Inconclusive,,,backtest_2025-08-26_15-44-57.csv
2025-08-25 18:59:04,TRUMPUSDT,Neutral,23,5.0,False,39.64933540269044,0.0247282775446613,0.0009489164252832,10.0,,False,True,True,8.348,8.407629,8.288371,Inconclusive,,,backtest_2025-08-26_15-44-57.csv
2025-08-25 18:59:04,DOTUSDT,Neutral,11,5.0,False,42.35155107279199,0.1935470693673202,0.0007284577183439,10.0,,False,False,True,3.84,3.867429,3.812571,Inconclusive,,,backtest_2025-08-26_15-44-57.csv
2025-08-25 18:59:04,1000BONKUSDT,Neutral,11,5.0,False,43.45856660379137,0.1519782725740329,2.914865717381293e-08,10.0,,False,False,True,0.02076,0.020908,0.020612,Inconclusive,,,backtest_2025-08-26_15-44-57.csv
2025-08-25 18:59:04,PUMPUSDT,Neutral,19,5.0,False,40.44734651184304,0.2385815534073457,-2.252572188696026e-06,10.0,,True,False,True,0.002823,0.002843,0.002803,Inconclusive,,,backtest_2025-08-26_15-44-57.csv
2025-08-25 18:59:04,WLDUSDT,Neutral,11,5.0,False,42.58926028217447,0.1926417411603523,0.000168303329685,10.0,,False,False,True,0.9152,0.921737,0.908663,Inconclusive,,,backtest_2025-08-26_15-44-57.csv
2025-08-25 18:59:04,ETCUSDT,Neutral,11,5.0,False,44.35174666423907,0.254758738309743,0.0023950603674201,10.0,,False,False,True,21.695,21.849964,21.540036,Inconclusive,,,backtest_2025-08-26_15-44-57.csv
2025-08-25 18:59:04,FILUSDT,Neutral,11,5.0,False,43.26615842175816,0.0984896813594571,0.0003532958564846,10.0,,False,False,True,2.259,2.275136,2.242864,Inconclusive,,,backtest_2025-08-26_15-44-57.csv
2025-08-25 18:59:04,XNYUSDT,Neutral,28,5.0,False,55.41780586271162,0.6288671674458688,4.7289584171141176e-06,10.0,,True,False,True,0.006638,0.006685,0.006591,Inconclusive,,,backtest_2025-08-26_15-44-57.csv
2025-08-25 18:59:04,NEOUSDT,Neutral,11,5.0,False,51.74678163734679,0.7210637281101083,0.0066393027278729,10.0,,False,False,True,7.475,7.528393,7.421607,Inconclusive,,,backtest_2025-08-26_15-44-57.csv
2025-08-25 18:59:04,TRXUSDT,Neutral,11,5.0,False,42.26743761445779,0.3184730795723335,4.540134539041932e-05,10.0,,False,False,True,0.35066,0.353165,0.348155,Inconclusive,,,backtest_2025-08-26_15-44-57.csv
2025-08-25 18:59:04,1000SHIBUSDT,Neutral,11,5.0,False,43.97774312494233,0.2244946835142586,8.620000822823826e-07,10.0,,False,False,True,0.012298,0.012386,0.01221,Inconclusive,,,backtest_2025-08-26_15-44-57.csv
2025-08-25 18:59:04,HBARUSDT,Neutral,19,5.0,False,42.51189962353506,0.1737152757644801,-1.8068695546564616e-05,10.0,,True,False,True,0.23638,0.238068,0.234692,Inconclusive,,,backtest_2025-08-26_15-44-57.csv
2025-08-25 18:59:04,NEARUSDT,Neutral,11,5.0,False,44.28296632740603,0.303168192057372,0.0007888776627058,10.0,,False,False,True,2.461,2.478579,2.443421,Inconclusive,,,backtest_2025-08-26_15-44-57.csv
2025-08-25 18:59:04,BCHUSDT,Neutral,13,5.0,False,43.54989046519116,0.1979986613631126,-0.0038199102234477,10.0,,False,False,True,558.82,562.811571,554.828429,Inconclusive,,,backtest_2025-08-26_15-44-57.csv
2025-08-25 18:59:04,CRVUSDT,Neutral,13,5.0,False,40.50565888022072,0.2281851178804314,-2.3848952951172325e-05,10.0,,False,False,True,0.827,0.832907,0.821093,Inconclusive,,,backtest_2025-08-26_15-44-57.csv
2025-08-25 18:59:04,ONDOUSDT,Neutral,11,5.0,False,44.33220407500653,0.312406710092437,0.0001447609379813,10.0,,False,False,True,0.9186,0.925161,0.912039,Inconclusive,,,backtest_2025-08-26_15-44-57.csv
2025-08-25 18:59:04,LDOUSDT,Neutral,23,5.0,False,32.188604475222576,0.1837464838653092,0.0004141360771833,10.0,,False,False,True,1.3174,1.32681,1.30799,Inconclusive,,,backtest_2025-08-26_15-44-57.csv
2025-08-25 18:59:04,OPUSDT,Neutral,11,5.0,False,41.96097079049526,0.1650784326254759,0.0001639248665384,10.0,,False,False,True,0.717,0.722121,0.711879,Inconclusive,,,backtest_2025-08-26_15-44-57.csv
2025-08-25 18:59:04,ETHFIUSDT,Neutral,11,5.0,False,42.606807593223614,0.3966283133055082,0.001117324875598,10.0,,False,False,True,1.1341,1.142201,1.125999,Inconclusive,,,backtest_2025-08-26_15-44-57.csv
2025-08-25 18:59:04,XLMUSDT,Neutral,13,5.0,False,42.69691481527346,0.1525885107002094,-0.0001647119372694,10.0,,False,False,True,0.39182,0.394619,0.389021,Inconclusive,,,backtest_2025-08-26_15-44-57.csv
2025-08-25 18:59:04,TIAUSDT,Neutral,25,5.0,False,37.78896604106688,0.0304305150047212,-3.0613097127043035e-05,10.0,,False,True,True,1.6808,1.692806,1.668794,Inconclusive,,,backtest_2025-08-26_15-44-57.csv
2025-08-25 18:59:04,BOMEUSDT,Neutral,23,5.0,False,39.53257049780787,0.4547516432002202,3.202487867220569e-06,10.0,,False,False,True,0.002031,0.002046,0.002016,Inconclusive,,,backtest_2025-08-26_15-44-57.csv
2025-08-25 18:59:04,APTUSDT,Neutral,13,5.0,False,40.69239539121425,0.0823712362205866,-0.000206592021019,10.0,,False,False,True,4.3742,4.405444,4.342956,Inconclusive,,,backtest_2025-08-26_15-44-57.csv
2025-08-25 18:59:04,MYXUSDT,Neutral,30,5.0,False,46.44463132502115,0.3426078807338477,-0.0002137505031615,10.0,,True,False,True,1.1958,1.204341,1.187259,Inconclusive,,,backtest_2025-08-26_15-44-57.csv
2025-08-25 18:59:04,TAOUSDT,Neutral,25,5.0,False,30.947944980729872,0.1769402362432104,-0.2110431617771628,10.0,,False,False,True,333.42,335.801571,331.038429,Inconclusive,,,backtest_2025-08-26_15-44-57.csv
2025-08-25 18:59:04,INJUSDT,Neutral,11,5.0,False,42.86045828564783,0.164178089103362,0.0015047594729789,10.0,,False,False,True,13.304,13.399029,13.208971,Inconclusive,,,backtest_2025-08-26_15-44-57.csv
2025-08-25 18:59:04,VIRTUALUSDT,Neutral,23,5.0,False,38.64886459203846,0.0680188720292524,2.0846427752215305e-05,10.0,,False,False,True,1.1549,1.163149,1.146651,Inconclusive,,,backtest_2025-08-26_15-44-57.csv
2025-08-25 18:59:04,SEIUSDT,Neutral,23,5.0,False,39.63900571213885,0.0769892312692795,2.512771170331109e-05,10.0,,False,False,True,0.2918,0.293884,0.289716,Inconclusive,,,backtest_2025-08-26_15-44-57.csv
2025-08-25 18:59:04,BIDUSDT,Neutral,30,5.0,False,52.23101076417895,0.5081178659414406,-2.651539315364052e-05,10.0,,True,False,True,0.10567,0.106425,0.104915,Inconclusive,,,backtest_2025-08-26_15-44-57.csv
2025-08-25 18:59:04,ZORAUSDT,Neutral,23,5.0,False,38.61511233681341,0.0650834228618268,2.380221125621604e-05,10.0,,False,False,True,0.10908,0.109859,0.108301,Inconclusive,,,backtest_2025-08-26_15-44-57.csv
2025-08-25 18:59:04,ONGUSDT,Neutral,13,5.0,False,45.25811993075524,0.2583958901021017,-3.119348144553665e-05,10.0,,False,False,True,0.19829,0.199706,0.196874,Inconclusive,,,backtest_2025-08-26_15-44-57.csv
2025-08-25 18:59:04,XPLUSDT,Buy,47,5.0,False,57.93260022080188,0.9560279082545606,0.0013920860932266,10.0,1.0,True,False,True,0.5592,0.563194,0.555206,Fail,16.0,No,backtest_2025-08-26_15-44-57.csv
2025-08-25 18:59:04,ALGOUSDT,Neutral,25,5.0,False,34.68518976463454,0.0109594822314818,-4.522771131739074e-05,10.0,,False,True,True,0.2523,0.254102,0.250498,Inconclusive,,,backtest_2025-08-26_15-44-57.csv
2025-08-25 18:59:04,PENDLEUSDT,Neutral,11,5.0,False,40.27042950408703,0.1518434571542657,0.0015959702166126,10.0,,False,False,True,5.3228,5.36082,5.28478,Inconclusive,,,backtest_2025-08-26_15-44-57.csv
2025-08-25 18:59:04,IOSTUSDT,Neutral,30,5.0,False,50.98180614283634,0.5086507888786485,-2.205541727643689e-06,10.0,,True,False,True,0.003916,0.003944,0.003888,Inconclusive,,,backtest_2025-08-26_15-44-57.csv
2025-08-25 18:59:04,GALAUSDT,Neutral,11,5.0,False,42.82139948469901,0.1987902662138654,5.307492294608563e-06,10.0,,False,False,True,0.01655,0.016668,0.016432,Inconclusive,,,backtest_2025-08-26_15-44-57.csv
2025-08-25 18:59:04,TONUSDT,Neutral,13,5.0,False,42.74369489959481,0.1085107915579263,-0.0001611012626937,10.0,,False,False,True,3.2053,3.228195,3.182405,Inconclusive,,,backtest_2025-08-26_15-44-57.csv
2025-08-25 18:59:04,CFXUSDT,Neutral,11,5.0,False,49.00938085116409,0.5630976750412736,6.64271790625672e-05,10.0,,False,False,True,0.17731,0.178576,0.176043,Inconclusive,,,backtest_2025-08-26_15-44-57.csv
2025-08-25 18:59:04,PNUTUSDT,Neutral,11,5.0,False,42.592838569045234,0.1179702079615548,3.826747349691418e-05,10.0,,False,False,True,0.21104,0.212547,0.209533,Inconclusive,,,backtest_2025-08-26_15-44-57.csv
2025-08-25 19:22:04,ETHUSDT,Buy,53,5.0,False,30.968686970882857,-0.0644908246335592,-4.472811426596531,5.0,1.0,False,True,True,4527.96,4560.302571,4495.617429,Fail,8.0,No,backtest_2025-08-26_15-45-30.csv
2025-08-25 19:22:04,BTCUSDT,Buy,59,5.0,False,37.88924814913005,-0.022123148306334,-64.24187576215631,5.0,1.0,True,True,True,111884.8,112683.977143,111085.622857,Fail,17.0,No,backtest_2025-08-26_15-45-30.csv
2025-08-25 19:22:04,SOLUSDT,Buy,53,5.0,False,32.68549258707232,-0.0282209536649062,-0.3343285413674642,5.0,1.0,False,True,True,194.02,195.405857,192.634143,Fail,8.0,No,backtest_2025-08-26_15-45-30.csv
2025-08-25 19:22:04,XRPUSDT,Buy,53,5.0,False,38.26957819799056,-0.0210902414388462,-0.0030310814696268,5.0,1.0,False,True,True,2.9322,2.953144,2.911256,Fail,16.0,No,backtest_2025-08-26_15-45-30.csv
2025-08-25 19:22:04,DOGEUSDT,Buy,53,5.0,False,35.90637230075983,-0.0069049924943593,-0.0001943691687627,5.0,1.0,False,True,True,0.21613,0.217674,0.214586,Fail,18.0,No,backtest_2025-08-26_15-45-30.csv
2025-08-25 19:22:04,ADAUSDT,Neutral,13,5.0,False,41.9320099256086,0.0455652298358485,-0.0007637378579726,5.0,,False,True,True,0.8641,0.870272,0.857928,Inconclusive,,,backtest_2025-08-26_15-45-30.csv
2025-08-25 19:22:04,LINKUSDT,Buy,53,5.0,False,33.28871293660188,-0.0212214620419902,-0.0272285317254135,5.0,1.0,False,True,True,23.998,24.169414,23.826586,Fail,16.0,No,backtest_2025-08-26_15-45-30.csv
2025-08-25 19:22:04,1000PEPEUSDT,Buy,53,5.0,False,39.05772109226168,-0.0338882112975412,-5.124708016242721e-06,5.0,1.0,False,True,True,0.010029,0.0101,0.009957,Fail,9.0,No,backtest_2025-08-26_15-45-30.csv
2025-08-25 19:22:04,SUIUSDT,Neutral,25,5.0,False,36.28921148797134,0.0098332234609928,-0.0026286729028237,5.0,,False,True,True,3.4209,3.445335,3.396465,Inconclusive,,,backtest_2025-08-26_15-45-30.csv
2025-08-25 19:22:04,BNBUSDT,Neutral,13,5.0,False,42.792642850760025,0.0923114996716683,-0.2944759857285709,5.0,,False,False,True,863.23,869.395929,857.064071,Inconclusive,,,backtest_2025-08-26_15-45-30.csv
2025-08-25 19:22:04,ENAUSDT,Buy,53,5.0,False,33.41203309545622,-0.0590283713749937,-0.0010124812068808,5.0,1.0,False,True,True,0.6397,0.644269,0.635131,Fail,9.0,No,backtest_2025-08-26_15-45-30.csv
2025-08-25 19:22:04,BIOUSDT,Neutral,13,5.0,False,45.12742038888681,0.2705163007385418,-5.121480512510474e-05,5.0,,False,False,True,0.20403,0.205487,0.202573,Inconclusive,,,backtest_2025-08-26_15-45-30.csv
2025-08-25 19:22:04,ONTUSDT,Neutral,13,5.0,False,48.192911236097856,0.2738689700273126,-0.0002911080925698,5.0,,False,False,True,0.194,0.195386,0.192614,Inconclusive,,,backtest_2025-08-26_15-45-30.csv
2025-08-25 19:22:04,AVAXUSDT,Buy,53,5.0,False,37.039536907977,-0.0035521737083421,-0.0106038534433853,5.0,1.0,False,True,True,23.796,23.965971,23.626029,Fail,17.0,No,backtest_2025-08-26_15-45-30.csv
2025-08-25 19:22:04,FARTCOINUSDT,Neutral,25,5.0,False,37.77979738380034,0.0698754897540282,-0.0004851234447657,5.0,,False,False,True,0.8507,0.856776,0.844624,Inconclusive,,,backtest_2025-08-26_15-45-30.csv
2025-08-25 19:22:04,HYPEUSDT,Strong Buy,79,5.0,True,21.876060468635718,-0.0218439536747194,-0.0665591587668693,5.0,2.0,True,True,True,44.562,44.8803,44.2437,Fail,14.0,No,backtest_2025-08-26_15-45-30.csv
2025-08-25 19:22:04,LTCUSDT,Buy,53,5.0,False,35.35324104753683,-0.0171698215950206,-0.0695577117814972,5.0,1.0,False,True,True,110.65,111.440357,109.859643,Fail,19.0,No,backtest_2025-08-26_15-45-30.csv
2025-08-25 19:22:04,WLFIUSDT,Neutral,30,5.0,False,51.03577584351834,0.4102108422372459,-0.0004561692928717,5.0,,True,False,True,0.2206,0.222176,0.219024,Inconclusive,,,backtest_2025-08-26_15-45-30.csv
2025-08-25 19:22:04,PROMPTUSDT,Neutral,13,5.0,False,43.91360202277684,0.1262324515664361,-0.0004609204651415,5.0,,False,False,True,0.3443,0.346759,0.341841,Inconclusive,,,backtest_2025-08-26_15-45-30.csv
2025-08-25 19:22:04,WIFUSDT,Buy,53,5.0,False,37.12401108780002,-0.0647888533940945,-0.000544488302739,5.0,1.0,False,True,True,0.7988,0.804506,0.793094,Fail,8.0,No,backtest_2025-08-26_15-45-30.csv
2025-08-25 19:22:04,ARBUSDT,Neutral,25,5.0,False,34.984850507908945,0.0092385263259877,-0.0002359181618478,5.0,,False,True,True,0.5314,0.535196,0.527604,Inconclusive,,,backtest_2025-08-26_15-45-30.csv
2025-08-25 19:22:04,SPKUSDT,Neutral,21,5.0,False,58.42201641243632,0.8206892863744732,0.0001524985330518,5.0,,False,False,True,0.07502,0.075556,0.074484,Inconclusive,,,backtest_2025-08-26_15-45-30.csv
2025-08-25 19:22:04,AAVEUSDT,Neutral,25,5.0,False,35.67166723885306,0.0306823302514156,-0.1081363317402669,5.0,,False,True,True,321.24,323.534571,318.945429,Inconclusive,,,backtest_2025-08-26_15-45-30.csv
2025-08-25 19:22:04,QTUMUSDT,Buy,41,5.0,False,68.56468594640629,0.8643964733935764,0.0034402648289438,5.0,1.0,False,False,True,3.078,3.099986,3.056014,Success,2.0,,backtest_2025-08-26_15-45-30.csv
2025-08-25 19:22:04,PENGUUSDT,Buy,53,5.0,False,33.605891171088174,-0.0519403670322995,-3.50549181965621e-05,5.0,1.0,False,True,True,0.030597,0.030816,0.030378,Fail,9.0,No,backtest_2025-08-26_15-45-30.csv
2025-08-25 19:22:04,UNIUSDT,Neutral,25,5.0,False,34.43399567521023,0.0351158309259644,-0.0031194587215444,5.0,,False,True,True,9.896,9.966686,9.825314,Inconclusive,,,backtest_2025-08-26_15-45-30.csv
2025-08-25 19:22:04,MEMEUSDT,Neutral,11,5.0,False,50.20905426351479,0.5406029269354442,1.5606292148547818e-06,5.0,,False,False,True,0.003489,0.003514,0.003464,Inconclusive,,,backtest_2025-08-26_15-45-30.csv
2025-08-25 19:22:04,TRUMPUSDT,Buy,53,5.0,False,30.694101278698767,-0.1154137534672197,-0.0055053033116401,5.0,1.0,False,True,True,8.293,8.352236,8.233764,Fail,32.0,No,backtest_2025-08-26_15-45-30.csv
2025-08-25 19:22:04,DOTUSDT,Buy,53,5.0,False,36.18007940800937,-0.0501671282366566,-0.0018581444906392,5.0,1.0,False,True,True,3.819,3.846279,3.791721,Fail,19.0,No,backtest_2025-08-26_15-45-30.csv
2025-08-25 19:22:04,1000BONKUSDT,Neutral,25,5.0,False,38.27087373945165,0.0044125478034002,-1.7432096580040344e-05,5.0,,False,True,True,0.020632,0.020779,0.020485,Inconclusive,,,backtest_2025-08-26_15-45-30.csv
2025-08-25 19:22:04,WLDUSDT,Buy,53,5.0,False,36.49940343624616,-0.0073036855657206,-0.0003836395909595,5.0,1.0,False,True,True,0.9094,0.915896,0.902904,Fail,17.0,No,backtest_2025-08-26_15-45-30.csv
2025-08-25 19:22:04,PUMPUSDT,Neutral,13,5.0,False,41.36106418389771,0.2356977948618342,-1.8572443295131416e-06,5.0,,False,False,True,0.002822,0.002842,0.002802,Inconclusive,,,backtest_2025-08-26_15-45-30.csv
2025-08-25 19:22:04,ETCUSDT,Buy,53,5.0,False,35.14028990167024,-0.0824196087984231,-0.0188380489497823,5.0,1.0,False,True,True,21.535,21.688821,21.381179,Fail,33.0,No,backtest_2025-08-26_15-45-30.csv
2025-08-25 19:22:04,FILUSDT,Buy,53,5.0,False,38.84762315870262,-0.0138701197768834,-0.0012285778866714,5.0,1.0,False,True,True,2.248,2.264057,2.231943,Fail,17.0,No,backtest_2025-08-26_15-45-30.csv
2025-08-25 19:22:04,TRXUSDT,Strong Buy,79,5.0,True,29.37389426477776,-0.1322000127653243,-0.000125299916367,5.0,2.0,True,True,True,0.34919,0.351684,0.346696,Fail,18.0,No,backtest_2025-08-26_15-45-30.csv
2025-08-25 19:22:04,XNYUSDT,Buy,47,5.0,False,63.86697346541286,0.8840764780611595,7.421027253975514e-06,5.0,1.0,True,False,True,0.006761,0.006809,0.006713,Success,1.0,,backtest_2025-08-26_15-45-30.csv
2025-08-25 19:22:04,NEOUSDT,Neutral,11,5.0,False,46.91937334441735,0.3352521545840338,0.0018738045641053,5.0,,False,False,True,7.452,7.505229,7.398771,Inconclusive,,,backtest_2025-08-26_15-45-30.csv
2025-08-25 19:22:04,1000SHIBUSDT,Buy,53,5.0,False,36.628717557294095,-0.046411498166643,-8.191698471502895e-06,5.0,1.0,False,True,True,0.01223,0.012317,0.012143,Fail,32.0,No,backtest_2025-08-26_15-45-30.csv
2025-08-25 19:22:04,HBARUSDT,Neutral,25,5.0,False,38.20527093253872,0.0305130610960632,-0.0001229407379779,5.0,,False,True,True,0.23516,0.23684,0.23348,Inconclusive,,,backtest_2025-08-26_15-45-30.csv
2025-08-25 19:22:04,CRVUSDT,Neutral,25,5.0,False,30.424152586860476,0.0117395853858987,-0.0013819311731078,5.0,,False,True,True,0.813,0.818807,0.807193,Inconclusive,,,backtest_2025-08-26_15-45-30.csv
2025-08-25 19:22:04,NEARUSDT,Buy,53,5.0,False,38.84021144371039,-0.0084325741343025,-0.0009170199390166,5.0,1.0,False,True,True,2.448,2.465486,2.430514,Fail,32.0,No,backtest_2025-08-26_15-45-30.csv
2025-08-25 19:22:04,BCHUSDT,Buy,53,5.0,False,37.19983635203217,-0.017556886313973,-0.2619709786395874,5.0,1.0,False,True,True,556.81,560.787214,552.832786,Fail,32.0,No,backtest_2025-08-26_15-45-30.csv
2025-08-25 19:22:04,ONDOUSDT,Buy,53,5.0,False,38.45770353981898,-0.0054272928461792,-0.0005484976899592,5.0,1.0,False,True,True,0.9129,0.919421,0.906379,Fail,9.0,No,backtest_2025-08-26_15-45-30.csv
2025-08-25 19:22:04,LDOUSDT,Strong Buy,79,5.0,True,25.24396923445717,-0.019975273043293,-0.0003877210759434,5.0,2.0,True,True,True,1.3071,1.316436,1.297764,Fail,8.0,No,backtest_2025-08-26_15-45-30.csv
2025-08-25 19:22:04,OPUSDT,Neutral,25,5.0,False,36.7991077427676,2.601456236657856e-05,-0.0004277468815307,5.0,,False,True,True,0.7121,0.717186,0.707014,Inconclusive,,,backtest_2025-08-26_15-45-30.csv
2025-08-25 19:22:04,ETHFIUSDT,Buy,53,5.0,False,37.40948759415856,-0.0282020781712364,-5.653380642171597e-05,5.0,1.0,False,True,True,1.1266,1.134647,1.118553,Fail,8.0,No,backtest_2025-08-26_15-45-30.csv
2025-08-25 19:22:04,XLMUSDT,Neutral,25,5.0,False,38.888223141857786,0.1162925402772391,-0.0003194828935519,5.0,,False,False,True,0.39004,0.392826,0.387254,Inconclusive,,,backtest_2025-08-26_15-45-30.csv
2025-08-25 19:22:04,TIAUSDT,Neutral,25,5.0,False,37.22641341537767,0.0452732732514148,-0.0007788127475438,5.0,,False,True,True,1.6725,1.684446,1.660554,Inconclusive,,,backtest_2025-08-26_15-45-30.csv
2025-08-25 19:22:04,BOMEUSDT,Neutral,23,5.0,False,36.996565550966544,0.0618849433014282,1.6923719478995925e-06,5.0,,False,False,True,0.002022,0.002036,0.002008,Inconclusive,,,backtest_2025-08-26_15-45-30.csv
2025-08-25 19:22:04,MYXUSDT,Buy,47,5.0,False,58.37825622469705,0.9408081931444908,0.0008767779437938,5.0,1.0,True,False,True,1.2113,1.219952,1.202648,Success,0.0,,backtest_2025-08-26_15-45-30.csv
2025-08-25 19:22:04,APTUSDT,Neutral,25,5.0,False,35.95652682435781,0.0062561741966913,-0.0026929743169877,5.0,,False,True,True,4.353,4.384093,4.321907,Inconclusive,,,backtest_2025-08-26_15-45-30.csv
2025-08-25 19:22:04,TAOUSDT,Neutral,25,5.0,False,36.962975876787205,0.2211385414681385,-0.0296193651142746,5.0,,False,False,True,332.76,335.136857,330.383143,Inconclusive,,,backtest_2025-08-26_15-45-30.csv
2025-08-25 19:22:04,INJUSDT,Neutral,25,5.0,False,39.05646582821756,0.0337537485908628,-0.0081777311815815,5.0,,False,True,True,13.225,13.319464,13.130536,Inconclusive,,,backtest_2025-08-26_15-45-30.csv
2025-08-25 19:22:04,VIRTUALUSDT,Neutral,25,5.0,False,39.58172074209514,0.0841361014320916,-0.000337865967301,5.0,,False,False,True,1.1511,1.159322,1.142878,Inconclusive,,,backtest_2025-08-26_15-45-30.csv
2025-08-25 19:22:04,SEIUSDT,Neutral,25,5.0,False,35.67898007146562,0.0183042407619652,-0.0001670260683,5.0,,False,True,True,0.2901,0.292172,0.288028,Inconclusive,,,backtest_2025-08-26_15-45-30.csv
2025-08-25 19:22:04,BIDUSDT,Neutral,28,5.0,False,53.96598165828416,0.6082170036852519,7.021335288462995e-06,5.0,,True,False,True,0.106,0.106757,0.105243,Inconclusive,,,backtest_2025-08-26_15-45-30.csv
2025-08-25 19:22:04,ONGUSDT,Neutral,11,5.0,False,50.77446702400467,0.5460779693375954,0.0001658171812501,5.0,,False,False,True,0.19956,0.200985,0.198135,Inconclusive,,,backtest_2025-08-26_15-45-30.csv
2025-08-25 19:22:04,ZORAUSDT,Buy,53,5.0,False,33.081121597368934,-0.0460289419916186,-8.425160271606632e-05,5.0,1.0,False,True,True,0.10796,0.108731,0.107189,Fail,4.0,No,backtest_2025-08-26_15-45-30.csv
2025-08-25 19:22:04,XPLUSDT,Neutral,17,5.0,False,47.30605622947203,0.5058357337234983,0.0003547414088908,5.0,,True,False,True,0.5526,0.556547,0.548653,Inconclusive,,,backtest_2025-08-26_15-45-30.csv
2025-08-25 19:22:04,PENDLEUSDT,Buy,53,5.0,False,33.08898545322714,-0.0403787102698561,-0.0029424286823835,5.0,1.0,False,True,True,5.2825,5.320232,5.244768,Fail,8.0,No,backtest_2025-08-26_15-45-30.csv
2025-08-25 19:22:04,ALGOUSDT,Neutral,25,5.0,False,39.58908988794009,0.174818240476298,-3.4223471723596275e-05,5.0,,False,False,True,0.252,0.2538,0.2502,Inconclusive,,,backtest_2025-08-26_15-45-30.csv
2025-08-25 19:22:04,IOSTUSDT,Neutral,19,5.0,False,43.59617493931157,0.1435456361845486,-3.60694458400053e-06,5.0,,True,False,True,0.003885,0.003913,0.003857,Inconclusive,,,backtest_2025-08-26_15-45-30.csv
2025-08-25 19:22:04,GALAUSDT,Neutral,25,5.0,False,39.63425442312021,0.0494949513175322,-7.64782212446016e-06,5.0,,False,True,True,0.01646,0.016578,0.016342,Inconclusive,,,backtest_2025-08-26_15-45-30.csv
2025-08-25 19:22:04,TONUSDT,Buy,53,5.0,False,34.63262592645874,-0.0675496389018478,-0.0020068368176133,5.0,1.0,False,True,True,3.1899,3.212685,3.167115,Fail,32.0,No,backtest_2025-08-26_15-45-30.csv
2025-08-25 19:22:04,CFXUSDT,Buy,53,5.0,False,38.3072552230961,-0.1423489637143068,-0.0001192160501619,5.0,1.0,False,True,True,0.17609,0.177348,0.174832,Fail,9.0,No,backtest_2025-08-26_15-45-30.csv
2025-08-25 19:22:04,PNUTUSDT,Buy,53,5.0,False,37.580273242191495,-0.0440354003638813,-0.0001333779637037,5.0,1.0,False,True,True,0.20959,0.211087,0.208093,Fail,9.0,No,backtest_2025-08-26_15-45-30.csv
2025-08-25 19:57:45,ETHUSDT,Sell,47,5.0,False,19.647030155072684,0.0685408111252981,-8.915055586921248,-10.0,1.0,True,False,True,4447.04,4415.275429,4478.804571,Success,1.0,,backtest_2025-08-26_15-46-33.csv
2025-08-25 19:57:45,BTCUSDT,Sell,47,5.0,False,26.238821839426024,0.0331027857794157,-116.99264617157812,-10.0,1.0,True,False,True,110908.0,110115.8,111700.2,Success,13.0,,backtest_2025-08-26_15-46-33.csv
2025-08-25 19:57:45,SOLUSDT,Sell,47,5.0,False,21.045685779464463,0.1097703301641416,-0.3329794441582339,-10.0,1.0,True,False,True,191.63,190.261214,192.998786,Success,12.0,,backtest_2025-08-26_15-46-33.csv
2025-08-25 19:57:45,XRPUSDT,Sell,47,5.0,False,23.52005530311567,-0.0017587444108886,-0.0057771096819913,-10.0,1.0,True,False,True,2.8885,2.867868,2.909132,Success,12.0,,backtest_2025-08-26_15-46-33.csv
2025-08-25 19:57:45,DOGEUSDT,Sell,47,5.0,False,28.95106714219941,0.0390256059216401,-0.0002591324670368,-10.0,1.0,True,False,True,0.21404,0.212511,0.215569,Success,12.0,,backtest_2025-08-26_15-46-33.csv
2025-08-25 19:57:45,ADAUSDT,Sell,47,5.0,False,28.529310242367277,0.0147724256219516,-0.0014976876365922,-10.0,1.0,True,False,True,0.8525,0.846411,0.858589,Success,12.0,,backtest_2025-08-26_15-46-33.csv
2025-08-25 19:57:45,LINKUSDT,Sell,47,5.0,False,29.64351514042893,0.1083231259269054,-0.0250860879721827,-10.0,1.0,True,False,True,23.801,23.630993,23.971007,Success,0.0,,backtest_2025-08-26_15-46-33.csv
2025-08-25 19:57:45,1000PEPEUSDT,Sell,47,5.0,False,31.024016547091875,0.0236592263780651,-1.1963444673843246e-05,-10.0,1.0,True,False,True,0.009925,0.009854,0.009996,Success,12.0,,backtest_2025-08-26_15-46-33.csv
2025-08-25 19:57:45,SUIUSDT,Sell,47,5.0,False,25.95174193411482,0.0180795375424861,-0.0045850324836743,-10.0,1.0,True,False,True,3.3823,3.358141,3.406459,Success,13.0,,backtest_2025-08-26_15-46-33.csv
2025-08-25 19:57:45,BIOUSDT,Sell,47,5.0,False,41.41344406189573,0.1770021906121426,-0.000377315357916,-10.0,1.0,True,False,True,0.20184,0.200398,0.203282,Fail,6.0,Yes,backtest_2025-08-26_15-46-33.csv
2025-08-25 19:57:45,BNBUSDT,Sell,47,5.0,False,25.22457979410703,-0.0697557131034888,-0.9443943674465948,-10.0,1.0,True,False,True,855.52,849.409143,861.630857,Success,35.0,,backtest_2025-08-26_15-46-33.csv
2025-08-25 19:57:45,ONTUSDT,Sell,47,5.0,False,47.174229316316136,0.1557882235013277,-0.0002545041188279,-10.0,1.0,True,False,True,0.1941,0.192714,0.195486,Success,0.0,,backtest_2025-08-26_15-46-33.csv
2025-08-25 19:57:45,ENAUSDT,Sell,47,5.0,False,32.30003935149226,0.118007346715795,-0.000922675790373,-10.0,1.0,True,False,True,0.6352,0.630663,0.639737,Success,13.0,,backtest_2025-08-26_15-46-33.csv
2025-08-25 19:57:45,AVAXUSDT,Sell,47,5.0,False,30.280204251297405,0.0519038409542536,-0.0194207171171665,-10.0,1.0,True,False,True,23.601,23.432421,23.769579,Success,13.0,,backtest_2025-08-26_15-46-33.csv
2025-08-25 19:57:45,HYPEUSDT,Sell,47,5.0,False,26.34916313783313,0.1114770546039992,-0.0621778101075731,-10.0,1.0,True,False,True,43.942,43.628129,44.255871,Fail,4.0,Yes,backtest_2025-08-26_15-46-33.csv
2025-08-25 19:57:45,WLFIUSDT,Neutral,11,5.0,False,52.771739629720976,0.4375597825366854,-0.000307318441086,-10.0,,False,False,True,0.2208,0.219223,0.222377,Inconclusive,,,backtest_2025-08-26_15-46-33.csv
2025-08-25 19:57:45,FARTCOINUSDT,Sell,47,5.0,False,22.08830521752033,0.0385700383852497,-0.0026936083096499,-10.0,1.0,True,False,True,0.8212,0.815334,0.827066,Success,11.0,,backtest_2025-08-26_15-46-33.csv
2025-08-25 19:57:45,PROMPTUSDT,Sell,47,5.0,False,35.64402797441319,0.0269415529436809,-0.0008847940493781,-10.0,1.0,True,False,True,0.3367,0.334295,0.339105,Fail,0.0,Yes,backtest_2025-08-26_15-46-33.csv
2025-08-25 19:57:45,LTCUSDT,Sell,47,5.0,False,25.70141352172638,0.0135477331426521,-0.1298334029555828,-10.0,1.0,True,False,True,109.54,108.757571,110.322429,Success,12.0,,backtest_2025-08-26_15-46-33.csv
2025-08-25 19:57:45,SPKUSDT,Neutral,32,5.0,False,66.54854732072997,0.9302188606037888,0.0003725465543639,-10.0,,True,False,True,0.0775,0.076946,0.078054,Inconclusive,,,backtest_2025-08-26_15-46-33.csv
2025-08-25 19:57:45,WIFUSDT,Sell,47,5.0,False,24.55005062399312,0.0237008273424518,-0.0014073180889677,-10.0,1.0,True,False,True,0.787,0.781379,0.792621,Success,12.0,,backtest_2025-08-26_15-46-33.csv
2025-08-25 19:57:45,ARBUSDT,Sell,47,5.0,False,26.939667205991498,0.0442601446234433,-0.0006951967200226,-10.0,1.0,True,False,True,0.5238,0.520059,0.527541,Success,12.0,,backtest_2025-08-26_15-46-33.csv
2025-08-25 19:57:45,AAVEUSDT,Sell,47,5.0,False,27.520922761535545,0.0748672300817452,-0.3121466984540646,-10.0,1.0,True,False,True,317.77,315.500214,320.039786,Success,11.0,,backtest_2025-08-26_15-46-33.csv
2025-08-25 19:57:45,QTUMUSDT,Neutral,25,5.0,False,65.54124200200062,0.8071410506381291,0.0017740696462679,-10.0,,False,False,True,3.095,3.072893,3.117107,Inconclusive,,,backtest_2025-08-26_15-46-33.csv
2025-08-25 19:57:45,MEMEUSDT,Sell,47,5.0,False,35.53461676930188,0.0046261045000826,-8.149234011960345e-06,-10.0,1.0,True,False,True,0.003419,0.003395,0.003443,Success,8.0,,backtest_2025-08-26_15-46-33.csv
2025-08-25 19:57:45,UNIUSDT,Sell,47,5.0,False,25.990351209223093,0.0214388266560014,-0.0091656092205215,-10.0,1.0,True,False,True,9.781,9.711136,9.850864,Success,11.0,,backtest_2025-08-26_15-46-33.csv
2025-08-25 19:57:45,PENGUUSDT,Sell,47,5.0,False,26.40301146903857,0.0643539819653297,-5.0901511687791374e-05,-10.0,1.0,True,False,True,0.030198,0.029982,0.030414,Success,12.0,,backtest_2025-08-26_15-46-33.csv
2025-08-25 19:57:45,TRUMPUSDT,Sell,47,5.0,False,25.57760869028908,0.0272518059404146,-0.0077547835617601,-10.0,1.0,True,False,True,8.236,8.177171,8.294829,Success,12.0,,backtest_2025-08-26_15-46-33.csv
2025-08-25 19:57:45,DOTUSDT,Sell,47,5.0,False,30.08968815254913,0.0178325243323831,-0.0033058133222113,-10.0,1.0,True,False,True,3.789,3.761936,3.816064,Success,12.0,,backtest_2025-08-26_15-46-33.csv
2025-08-25 19:57:45,WLDUSDT,Sell,47,5.0,False,28.223787594062685,0.0060407948812036,-0.0008912821797913,-10.0,1.0,True,False,True,0.9004,0.893969,0.906831,Success,11.0,,backtest_2025-08-26_15-46-33.csv
2025-08-25 19:57:45,1000BONKUSDT,Sell,47,5.0,False,28.06577757643525,0.0283735825985056,-2.7609524277844607e-05,-10.0,1.0,True,False,True,0.020396,0.02025,0.020542,Success,12.0,,backtest_2025-08-26_15-46-33.csv
2025-08-25 19:57:45,XNYUSDT,Neutral,11,5.0,False,57.34017121810485,0.6938887625088259,-6.42578171801565e-06,-10.0,,False,False,True,0.006765,0.006717,0.006813,Inconclusive,,,backtest_2025-08-26_15-46-33.csv
2025-08-25 19:57:45,TRXUSDT,Sell,47,5.0,False,23.8964487655023,0.0560162725508387,-0.0003483418110801,-10.0,1.0,True,False,True,0.34643,0.343956,0.348905,Success,41.0,,backtest_2025-08-26_15-46-33.csv
2025-08-25 19:57:45,PUMPUSDT,Sell,47,5.0,False,23.783404028917573,-0.2291946730468194,-7.619244168869886e-06,-10.0,1.0,True,False,True,0.002733,0.002713,0.002753,Success,0.0,,backtest_2025-08-26_15-46-33.csv
2025-08-25 19:57:45,FILUSDT,Sell,47,5.0,False,28.762082917206826,0.0059525025040774,-0.0025051287515687,-10.0,1.0,True,False,True,2.226,2.2101,2.2419,Success,11.0,,backtest_2025-08-26_15-46-33.csv
2025-08-25 19:57:45,NEOUSDT,Sell,47,5.0,False,42.28595353937143,0.0573592315679883,-0.0017110595248089,-10.0,1.0,True,False,True,7.427,7.37395,7.48005,Success,12.0,,backtest_2025-08-26_15-46-33.csv
2025-08-25 19:57:45,ETCUSDT,Sell,47,5.0,False,31.310021668315187,0.1361539529263385,-0.0174840534078467,-10.0,1.0,True,False,True,21.427,21.27395,21.58005,Success,12.0,,backtest_2025-08-26_15-46-33.csv
2025-08-25 19:57:45,CRVUSDT,Sell,47,5.0,False,13.623383260791869,0.0064974413664571,-0.0031289054473984,-10.0,1.0,True,False,True,0.783,0.777407,0.788593,Success,0.0,,backtest_2025-08-26_15-46-33.csv
2025-08-25 19:57:45,1000SHIBUSDT,Sell,47,5.0,False,30.41363826092029,0.027629213915165,-1.1781403194639888e-05,-10.0,1.0,True,False,True,0.012144,0.012057,0.012231,Success,12.0,,backtest_2025-08-26_15-46-33.csv
2025-08-25 19:57:45,BCHUSDT,Sell,47,5.0,False,27.757474171115746,0.0102081123555151,-0.4375713342135545,-10.0,1.0,True,False,True,553.15,549.198929,557.101071,Success,12.0,,backtest_2025-08-26_15-46-33.csv
2025-08-25 19:57:45,NEARUSDT,Sell,47,5.0,False,32.362482198302885,0.0200444873347251,-0.0017089158926495,-10.0,1.0,True,False,True,2.432,2.414629,2.449371,Success,12.0,,backtest_2025-08-26_15-46-33.csv
2025-08-25 19:57:45,HBARUSDT,Sell,47,5.0,False,24.679717798554435,-0.0438355724018717,-0.0003238664596437,-10.0,1.0,True,False,True,0.23188,0.230224,0.233536,Success,13.0,,backtest_2025-08-26_15-46-33.csv
2025-08-25 19:57:45,LDOUSDT,Sell,47,5.0,False,11.77888013260784,-0.0046165975122892,-0.0037883868612669,-10.0,1.0,True,False,True,1.2664,1.257354,1.275446,Success,13.0,,backtest_2025-08-26_15-46-33.csv
2025-08-25 19:57:45,ONDOUSDT,Sell,47,5.0,False,25.420403817072952,0.0242956717021744,-0.0014279592904554,-10.0,1.0,True,False,True,0.8999,0.893472,0.906328,Success,12.0,,backtest_2025-08-26_15-46-33.csv
2025-08-25 19:57:45,BOMEUSDT,Sell,47,5.0,False,32.918265367823324,0.0032512854020644,-3.68890807462121e-08,-10.0,1.0,True,False,True,0.00201,0.001996,0.002024,Success,12.0,,backtest_2025-08-26_15-46-33.csv
2025-08-25 19:57:45,OPUSDT,Sell,47,5.0,False,26.36527529734244,0.0187505392721182,-0.0009153197695449,-10.0,1.0,True,False,True,0.7031,0.698078,0.708122,Success,12.0,,backtest_2025-08-26_15-46-33.csv
2025-08-25 19:57:45,ETHFIUSDT,Sell,47,5.0,False,25.485760869753264,0.0090420743317478,-0.0017742308817316,-10.0,1.0,True,False,True,1.1071,1.099192,1.115008,Success,12.0,,backtest_2025-08-26_15-46-33.csv
2025-08-25 19:57:45,MYXUSDT,Neutral,17,5.0,False,50.88637702796264,0.507978983350772,-0.0008852430377109,-10.0,,True,False,True,1.2055,1.196889,1.214111,Inconclusive,,,backtest_2025-08-26_15-46-33.csv
2025-08-25 19:57:45,XLMUSDT,Sell,47,5.0,False,28.19791826387211,-0.0061621897601472,-0.0004485113779476,-10.0,1.0,True,False,True,0.38614,0.383382,0.388898,Success,13.0,,backtest_2025-08-26_15-46-33.csv
2025-08-25 19:57:45,TIAUSDT,Sell,47,5.0,False,23.009509261419467,0.003628474016316,-0.0024249608534181,-10.0,1.0,True,False,True,1.6463,1.634541,1.658059,Success,12.0,,backtest_2025-08-26_15-46-33.csv
2025-08-25 19:57:45,APTUSDT,Sell,47,5.0,False,24.415517005775243,0.0009826623609916,-0.0050465373342565,-10.0,1.0,True,False,True,4.3052,4.274449,4.335951,Success,13.0,,backtest_2025-08-26_15-46-33.csv
2025-08-25 19:57:45,ONGUSDT,Neutral,28,5.0,False,43.547503251996105,0.3023376283204871,-0.0001760090202193,-10.0,,True,False,True,0.19846,0.197042,0.199878,Inconclusive,,,backtest_2025-08-26_15-46-33.csv
2025-08-25 19:57:45,TAOUSDT,Sell,47,5.0,False,25.63555786597314,-0.0800173851707827,-0.2963323795851047,-10.0,1.0,True,False,True,327.71,325.369214,330.050786,Success,10.0,,backtest_2025-08-26_15-46-33.csv
2025-08-25 19:57:45,BIDUSDT,Neutral,11,5.0,False,52.07400729603721,0.5636367723801056,-2.607503803533473e-05,-10.0,,False,False,True,0.10598,0.105223,0.106737,Inconclusive,,,backtest_2025-08-26_15-46-33.csv
2025-08-25 19:57:45,VIRTUALUSDT,Sell,47,5.0,False,27.280563789154428,0.0114906746610188,-0.0015047490438344,-10.0,1.0,True,False,True,1.1341,1.125999,1.142201,Success,10.0,,backtest_2025-08-26_15-46-33.csv
2025-08-25 19:57:45,INJUSDT,Sell,47,5.0,False,27.926504423858503,0.0339081838732375,-0.017872184961178,-10.0,1.0,True,False,True,13.049,12.955793,13.142207,Success,12.0,,backtest_2025-08-26_15-46-33.csv
2025-08-25 19:57:45,XPLUSDT,Neutral,21,5.0,False,46.538900401470215,0.3464332161111123,-0.0004799663721689,-10.0,,False,False,True,0.5482,0.544284,0.552116,Inconclusive,,,backtest_2025-08-26_15-46-33.csv
2025-08-25 19:57:45,ZORAUSDT,Sell,47,5.0,False,21.34132794500941,0.1115158952953923,-0.0003142536907668,-10.0,1.0,True,False,True,0.10471,0.103962,0.105458,Fail,3.0,Yes,backtest_2025-08-26_15-46-33.csv
2025-08-25 19:57:45,IOSTUSDT,Neutral,28,5.0,False,42.295869385536,0.1990477365121094,-2.008427973247707e-06,-10.0,,True,False,True,0.003873,0.003845,0.003901,Inconclusive,,,backtest_2025-08-26_15-46-33.csv
2025-08-25 19:57:45,SEIUSDT,Sell,47,5.0,False,23.33754439488135,-0.0077871152003519,-0.0003556460203722,-10.0,1.0,True,False,True,0.2864,0.284354,0.288446,Success,12.0,,backtest_2025-08-26_15-46-33.csv
2025-08-25 19:57:45,PENDLEUSDT,Sell,47,5.0,False,26.44820320864744,0.0447773845862422,-0.0064413069047228,-10.0,1.0,True,False,True,5.2157,5.178445,5.252955,Success,13.0,,backtest_2025-08-26_15-46-33.csv
2025-08-25 19:57:45,ALGOUSDT,Sell,47,5.0,False,27.13744468323334,0.0070107955857665,-0.0002970508316052,-10.0,1.0,True,False,True,0.2482,0.246427,0.249973,Success,12.0,,backtest_2025-08-26_15-46-33.csv
2025-08-25 19:57:45,CFXUSDT,Sell,47,5.0,False,23.187578448423366,-0.0583609826303876,-0.0003163151897266,-10.0,1.0,True,False,True,0.17378,0.172539,0.175021,Success,2.0,,backtest_2025-08-26_15-46-33.csv
2025-08-25 19:57:45,GALAUSDT,Sell,47,5.0,False,28.75329391041429,0.0021623412637911,-1.804631053547988e-05,-10.0,1.0,True,False,True,0.01626,0.016144,0.016376,Success,12.0,,backtest_2025-08-26_15-46-33.csv
2025-08-25 19:57:45,MAVUSDT,Sell,47,5.0,False,44.8411075870292,0.1724081136480655,-0.0002062206312585,-10.0,1.0,True,False,True,0.06419,0.063731,0.064648,Fail,3.0,Yes,backtest_2025-08-26_15-46-33.csv
2025-08-25 19:57:45,DIAUSDT,Neutral,11,5.0,False,55.7352650035294,0.5019797679444513,-0.0018536406927568,-10.0,,False,False,True,0.7684,0.762911,0.773889,Inconclusive,,,backtest_2025-08-26_15-46-33.csv
2025-08-25 20:27:10,ETHUSDT,Neutral,28,5.0,False,28.77903116900282,0.2203534949770275,-5.627323345035109,-10.0,,True,False,True,4409.68,4378.182286,4441.177714,Inconclusive,,,backtest_2025-08-26_15-46-57.csv
2025-08-25 20:27:10,BTCUSDT,Sell,47,5.0,False,33.05936139329549,0.1968878077194966,-104.13191517264306,-10.0,1.0,True,False,True,110350.8,109562.58,111139.02,Success,6.0,,backtest_2025-08-26_15-46-57.csv
2025-08-25 20:27:10,SOLUSDT,Sell,47,5.0,False,24.345658525111133,0.1827520030179037,-0.2980740583891235,-10.0,1.0,True,False,True,189.74,188.384714,191.095286,Success,4.0,,backtest_2025-08-26_15-46-57.csv
2025-08-25 20:27:10,XRPUSDT,Neutral,28,5.0,False,33.59716466014166,0.2188085538084464,-0.003832835357353,-10.0,,True,False,True,2.8736,2.853074,2.894126,Inconclusive,,,backtest_2025-08-26_15-46-57.csv
2025-08-25 20:27:10,DOGEUSDT,Sell,47,5.0,False,30.74075578005961,0.1478785677606614,-0.0002947512104202,-10.0,1.0,True,False,True,0.21222,0.210704,0.213736,Success,3.0,,backtest_2025-08-26_15-46-57.csv
2025-08-25 20:27:10,ADAUSDT,Neutral,28,5.0,False,36.597228215263485,0.2398120445118285,-0.0009397872907722,-10.0,,True,False,True,0.8495,0.843432,0.855568,Inconclusive,,,backtest_2025-08-26_15-46-57.csv
2025-08-25 20:27:10,LINKUSDT,Neutral,28,5.0,False,37.40271136180688,0.2586887688054221,-0.0108192094579934,-10.0,,True,False,True,23.699,23.529721,23.868279,Inconclusive,,,backtest_2025-08-26_15-46-57.csv
2025-08-25 20:27:10,1000PEPEUSDT,Sell,47,5.0,False,31.84639632853728,0.1606885796411929,-1.9763205629205483e-05,-10.0,1.0,True,False,True,0.009799,0.009729,0.009869,Success,4.0,,backtest_2025-08-26_15-46-57.csv
2025-08-25 20:27:10,SUIUSDT,Neutral,28,5.0,False,38.57773772603962,0.2750240971471107,-0.0019828983451472,-10.0,,True,False,True,3.3784,3.354269,3.402531,Inconclusive,,,backtest_2025-08-26_15-46-57.csv
2025-08-25 20:27:10,BNBUSDT,Neutral,28,5.0,False,38.91536062867453,0.2745309492376896,-0.5460341018731829,-10.0,,True,False,True,855.44,849.329714,861.550286,Inconclusive,,,backtest_2025-08-26_15-46-57.csv
2025-08-25 20:27:10,BIOUSDT,Sell,47,5.0,False,36.44937426787857,0.1129904794359481,-0.0005040172104682,-10.0,1.0,True,False,True,0.19843,0.197013,0.199847,Success,2.0,,backtest_2025-08-26_15-46-57.csv
2025-08-25 20:27:10,ONTUSDT,Neutral,17,5.0,False,53.41631107957601,0.6079484367487819,-0.0001274170517864,-10.0,,True,False,True,0.1953,0.193905,0.196695,Inconclusive,,,backtest_2025-08-26_15-46-57.csv
2025-08-25 20:27:10,ENAUSDT,Neutral,28,5.0,False,43.72129782594829,0.3674135804103625,-0.0001012444016408,-10.0,,True,False,True,0.6366,0.632053,0.641147,Inconclusive,,,backtest_2025-08-26_15-46-57.csv
2025-08-25 20:27:10,AVAXUSDT,Neutral,28,5.0,False,40.16723802842898,0.3013696338101644,-0.0077307801771101,-10.0,,True,False,True,23.58,23.411571,23.748429,Inconclusive,,,backtest_2025-08-26_15-46-57.csv
2025-08-25 20:27:10,FARTCOINUSDT,Sell,47,5.0,False,27.497559354635285,0.1899502960514162,-0.0024955704588037,-10.0,1.0,True,False,True,0.8067,0.800938,0.812462,Success,2.0,,backtest_2025-08-26_15-46-57.csv
2025-08-25 20:27:10,HYPEUSDT,Neutral,30,5.0,False,40.42862671421626,0.3752338868565103,0.0206169857413238,-10.0,,True,False,True,44.163,43.84755,44.47845,Inconclusive,,,backtest_2025-08-26_15-46-57.csv
2025-08-25 20:27:10,WLFIUSDT,Neutral,21,5.0,False,44.249571375680645,0.2429514784640614,-0.0004718101261345,-10.0,,False,False,True,0.2178,0.216244,0.219356,Inconclusive,,,backtest_2025-08-26_15-46-57.csv
2025-08-25 20:27:10,PROMPTUSDT,Sell,47,5.0,False,34.510311838345345,0.0951316744763534,-0.0006067951917437,-10.0,1.0,True,False,True,0.3321,0.329728,0.334472,Success,0.0,,backtest_2025-08-26_15-46-57.csv
2025-08-25 20:27:10,LTCUSDT,Neutral,28,5.0,False,32.73469087850876,0.2007842684350525,-0.1026428516238142,-10.0,,True,False,True,109.0,108.221429,109.778571,Inconclusive,,,backtest_2025-08-26_15-46-57.csv
2025-08-25 20:27:10,SPKUSDT,Neutral,17,5.0,False,52.18542036734453,0.5358993373981145,-7.470001406887565e-05,-10.0,,True,False,True,0.07588,0.075338,0.076422,Inconclusive,,,backtest_2025-08-26_15-46-57.csv
2025-08-25 20:27:10,ARBUSDT,Neutral,28,5.0,False,35.32643285907382,0.2173303228630791,-0.0003999238789492,-10.0,,True,False,True,0.5213,0.517576,0.525024,Inconclusive,,,backtest_2025-08-26_15-46-57.csv
2025-08-25 20:27:10,WIFUSDT,Sell,47,5.0,False,30.022241894734503,0.1677685463712079,-0.0016003900699746,-10.0,1.0,True,False,True,0.7775,0.771946,0.783054,Success,3.0,,backtest_2025-08-26_15-46-57.csv
2025-08-25 20:27:10,AAVEUSDT,Neutral,28,5.0,False,38.50600531857352,0.2932224447661609,-0.123745930224399,-10.0,,True,False,True,317.05,314.785357,319.314643,Inconclusive,,,backtest_2025-08-26_15-46-57.csv
2025-08-25 20:27:10,QTUMUSDT,Neutral,17,5.0,False,53.91067346154325,0.444134488166078,-0.0033908752020042,-10.0,,True,False,True,3.076,3.054029,3.097971,Inconclusive,,,backtest_2025-08-26_15-46-57.csv
2025-08-25 20:27:10,UNIUSDT,Neutral,28,5.0,False,37.96407073840042,0.3048588082511047,-0.0015070794406736,-10.0,,True,False,True,9.776,9.706171,9.845829,Inconclusive,,,backtest_2025-08-26_15-46-57.csv
2025-08-25 20:27:10,MEMEUSDT,Sell,47,5.0,False,33.40080782619752,0.1306906991407765,-6.4690455849280665e-06,-10.0,1.0,True,False,True,0.003388,0.003364,0.003412,Success,4.0,,backtest_2025-08-26_15-46-57.csv
2025-08-25 20:27:10,PENGUUSDT,Neutral,28,5.0,False,35.32254148891627,0.273164143189289,-2.106038656809816e-05,-10.0,,True,False,True,0.03013,0.029915,0.030345,Inconclusive,,,backtest_2025-08-26_15-46-57.csv
2025-08-25 20:27:10,TRUMPUSDT,Sell,41,5.0,False,31.15505421869388,0.1661415397928408,-0.0109911101870586,-10.0,1.0,False,False,True,8.159,8.100721,8.217279,Success,4.0,,backtest_2025-08-26_15-46-57.csv
2025-08-25 20:27:10,DOTUSDT,Neutral,28,5.0,False,36.468117838743495,0.2141611062974971,-0.0032616497145864,-10.0,,True,False,True,3.77,3.743071,3.796929,Inconclusive,,,backtest_2025-08-26_15-46-57.csv
2025-08-25 20:27:10,WLDUSDT,Sell,47,5.0,False,29.55463024219091,0.1551952529255027,-0.0014353442890586,-10.0,1.0,True,False,True,0.89,0.883643,0.896357,Success,4.0,,backtest_2025-08-26_15-46-57.csv
2025-08-25 20:27:10,PUMPUSDT,Sell,47,5.0,False,25.95912884958828,0.0785669049007365,-1.242960761996507e-05,-10.0,1.0,True,False,True,0.002669,0.00265,0.002688,Fail,2.0,Yes,backtest_2025-08-26_15-46-57.csv
2025-08-25 20:27:10,XNYUSDT,Neutral,11,5.0,False,57.51186337871173,0.6962978806996286,-1.772503483466808e-06,-10.0,,False,False,True,0.00683,0.006781,0.006879,Inconclusive,,,backtest_2025-08-26_15-46-57.csv
2025-08-25 20:27:10,TRXUSDT,Neutral,28,5.0,False,32.086638600044694,0.2353785068463024,-0.0001911850992243,-10.0,,True,False,True,0.34552,0.343052,0.347988,Inconclusive,,,backtest_2025-08-26_15-46-57.csv
2025-08-25 20:27:10,1000BONKUSDT,Sell,47,5.0,False,28.760288569405745,0.1461687072799104,-3.234936373207293e-05,-10.0,1.0,True,False,True,0.020193,0.020049,0.020337,Success,4.0,,backtest_2025-08-26_15-46-57.csv
2025-08-25 20:27:10,FILUSDT,Sell,47,5.0,False,28.899474273935283,0.1558910004138612,-0.0039236267661697,-10.0,1.0,True,False,True,2.2,2.184286,2.215714,Success,4.0,,backtest_2025-08-26_15-46-57.csv
2025-08-25 20:27:10,NEOUSDT,Neutral,23,5.0,False,51.79855380906466,0.5839380640274183,0.0008248853326791,-10.0,,False,False,True,7.457,7.403736,7.510264,Inconclusive,,,backtest_2025-08-26_15-46-57.csv
2025-08-25 20:27:10,ETCUSDT,Neutral,28,5.0,False,36.9994481409959,0.2538674188630174,-0.0105490389384812,-10.0,,True,False,True,21.353,21.200479,21.505521,Inconclusive,,,backtest_2025-08-26_15-46-57.csv
2025-08-25 20:27:10,CRVUSDT,Neutral,28,5.0,False,28.64327202433161,0.2507753854317791,-0.0008046206189235,-10.0,,True,False,True,0.784,0.7784,0.7896,Inconclusive,,,backtest_2025-08-26_15-46-57.csv
2025-08-25 20:27:10,1000SHIBUSDT,Sell,47,5.0,False,31.39556666473824,0.1585430405426366,-1.7565437592197163e-05,-10.0,1.0,True,False,True,0.012034,0.011948,0.01212,Success,4.0,,backtest_2025-08-26_15-46-57.csv
2025-08-25 20:27:10,BCHUSDT,Sell,47,5.0,False,30.5032597086346,0.1562947368332451,-0.6518979448607194,-10.0,1.0,True,False,True,549.08,545.158,553.002,Success,5.0,,backtest_2025-08-26_15-46-57.csv
2025-08-25 20:27:10,NEARUSDT,Sell,47,5.0,False,34.93024379541059,0.1719013483531138,-0.0025397848914519,-10.0,1.0,True,False,True,2.415,2.39775,2.43225,Success,4.0,,backtest_2025-08-26_15-46-57.csv
2025-08-25 20:27:10,LDOUSDT,Neutral,28,5.0,False,30.2536979740064,0.2936041735935836,-0.0006224654963715,-10.0,,True,False,True,1.2705,1.261425,1.279575,Inconclusive,,,backtest_2025-08-26_15-46-57.csv
2025-08-25 20:27:10,HBARUSDT,Neutral,28,5.0,False,33.859334519694954,0.2114754396583605,-0.0002033256574395,-10.0,,True,False,True,0.23133,0.229678,0.232982,Inconclusive,,,backtest_2025-08-26_15-46-57.csv
2025-08-25 20:27:10,BOMEUSDT,Sell,47,5.0,False,30.75368261664981,0.1157722105920466,-2.2414124859729598e-06,-10.0,1.0,True,False,True,0.001989,0.001975,0.002003,Success,3.0,,backtest_2025-08-26_15-46-57.csv
2025-08-25 20:27:10,ONDOUSDT,Neutral,28,5.0,False,34.57836144041177,0.226501115640221,-0.0009355652885205,-10.0,,True,False,True,0.8958,0.889401,0.902199,Inconclusive,,,backtest_2025-08-26_15-46-57.csv
2025-08-25 20:27:10,OPUSDT,Sell,47,5.0,False,32.20798159323944,0.1859151230770129,-0.000840361843487,-10.0,1.0,True,False,True,0.6981,0.693114,0.703086,Success,3.0,,backtest_2025-08-26_15-46-57.csv
2025-08-25 20:27:10,ETHFIUSDT,Neutral,28,5.0,False,37.789675006386354,0.2978897990551439,-0.000749699604108,-10.0,,True,False,True,1.1067,1.098795,1.114605,Inconclusive,,,backtest_2025-08-26_15-46-57.csv
2025-08-25 20:27:10,XLMUSDT,Neutral,28,5.0,False,38.894465129940734,0.273840159252566,-0.0002000497767514,-10.0,,True,False,True,0.38598,0.383223,0.388737,Inconclusive,,,backtest_2025-08-26_15-46-57.csv
2025-08-25 20:27:10,MYXUSDT,Neutral,13,5.0,False,57.873261470459376,0.851260668819555,0.0004310200212449,-10.0,,False,False,True,1.2169,1.208208,1.225592,Inconclusive,,,backtest_2025-08-26_15-46-57.csv
2025-08-25 20:27:10,TIAUSDT,Sell,47,5.0,False,29.38307739696438,0.175278080355994,-0.0027614077708959,-10.0,1.0,True,False,True,1.6294,1.617761,1.641039,Success,3.0,,backtest_2025-08-26_15-46-57.csv
2025-08-25 20:27:10,APTUSDT,Neutral,28,5.0,False,34.06468872916864,0.2043644196418309,-0.0034842552426192,-10.0,,True,False,True,4.2925,4.261839,4.323161,Inconclusive,,,backtest_2025-08-26_15-46-57.csv
2025-08-25 20:27:10,TAOUSDT,Sell,47,5.0,False,29.784449177183845,0.1618618688855641,-0.5017477671671324,-10.0,1.0,True,False,True,324.27,321.953786,326.586214,Success,3.0,,backtest_2025-08-26_15-46-57.csv
2025-08-25 20:27:10,ONGUSDT,Neutral,28,5.0,False,52.323069110627074,0.5221569983912789,-3.068051815361821e-06,-10.0,,True,False,True,0.19943,0.198006,0.200854,Inconclusive,,,backtest_2025-08-26_15-46-57.csv
2025-08-25 20:27:10,VIRTUALUSDT,Sell,47,5.0,False,28.078769186349305,0.1627965926819587,-0.0021050240266419,-10.0,1.0,True,False,True,1.1198,1.111801,1.127799,Success,3.0,,backtest_2025-08-26_15-46-57.csv
2025-08-25 20:27:10,BIDUSDT,Neutral,11,5.0,False,50.44973509490151,0.4409758454495148,-4.044306083866037e-05,-10.0,,False,False,True,0.10601,0.105253,0.106767,Inconclusive,,,backtest_2025-08-26_15-46-57.csv
2025-08-25 20:27:10,INJUSDT,Neutral,28,5.0,False,36.62762915430323,0.264469604260199,-0.0103260271153552,-10.0,,True,False,True,13.014,12.921043,13.106957,Inconclusive,,,backtest_2025-08-26_15-46-57.csv
2025-08-25 20:27:10,IOSTUSDT,Sell,47,5.0,False,56.598986856961545,1.0015190806930407,4.691578537289839e-06,-10.0,1.0,False,True,True,0.003924,0.003896,0.003952,Success,4.0,,backtest_2025-08-26_15-46-57.csv
2025-08-25 20:27:10,XPLUSDT,Sell,47,5.0,False,34.87871408436851,0.0792938085632159,-0.0013906124365333,-10.0,1.0,True,False,True,0.5319,0.528101,0.535699,Success,8.0,,backtest_2025-08-26_15-46-57.csv
2025-08-25 20:27:10,ZORAUSDT,Neutral,28,5.0,False,33.26917794697545,0.2450528590265076,-2.819395000980534e-05,-10.0,,True,False,True,0.10448,0.103734,0.105226,Inconclusive,,,backtest_2025-08-26_15-46-57.csv
2025-08-25 20:27:10,SEIUSDT,Sell,47,5.0,False,32.620244741460695,0.2040968409379439,-0.0003892335620843,-10.0,1.0,True,False,True,0.2843,0.282269,0.286331,Success,4.0,,backtest_2025-08-26_15-46-57.csv
2025-08-25 20:27:10,PENDLEUSDT,Neutral,28,5.0,False,36.16944484596638,0.2437822059390826,-0.0031244473912875,-10.0,,True,False,True,5.2069,5.169708,5.244092,Inconclusive,,,backtest_2025-08-26_15-46-57.csv
2025-08-25 20:27:10,ALGOUSDT,Neutral,28,5.0,False,36.64331488244725,0.2614355718731116,-0.0001555754915342,-10.0,,True,False,True,0.2477,0.245931,0.249469,Inconclusive,,,backtest_2025-08-26_15-46-57.csv
2025-08-25 20:27:10,DIAUSDT,Sell,47,5.0,False,39.25319647393541,0.0880196065832704,-0.0050301483146887,-10.0,1.0,True,False,True,0.7301,0.724885,0.735315,Success,2.0,,backtest_2025-08-26_15-46-57.csv
2025-08-25 20:27:10,CFXUSDT,Sell,47,5.0,False,25.473632928163056,0.1637256644019818,-0.0005215356373954,-10.0,1.0,True,False,True,0.17071,0.169491,0.171929,Success,2.0,,backtest_2025-08-26_15-46-57.csv
2025-08-25 20:27:10,TONUSDT,Sell,47,5.0,False,33.58210873469709,0.1993391990813283,-0.0039200189495314,-10.0,1.0,True,False,True,3.1397,3.117274,3.162126,Success,4.0,,backtest_2025-08-26_15-46-57.csv
2025-08-25 20:27:10,MAVUSDT,Neutral,17,5.0,False,49.02899995998303,0.4205804751272537,-5.364980228239879e-05,-10.0,,True,False,True,0.0646,0.064139,0.065061,Inconclusive,,,backtest_2025-08-26_15-46-57.csv
2025-08-25 20:57:51,ETHUSDT,Neutral,28,5.0,False,34.72373601277668,0.2816607768063108,-1.1704953671442553,-10.0,,True,False,True,4373.62,4342.379857,4404.860143,Inconclusive,,,backtest_2025-08-26_15-47-09.csv
2025-08-25 20:57:51,BTCUSDT,Neutral,28,5.0,False,34.724639320598754,0.2302382559078785,-59.40749686513209,-10.0,,True,False,True,109647.0,108863.807143,110430.192857,Inconclusive,,,backtest_2025-08-26_15-47-09.csv
2025-08-25 20:57:51,SOLUSDT,Neutral,28,5.0,False,21.20421803036666,0.1752896057563943,-0.1767266294791927,-10.0,,True,False,True,187.33,185.991929,188.668071,Inconclusive,,,backtest_2025-08-26_15-47-09.csv
2025-08-25 20:57:51,XRPUSDT,Neutral,28,5.0,False,31.626799613656218,0.2105694088574811,-0.0023822785823255,-10.0,,True,False,True,2.84,2.819714,2.860286,Inconclusive,,,backtest_2025-08-26_15-47-09.csv
2025-08-25 20:57:51,DOGEUSDT,Sell,47,5.0,False,26.365680853495377,0.164939548236781,-0.0004176835972019,-10.0,1.0,True,False,True,0.20785,0.206365,0.209335,Success,16.0,,backtest_2025-08-26_15-47-09.csv
2025-08-25 20:57:51,ADAUSDT,Sell,47,5.0,False,31.255467569513257,0.1946931246052798,-0.0012553979619006,-10.0,1.0,True,False,True,0.8343,0.828341,0.840259,Fail,39.0,Yes,backtest_2025-08-26_15-47-09.csv
2025-08-25 20:57:51,LINKUSDT,Sell,47,5.0,False,34.663051174794575,0.2349344106029922,-0.02790513145399,-10.0,1.0,True,False,True,23.299,23.132579,23.465421,Success,2.0,,backtest_2025-08-26_15-47-09.csv
2025-08-25 20:57:51,1000PEPEUSDT,Neutral,28,5.0,False,32.83768502478891,0.2396921216878421,-1.4697799060398547e-05,-10.0,,True,False,True,0.009656,0.009587,0.009725,Inconclusive,,,backtest_2025-08-26_15-47-09.csv
2025-08-25 20:57:51,SUIUSDT,Neutral,28,5.0,False,35.38646760620878,0.2382950748743779,-0.0022441163737011,-10.0,,True,False,True,3.3398,3.315944,3.363656,Inconclusive,,,backtest_2025-08-26_15-47-09.csv
2025-08-25 20:57:51,BNBUSDT,Sell,47,5.0,False,23.75877459434776,0.0739704908715458,-1.269514121988406,-10.0,1.0,True,False,True,841.9,835.886429,847.913571,Success,2.0,,backtest_2025-08-26_15-47-09.csv
2025-08-25 20:57:51,BIOUSDT,Sell,47,5.0,False,31.027477655986687,0.1293494460936903,-0.0004670850251287,-10.0,1.0,True,False,True,0.19492,0.193528,0.196312,Success,1.0,,backtest_2025-08-26_15-47-09.csv
2025-08-25 20:57:51,ONTUSDT,Neutral,25,5.0,False,65.11104938155607,0.9826139210522126,0.0007282739440458,-10.0,,False,True,True,0.2008,0.199366,0.202234,Inconclusive,,,backtest_2025-08-26_15-47-09.csv
2025-08-25 20:57:51,ENAUSDT,Sell,47,5.0,False,39.37249434022023,0.1730988512422637,-0.0003008133953541,-10.0,1.0,True,False,True,0.6288,0.624309,0.633291,Success,30.0,,backtest_2025-08-26_15-47-09.csv
2025-08-25 20:57:51,AVAXUSDT,Neutral,28,5.0,False,36.237518057500665,0.2335593714026852,-0.0198650802237324,-10.0,,True,False,True,23.271,23.104779,23.437221,Inconclusive,,,backtest_2025-08-26_15-47-09.csv
2025-08-25 20:57:51,FARTCOINUSDT,Sell,41,5.0,False,20.573528105500287,0.1801628158501798,-0.0040412872201057,-10.0,1.0,False,False,True,0.765,0.759536,0.770464,Success,1.0,,backtest_2025-08-26_15-47-09.csv
2025-08-25 20:57:51,HYPEUSDT,Sell,49,5.0,False,36.91036742628047,0.2358853362304406,0.0107783247489049,-10.0,1.0,True,False,True,43.649,43.337221,43.960779,Success,1.0,,backtest_2025-08-26_15-47-09.csv
2025-08-25 20:57:51,LTCUSDT,Neutral,28,5.0,False,34.147263791713726,0.2205486283703708,-0.0932693270997828,-10.0,,True,False,True,107.83,107.059786,108.600214,Inconclusive,,,backtest_2025-08-26_15-47-09.csv
2025-08-25 20:57:51,WLFIUSDT,Neutral,21,5.0,False,45.17015677930166,0.3512157422381519,-0.0004892959073736,-10.0,,False,False,True,0.216,0.214457,0.217543,Inconclusive,,,backtest_2025-08-26_15-47-09.csv
2025-08-25 20:57:51,PROMPTUSDT,Neutral,30,5.0,False,38.467122395355446,0.2108693142669813,0.0001107890801381,-10.0,,True,False,True,0.3313,0.328934,0.333666,Inconclusive,,,backtest_2025-08-26_15-47-09.csv
2025-08-25 20:57:51,SPKUSDT,Neutral,17,5.0,False,51.92402918621057,0.457362826555195,-0.0001589317397265,-10.0,,True,False,True,0.07588,0.075338,0.076422,Inconclusive,,,backtest_2025-08-26_15-47-09.csv
2025-08-25 20:57:51,WIFUSDT,Neutral,21,5.0,False,29.52342833344953,0.2194353488678579,-0.0013736857466909,-10.0,,False,False,True,0.7633,0.757848,0.768752,Inconclusive,,,backtest_2025-08-26_15-47-09.csv
2025-08-25 20:57:51,ARBUSDT,Sell,47,5.0,False,33.62128980652413,0.199280665495895,-0.0005185934966179,-10.0,1.0,True,False,True,0.5137,0.510031,0.517369,Success,33.0,,backtest_2025-08-26_15-47-09.csv
2025-08-25 20:57:51,UNIUSDT,Sell,47,5.0,False,34.00227850303223,0.2029974915718236,-0.0048334967130437,-10.0,1.0,True,False,True,9.65,9.581071,9.718929,Success,33.0,,backtest_2025-08-26_15-47-09.csv
2025-08-25 20:57:51,AAVEUSDT,Sell,47,5.0,False,33.60436303510113,0.1948133740879469,-0.1717327533093287,-10.0,1.0,True,False,True,313.54,311.300429,315.779571,Success,30.0,,backtest_2025-08-26_15-47-09.csv
2025-08-25 20:57:51,QTUMUSDT,Sell,47,5.0,False,45.462172690376605,0.1831730104735433,-0.0054827814573799,-10.0,1.0,True,False,True,3.052,3.0302,3.0738,Success,0.0,,backtest_2025-08-26_15-47-09.csv
2025-08-25 20:57:51,MEMEUSDT,Neutral,28,5.0,False,37.583633691776704,0.2737815539140554,-1.7948184516219088e-06,-10.0,,True,False,True,0.003378,0.003354,0.003402,Inconclusive,,,backtest_2025-08-26_15-47-09.csv
2025-08-25 20:57:51,PENGUUSDT,Neutral,28,5.0,False,32.990205426697656,0.2352632809221511,-2.1696465845292656e-05,-10.0,,True,False,True,0.029694,0.029482,0.029906,Inconclusive,,,backtest_2025-08-26_15-47-09.csv
2025-08-25 20:57:51,TRUMPUSDT,Neutral,28,5.0,False,31.562852013599468,0.2291835406603542,-0.0074505042559078,-10.0,,True,False,True,8.073,8.015336,8.130664,Inconclusive,,,backtest_2025-08-26_15-47-09.csv
2025-08-25 20:57:51,DOTUSDT,Sell,47,5.0,False,31.185766644430487,0.1728367806453713,-0.0044817373397067,-10.0,1.0,True,False,True,3.715,3.688464,3.741536,Success,33.0,,backtest_2025-08-26_15-47-09.csv
2025-08-25 20:57:51,FILUSDT,Neutral,21,5.0,False,29.95742517655016,0.2108654998066027,-0.0035265699851545,-10.0,,False,False,True,2.166,2.150529,2.181471,Inconclusive,,,backtest_2025-08-26_15-47-09.csv
2025-08-25 20:57:51,WLDUSDT,Neutral,28,5.0,False,32.48503219618948,0.2247606437513427,-0.001299954389295,-10.0,,True,False,True,0.877,0.870736,0.883264,Inconclusive,,,backtest_2025-08-26_15-47-09.csv
2025-08-25 20:57:51,1000BONKUSDT,Neutral,28,5.0,False,30.349575437647047,0.2103026364071766,-3.7794986207796645e-05,-10.0,,True,False,True,0.019822,0.01968,0.019964,Inconclusive,,,backtest_2025-08-26_15-47-09.csv
2025-08-25 20:57:51,PUMPUSDT,Neutral,28,5.0,False,33.763144275214,0.2724990765514967,-4.93737671175511e-06,-10.0,,True,False,True,0.002649,0.00263,0.002668,Inconclusive,,,backtest_2025-08-26_15-47-09.csv
2025-08-25 20:57:51,TRXUSDT,Neutral,28,5.0,False,34.543987915062885,0.2868833617221797,-4.141762955150617e-05,-10.0,,True,False,True,0.34438,0.34192,0.34684,Inconclusive,,,backtest_2025-08-26_15-47-09.csv
2025-08-25 20:57:51,XNYUSDT,Neutral,25,5.0,False,62.46194464088804,0.9347418157096654,5.169319294340517e-06,-10.0,,False,False,True,0.006951,0.006901,0.007001,Inconclusive,,,backtest_2025-08-26_15-47-09.csv
2025-08-25 20:57:51,CRVUSDT,Neutral,30,5.0,False,35.78169507615658,0.3318648126485998,8.042466638630112e-05,-10.0,,True,False,True,0.777,0.77145,0.78255,Inconclusive,,,backtest_2025-08-26_15-47-09.csv
2025-08-25 20:57:51,NEOUSDT,Sell,47,5.0,False,41.1602439277828,0.2217037377479462,-0.0082109639185007,-10.0,1.0,True,False,True,7.357,7.30445,7.40955,Success,1.0,,backtest_2025-08-26_15-47-09.csv
2025-08-25 20:57:51,ETCUSDT,Neutral,28,5.0,False,37.04635045952693,0.2591540794526865,-0.013811721822561,-10.0,,True,False,True,21.159,21.007864,21.310136,Inconclusive,,,backtest_2025-08-26_15-47-09.csv
2025-08-25 20:57:51,1000SHIBUSDT,Neutral,28,5.0,False,36.22018681987091,0.2701645908243366,-1.137548721397448e-05,-10.0,,True,False,True,0.011929,0.011844,0.012014,Inconclusive,,,backtest_2025-08-26_15-47-09.csv
2025-08-25 20:57:51,BCHUSDT,Neutral,28,5.0,False,32.80964579244588,0.2380950859226652,-0.6962537591081785,-10.0,,True,False,True,543.12,539.240571,546.999429,Inconclusive,,,backtest_2025-08-26_15-47-09.csv
2025-08-25 20:57:51,NEARUSDT,Neutral,28,5.0,False,33.99330444026255,0.2240798687802773,-0.0035985468545225,-10.0,,True,False,True,2.381,2.363993,2.398007,Inconclusive,,,backtest_2025-08-26_15-47-09.csv
2025-08-25 20:57:51,LDOUSDT,Neutral,30,5.0,False,34.83277474072824,0.3481562274866467,0.0008576219214023,-10.0,,True,False,True,1.2623,1.253284,1.271316,Inconclusive,,,backtest_2025-08-26_15-47-09.csv
2025-08-25 20:57:51,HBARUSDT,Neutral,28,5.0,False,35.18034034021147,0.2477713156861674,-0.0002016468744442,-10.0,,True,False,True,0.22869,0.227057,0.230323,Inconclusive,,,backtest_2025-08-26_15-47-09.csv
2025-08-25 20:57:51,ONDOUSDT,Neutral,28,5.0,False,34.98247584409057,0.2504046193644996,-0.0008643856695537,-10.0,,True,False,True,0.8843,0.877984,0.890616,Inconclusive,,,backtest_2025-08-26_15-47-09.csv
2025-08-25 20:57:51,BOMEUSDT,Neutral,28,5.0,False,33.417154916031166,0.2516378276454152,-1.5235441636392576e-06,-10.0,,True,False,True,0.001972,0.001958,0.001986,Inconclusive,,,backtest_2025-08-26_15-47-09.csv
2025-08-25 20:57:51,OPUSDT,Neutral,28,5.0,False,32.21819233848672,0.2181795490723729,-0.0009963726319952,-10.0,,True,False,True,0.6868,0.681894,0.691706,Inconclusive,,,backtest_2025-08-26_15-47-09.csv
2025-08-25 20:57:51,XLMUSDT,Neutral,28,5.0,False,35.45629529349068,0.2285052654609679,-0.0003233623507171,-10.0,,True,False,True,0.38112,0.378398,0.383842,Inconclusive,,,backtest_2025-08-26_15-47-09.csv
2025-08-25 20:57:51,ETHFIUSDT,Neutral,28,5.0,False,37.36632093594718,0.273661441378999,-0.0005269988830308,-10.0,,True,False,True,1.0919,1.084101,1.099699,Inconclusive,,,backtest_2025-08-26_15-47-09.csv
2025-08-25 20:57:51,TIAUSDT,Neutral,28,5.0,False,31.864926176464976,0.2475789075633249,-0.0018960540610002,-10.0,,True,False,True,1.6058,1.59433,1.61727,Inconclusive,,,backtest_2025-08-26_15-47-09.csv
2025-08-25 20:57:51,MYXUSDT,Neutral,11,5.0,False,49.27530236725272,0.411556363296816,-0.0003431664132585,-10.0,,False,False,True,1.2083,1.199669,1.216931,Inconclusive,,,backtest_2025-08-26_15-47-09.csv
2025-08-25 20:57:51,APTUSDT,Sell,47,5.0,False,32.899181200735455,0.2101972914030886,-0.0049774098808555,-10.0,1.0,True,False,True,4.2343,4.204055,4.264545,Success,2.0,,backtest_2025-08-26_15-47-09.csv
2025-08-25 20:57:51,TAOUSDT,Neutral,28,5.0,False,28.05156535698083,0.2246532639148598,-0.4510256380194652,-10.0,,True,False,True,319.14,316.860429,321.419571,Inconclusive,,,backtest_2025-08-26_15-47-09.csv
2025-08-25 20:57:51,ONGUSDT,Neutral,19,5.0,False,52.62731887108457,0.6434151116160799,6.362341475596537e-05,-10.0,,True,False,True,0.19933,0.197906,0.200754,Inconclusive,,,backtest_2025-08-26_15-47-09.csv
2025-08-25 20:57:51,VIRTUALUSDT,Neutral,28,5.0,False,28.44549424688317,0.2114536152391718,-0.0019148792374592,-10.0,,True,False,True,1.0993,1.091448,1.107152,Inconclusive,,,backtest_2025-08-26_15-47-09.csv
2025-08-25 20:57:51,INJUSDT,Neutral,28,5.0,False,36.17960271580658,0.2651427677036044,-0.0127690341056343,-10.0,,True,False,True,12.822,12.730414,12.913586,Inconclusive,,,backtest_2025-08-26_15-47-09.csv
2025-08-25 20:57:51,SEIUSDT,Neutral,28,5.0,False,35.843854242421585,0.2667465591773021,-0.0002428077692488,-10.0,,True,False,True,0.2808,0.278794,0.282806,Inconclusive,,,backtest_2025-08-26_15-47-09.csv
2025-08-25 20:57:51,IOSTUSDT,Neutral,28,5.0,False,42.717547435934215,0.2333579316199674,-4.876565373505512e-06,-10.0,,True,False,True,0.003847,0.00382,0.003874,Inconclusive,,,backtest_2025-08-26_15-47-09.csv
2025-08-25 20:57:51,BIDUSDT,Neutral,11,5.0,False,51.33273453435884,0.5262574190848718,-2.095347138485437e-05,-10.0,,False,False,True,0.10627,0.105511,0.107029,Inconclusive,,,backtest_2025-08-26_15-47-09.csv
2025-08-25 20:57:51,XPLUSDT,Neutral,28,5.0,False,35.64157852440032,0.2330574117995818,-0.000929859061465,-10.0,,True,False,True,0.5291,0.525321,0.532879,Inconclusive,,,backtest_2025-08-26_15-47-09.csv
2025-08-25 20:57:51,PENDLEUSDT,Neutral,28,5.0,False,33.83981012958867,0.2267080722064454,-0.002422756061477,-10.0,,True,False,True,5.1541,5.117285,5.190915,Inconclusive,,,backtest_2025-08-26_15-47-09.csv
2025-08-25 20:57:51,ZORAUSDT,Neutral,30,5.0,False,38.4594618001233,0.3204884594088139,5.792095887576063e-05,-10.0,,True,False,True,0.10374,0.102999,0.104481,Inconclusive,,,backtest_2025-08-26_15-47-09.csv
2025-08-25 20:57:51,DIAUSDT,Neutral,28,5.0,False,41.703096456581584,0.297856253259691,-0.0025897607617572,-10.0,,True,False,True,0.725,0.719821,0.730179,Inconclusive,,,backtest_2025-08-26_15-47-09.csv
2025-08-25 20:57:51,ALGOUSDT,Neutral,28,5.0,False,33.299855067788684,0.2188431892880265,-0.0002384969773425,-10.0,,True,False,True,0.2437,0.241959,0.245441,Inconclusive,,,backtest_2025-08-26_15-47-09.csv
2025-08-25 20:57:51,TONUSDT,Neutral,21,5.0,False,36.576526804455845,0.2958467886581401,-0.0012430433265706,-10.0,,False,False,True,3.1201,3.097814,3.142386,Inconclusive,,,backtest_2025-08-26_15-47-09.csv
2025-08-25 20:57:51,CFXUSDT,Neutral,28,5.0,False,26.118263133912397,0.224332951033533,-0.0003462828865368,-10.0,,True,False,True,0.16751,0.166314,0.168706,Inconclusive,,,backtest_2025-08-26_15-47-09.csv
2025-08-25 20:57:51,MAVUSDT,Neutral,17,5.0,False,51.51490027548288,0.5835699039600235,-4.255346553317936e-05,-10.0,,True,False,True,0.06454,0.064079,0.065001,Inconclusive,,,backtest_2025-08-26_15-47-09.csv
2025-08-25 21:22:23,ETHUSDT,Neutral,30,5.0,False,37.39981300152732,0.3752716290142851,5.070562385014405,-10.0,,True,False,True,4366.98,4335.787286,4398.172714,Inconclusive,,,backtest_2025-08-26_15-47-15.csv
2025-08-25 21:22:23,BTCUSDT,Neutral,23,5.0,False,39.01511392786065,0.3649392391206156,47.6795614454295,-10.0,,False,False,True,109707.7,108924.073571,110491.326429,Inconclusive,,,backtest_2025-08-26_15-47-15.csv
2025-08-25 21:22:23,SOLUSDT,Neutral,30,5.0,False,31.83681523621533,0.3045882188671527,0.1011103086719722,-10.0,,True,False,True,187.15,185.813214,188.486786,Inconclusive,,,backtest_2025-08-26_15-47-15.csv
2025-08-25 21:22:23,XRPUSDT,Neutral,30,5.0,False,38.97765188759411,0.3347946280371019,0.001891351594721,-10.0,,True,False,True,2.8413,2.821005,2.861595,Inconclusive,,,backtest_2025-08-26_15-47-15.csv
2025-08-25 21:22:23,DOGEUSDT,Neutral,28,5.0,False,31.39026061992861,0.2547699038865623,-3.062528239062201e-05,-10.0,,True,False,True,0.20714,0.20566,0.20862,Inconclusive,,,backtest_2025-08-26_15-47-15.csv
2025-08-25 21:22:23,ADAUSDT,Neutral,30,5.0,False,40.12761045202272,0.3666038825281897,0.0006142747243771,-10.0,,True,False,True,0.8367,0.830724,0.842676,Inconclusive,,,backtest_2025-08-26_15-47-15.csv
2025-08-25 21:22:23,LINKUSDT,Neutral,30,5.0,False,37.31979878698678,0.3466156381363806,0.0165017441029716,-10.0,,True,False,True,23.277,23.110736,23.443264,Inconclusive,,,backtest_2025-08-26_15-47-15.csv
2025-08-25 21:22:23,1000PEPEUSDT,Neutral,30,5.0,False,35.635965916158526,0.3085386899704515,4.62588178027696e-06,-10.0,,True,False,True,0.00962,0.009552,0.009689,Inconclusive,,,backtest_2025-08-26_15-47-15.csv
2025-08-25 21:22:23,SUIUSDT,Neutral,30,5.0,False,38.79783455700508,0.3213747059666532,0.0018178507840771,-10.0,,True,False,True,3.3359,3.312072,3.359728,Inconclusive,,,backtest_2025-08-26_15-47-15.csv
2025-08-25 21:22:23,BNBUSDT,Neutral,28,5.0,False,30.12615669898959,0.2066944122752581,-0.818276857841397,-10.0,,True,False,True,837.8,831.815714,843.784286,Inconclusive,,,backtest_2025-08-26_15-47-15.csv
2025-08-25 21:22:23,BIOUSDT,Neutral,28,5.0,False,37.64316426178899,0.2803198545304564,-1.7143688835825465e-05,-10.0,,True,False,True,0.19509,0.193697,0.196484,Inconclusive,,,backtest_2025-08-26_15-47-15.csv
2025-08-25 21:22:23,ONTUSDT,Neutral,28,5.0,False,48.69955412907921,0.4867603114807702,-6.82932386627793e-05,-10.0,,True,False,True,0.1957,0.194302,0.197098,Inconclusive,,,backtest_2025-08-26_15-47-15.csv
2025-08-25 21:22:23,ENAUSDT,Neutral,30,5.0,False,39.420877496714034,0.2096730489549976,4.8680453129858886e-05,-10.0,,True,False,True,0.6263,0.621826,0.630774,Inconclusive,,,backtest_2025-08-26_15-47-15.csv
2025-08-25 21:22:23,AVAXUSDT,Neutral,30,5.0,False,36.88361035273962,0.2851776179462623,0.0065680896428873,-10.0,,True,False,True,23.194,23.028329,23.359671,Inconclusive,,,backtest_2025-08-26_15-47-15.csv
2025-08-25 21:22:23,FARTCOINUSDT,Neutral,23,5.0,False,28.569494698499422,0.3143608241835346,0.0010406980866323,-10.0,,False,False,True,0.7677,0.762216,0.773184,Inconclusive,,,backtest_2025-08-26_15-47-15.csv
2025-08-25 21:22:23,HYPEUSDT,Sell,47,5.0,False,35.36051852219897,0.2369216346249965,-0.0273480657793039,-10.0,1.0,True,False,True,43.082,42.774271,43.389729,Success,5.0,,backtest_2025-08-26_15-47-15.csv
2025-08-25 21:22:23,LTCUSDT,Neutral,30,5.0,False,36.02706140989776,0.2529265019346031,0.0185481272065615,-10.0,,True,False,True,107.4,106.632857,108.167143,Inconclusive,,,backtest_2025-08-26_15-47-15.csv
2025-08-25 21:22:23,WLFIUSDT,Neutral,25,5.0,False,67.410401892061,0.981379369864597,0.0011940906503157,-10.0,,False,True,True,0.2271,0.225478,0.228722,Inconclusive,,,backtest_2025-08-26_15-47-15.csv
2025-08-25 21:22:23,PROMPTUSDT,Sell,47,5.0,False,28.46973054832253,-0.056289683299493,-0.0017321396667581,-10.0,1.0,True,False,True,0.3127,0.310466,0.314934,Success,0.0,,backtest_2025-08-26_15-47-15.csv
2025-08-25 21:22:23,SPKUSDT,Neutral,17,5.0,False,51.17054892384107,0.4054456796305685,-0.0001126217493785,-10.0,,True,False,True,0.07572,0.075179,0.076261,Inconclusive,,,backtest_2025-08-26_15-47-15.csv
2025-08-25 21:22:23,WIFUSDT,Neutral,23,5.0,False,34.71115397156406,0.3221421281326262,0.0004786802981299,-10.0,,False,False,True,0.7619,0.756458,0.767342,Inconclusive,,,backtest_2025-08-26_15-47-15.csv
2025-08-25 21:22:23,ARBUSDT,Neutral,30,5.0,False,36.22566987595951,0.2935645818263613,0.000270525347909,-10.0,,True,False,True,0.513,0.509336,0.516664,Inconclusive,,,backtest_2025-08-26_15-47-15.csv
2025-08-25 21:22:23,UNIUSDT,Neutral,30,5.0,False,35.94123736330036,0.2746250572055461,0.0041253235184622,-10.0,,True,False,True,9.63,9.561214,9.698786,Inconclusive,,,backtest_2025-08-26_15-47-15.csv
2025-08-25 21:22:23,AAVEUSDT,Neutral,30,5.0,False,35.9174157840113,0.2657027460910848,0.0509939561982437,-10.0,,True,False,True,312.8,310.565714,315.034286,Inconclusive,,,backtest_2025-08-26_15-47-15.csv
2025-08-25 21:22:23,QTUMUSDT,Neutral,28,5.0,False,41.62571040423284,0.2348384547011633,-0.0051147046492567,-10.0,,True,False,True,3.029,3.007364,3.050636,Inconclusive,,,backtest_2025-08-26_15-47-15.csv
2025-08-25 21:22:23,MEMEUSDT,Neutral,30,5.0,False,38.72835612418998,0.221694749793109,1.984253540036598e-06,-10.0,,True,False,True,0.003367,0.003343,0.003391,Inconclusive,,,backtest_2025-08-26_15-47-15.csv
2025-08-25 21:22:23,PENGUUSDT,Neutral,30,5.0,False,42.8190438326784,0.4735872856038001,4.236275395784212e-05,-10.0,,True,False,True,0.029841,0.029628,0.030054,Inconclusive,,,backtest_2025-08-26_15-47-15.csv
2025-08-25 21:22:23,TRUMPUSDT,Neutral,23,5.0,False,36.7608007046184,0.3559405301250596,0.005217918799116,-10.0,,False,False,True,8.077,8.019307,8.134693,Inconclusive,,,backtest_2025-08-26_15-47-15.csv
2025-08-25 21:22:23,DOTUSDT,Neutral,30,5.0,False,36.018933737519674,0.281040624028445,0.000892955266983,-10.0,,True,False,True,3.712,3.685486,3.738514,Inconclusive,,,backtest_2025-08-26_15-47-15.csv
2025-08-25 21:22:23,FILUSDT,Neutral,30,5.0,False,31.505179639499588,0.27385611934418,0.0001753898724931,-10.0,,True,False,True,2.156,2.1406,2.1714,Inconclusive,,,backtest_2025-08-26_15-47-15.csv
2025-08-25 21:22:23,WLDUSDT,Neutral,28,5.0,False,32.86440061331035,0.2679492329102417,-6.017583546780864e-06,-10.0,,True,False,True,0.8714,0.865176,0.877624,Inconclusive,,,backtest_2025-08-26_15-47-15.csv
2025-08-25 21:22:23,TRXUSDT,Neutral,30,5.0,False,33.88533637421186,0.2875315846179247,8.281168785341303e-05,-10.0,,True,False,True,0.34355,0.341096,0.346004,Inconclusive,,,backtest_2025-08-26_15-47-15.csv
2025-08-25 21:22:23,1000BONKUSDT,Neutral,21,5.0,False,31.0879668862072,0.2589746218758543,-2.2952764667184197e-06,-10.0,,False,False,True,0.019698,0.019557,0.019839,Inconclusive,,,backtest_2025-08-26_15-47-15.csv
2025-08-25 21:22:23,PUMPUSDT,Neutral,30,5.0,False,33.376066059043225,0.3247250276378584,3.151422445776437e-06,-10.0,,True,False,True,0.002636,0.002617,0.002655,Inconclusive,,,backtest_2025-08-26_15-47-15.csv
2025-08-25 21:22:23,XNYUSDT,Neutral,11,5.0,False,55.789942529404335,0.6451238813846422,-4.628145681669646e-06,-10.0,,False,False,True,0.006901,0.006852,0.00695,Inconclusive,,,backtest_2025-08-26_15-47-15.csv
2025-08-25 21:22:23,CRVUSDT,Neutral,30,5.0,False,32.149084887264024,0.2983677768125425,0.0012480375876148,-10.0,,True,False,True,0.77,0.7645,0.7755,Inconclusive,,,backtest_2025-08-26_15-47-15.csv
2025-08-25 21:22:23,1000SHIBUSDT,Neutral,23,5.0,False,39.0782436243513,0.3653762483195401,6.799430187232137e-06,-10.0,,False,False,True,0.01191,0.011825,0.011995,Inconclusive,,,backtest_2025-08-26_15-47-15.csv
2025-08-25 21:22:23,ETCUSDT,Neutral,28,5.0,False,33.38610027924948,0.2061999404334822,-0.003387817426647,-10.0,,True,False,True,20.991,20.841064,21.140936,Inconclusive,,,backtest_2025-08-26_15-47-15.csv
2025-08-25 21:22:23,NEOUSDT,Sell,47,5.0,False,34.025569098968404,0.15338676046856,-0.009108544002764,-10.0,1.0,True,False,True,7.277,7.225021,7.328979,Success,7.0,,backtest_2025-08-26_15-47-15.csv
2025-08-25 21:22:23,BCHUSDT,Neutral,28,5.0,False,30.769797202981778,0.2653687319782559,-0.1410686691529363,-10.0,,True,False,True,539.5,535.646429,543.353571,Inconclusive,,,backtest_2025-08-26_15-47-15.csv
2025-08-25 21:22:23,NEARUSDT,Neutral,28,5.0,False,33.333283051517355,0.2753624994449216,-0.0002069385742628,-10.0,,True,False,True,2.368,2.351086,2.384914,Inconclusive,,,backtest_2025-08-26_15-47-15.csv
2025-08-25 21:22:23,HBARUSDT,Neutral,23,5.0,False,39.40475426129715,0.3767068969469215,0.0001584004991415,-10.0,,False,False,True,0.22857,0.226937,0.230203,Inconclusive,,,backtest_2025-08-26_15-47-15.csv
2025-08-25 21:22:23,LDOUSDT,Neutral,30,5.0,False,32.50583361211996,0.2979076074744736,0.0015405943157159,-10.0,,True,False,True,1.2559,1.246929,1.264871,Inconclusive,,,backtest_2025-08-26_15-47-15.csv
2025-08-25 21:22:23,ONDOUSDT,Neutral,23,5.0,False,36.51823732843084,0.3251748956000957,0.0004617413625038,-10.0,,False,False,True,0.8818,0.875501,0.888099,Inconclusive,,,backtest_2025-08-26_15-47-15.csv
2025-08-25 21:22:23,BOMEUSDT,Sell,47,5.0,False,26.874901910654216,0.2087659461680179,-6.591806066239267e-07,-10.0,1.0,True,False,True,0.001952,0.001938,0.001966,Success,2.0,,backtest_2025-08-26_15-47-15.csv
2025-08-25 21:22:23,XLMUSDT,Neutral,30,5.0,False,38.5550353629106,0.3068463215845219,8.927863586703387e-05,-10.0,,True,False,True,0.38014,0.377425,0.382855,Inconclusive,,,backtest_2025-08-26_15-47-15.csv
2025-08-25 21:22:23,OPUSDT,Neutral,30,5.0,False,33.37585587449715,0.2776543809507872,0.0001640559293742,-10.0,,True,False,True,0.6836,0.678717,0.688483,Inconclusive,,,backtest_2025-08-26_15-47-15.csv
2025-08-25 21:22:23,ETHFIUSDT,Neutral,30,5.0,False,36.33571887560938,0.2927422473697018,0.0006930939730659,-10.0,,True,False,True,1.0868,1.079037,1.094563,Inconclusive,,,backtest_2025-08-26_15-47-15.csv
2025-08-25 21:22:23,TIAUSDT,Neutral,23,5.0,False,33.25627574045227,0.3073394194636293,0.001166093082833,-10.0,,False,False,True,1.5992,1.587777,1.610623,Inconclusive,,,backtest_2025-08-26_15-47-15.csv
2025-08-25 21:22:23,APTUSDT,Neutral,30,5.0,False,34.07859201815414,0.2920810454493246,0.0007226375905435,-10.0,,True,False,True,4.2225,4.192339,4.252661,Inconclusive,,,backtest_2025-08-26_15-47-15.csv
2025-08-25 21:22:23,TAOUSDT,Neutral,23,5.0,False,35.27245813589265,0.371099586922534,0.3238348149149859,-10.0,,False,False,True,319.53,317.247643,321.812357,Inconclusive,,,backtest_2025-08-26_15-47-15.csv
2025-08-25 21:22:23,MYXUSDT,Neutral,11,5.0,False,48.66717670149051,0.4014308211427386,-0.0013253264745047,-10.0,,False,False,True,1.2065,1.197882,1.215118,Inconclusive,,,backtest_2025-08-26_15-47-15.csv
2025-08-25 21:22:23,ONGUSDT,Sell,47,5.0,False,37.25931092691472,-0.0076863088496368,-0.0002466583957621,-10.0,1.0,True,False,True,0.19569,0.194292,0.197088,Success,0.0,,backtest_2025-08-26_15-47-15.csv
2025-08-25 21:22:23,VIRTUALUSDT,Neutral,30,5.0,False,29.783189775468458,0.2810411523882429,0.0001093524550106,-10.0,,True,False,True,1.0934,1.08559,1.10121,Inconclusive,,,backtest_2025-08-26_15-47-15.csv
2025-08-25 21:22:23,INJUSDT,Neutral,30,5.0,False,39.04035231163293,0.3677486562982747,0.0102514254051926,-10.0,,True,False,True,12.805,12.713536,12.896464,Inconclusive,,,backtest_2025-08-26_15-47-15.csv
2025-08-25 21:22:23,SEIUSDT,Neutral,23,5.0,False,42.40035173881187,0.4421653157487826,0.0003508715272652,-10.0,,False,False,True,0.2816,0.279589,0.283611,Inconclusive,,,backtest_2025-08-26_15-47-15.csv
2025-08-25 21:22:23,IOSTUSDT,Sell,47,5.0,False,33.42347325006233,0.1294269543673,-1.713372602602096e-05,-10.0,1.0,True,False,True,0.003727,0.0037,0.003754,Success,0.0,,backtest_2025-08-26_15-47-15.csv
2025-08-25 21:22:23,XPLUSDT,Neutral,30,5.0,False,39.68125262279243,0.3406932363125438,0.0004275962423632,-10.0,,True,False,True,0.5296,0.525817,0.533383,Inconclusive,,,backtest_2025-08-26_15-47-15.csv
2025-08-25 21:22:23,BIDUSDT,Sell,47,5.0,False,42.81224402643103,0.132757551673916,-0.0002132652013342,-10.0,1.0,True,False,True,0.10493,0.10418,0.105679,Fail,12.0,Yes,backtest_2025-08-26_15-47-15.csv
2025-08-25 21:22:23,PENDLEUSDT,Neutral,30,5.0,False,33.2063218310914,0.2671951053426783,0.0015506576756106,-10.0,,True,False,True,5.1327,5.096038,5.169362,Inconclusive,,,backtest_2025-08-26_15-47-15.csv
2025-08-25 21:22:23,ZORAUSDT,Neutral,30,5.0,False,36.18839750411844,0.2243283536346487,9.944119748779632e-05,-10.0,,True,False,True,0.10271,0.101976,0.103444,Inconclusive,,,backtest_2025-08-26_15-47-15.csv
2025-08-25 21:22:23,DIAUSDT,Neutral,30,5.0,False,46.92630967186381,0.458631716570048,0.0008793537530791,-10.0,,True,False,True,0.7309,0.725679,0.736121,Inconclusive,,,backtest_2025-08-26_15-47-15.csv
2025-08-25 21:22:23,TONUSDT,Neutral,23,5.0,False,40.22893589670762,0.3819774015812477,0.0015443927928144,-10.0,,False,False,True,3.1134,3.091161,3.135639,Inconclusive,,,backtest_2025-08-26_15-47-15.csv
2025-08-25 21:22:23,ALGOUSDT,Neutral,30,5.0,False,43.17418546113826,0.451483415639359,0.0002881351608992,-10.0,,True,False,True,0.2448,0.243051,0.246549,Inconclusive,,,backtest_2025-08-26_15-47-15.csv
2025-08-25 21:22:23,CFXUSDT,Neutral,30,5.0,False,33.83337358357686,0.3693552997658875,0.0001360273520185,-10.0,,True,False,True,0.16774,0.166542,0.168938,Inconclusive,,,backtest_2025-08-26_15-47-15.csv
2025-08-25 21:22:23,MAVUSDT,Neutral,13,5.0,False,54.74373249518593,0.8604994934340408,0.0001746565922415,-10.0,,False,False,True,0.06514,0.064675,0.065605,Inconclusive,,,backtest_2025-08-26_15-47-15.csv
2025-08-25 21:57:33,ETHUSDT,Neutral,30,5.0,False,44.28624290793658,0.6771251820337362,9.401280305637728,-5.0,,True,False,True,4378.12,4346.847714,4409.392286,Inconclusive,,,backtest_2025-08-26_15-47-25.csv
2025-08-25 21:57:33,BTCUSDT,Neutral,23,5.0,False,49.84292308581249,0.8129740188629496,159.68916726646,-5.0,,False,False,True,110198.8,109411.665714,110985.934286,Inconclusive,,,backtest_2025-08-26_15-47-25.csv
2025-08-25 21:57:33,SOLUSDT,Neutral,30,5.0,False,41.58291143822717,0.5635123573661542,0.3801655928041516,-5.0,,True,False,True,187.68,186.339429,189.020571,Inconclusive,,,backtest_2025-08-26_15-47-25.csv
2025-08-25 21:57:33,XRPUSDT,Neutral,30,5.0,False,47.006140264867625,0.7309174804649332,0.0057783042339433,-5.0,,True,False,True,2.8576,2.837189,2.878011,Inconclusive,,,backtest_2025-08-26_15-47-25.csv
2025-08-25 21:57:33,DOGEUSDT,Neutral,23,5.0,False,42.70389779602486,0.5953145294342598,0.0004447937178056,-5.0,,False,False,True,0.20857,0.20708,0.21006,Inconclusive,,,backtest_2025-08-26_15-47-25.csv
2025-08-25 21:57:33,ADAUSDT,Neutral,30,5.0,False,44.82955871646782,0.6172771788468896,0.0014981883177743,-5.0,,True,False,True,0.8385,0.832511,0.844489,Inconclusive,,,backtest_2025-08-26_15-47-25.csv
2025-08-25 21:57:33,LINKUSDT,Neutral,23,5.0,False,42.6377570467611,0.5464852060594357,0.0393995762265587,-5.0,,False,False,True,23.284,23.117686,23.450314,Inconclusive,,,backtest_2025-08-26_15-47-25.csv
2025-08-25 21:57:33,1000PEPEUSDT,Neutral,23,5.0,False,41.35088261971396,0.5267284360009008,1.713539820844631e-05,-5.0,,False,False,True,0.009637,0.009568,0.009706,Inconclusive,,,backtest_2025-08-26_15-47-25.csv
2025-08-25 21:57:33,SUIUSDT,Neutral,30,5.0,False,43.21641495304876,0.5143427653263729,0.0040571807024816,-5.0,,True,False,True,3.3372,3.313363,3.361037,Inconclusive,,,backtest_2025-08-26_15-47-25.csv
2025-08-25 21:57:33,BNBUSDT,Neutral,30,5.0,False,45.48534131459128,0.5540741938377701,1.2409643971811164,-5.0,,True,False,True,843.29,837.2665,849.3135,Inconclusive,,,backtest_2025-08-26_15-47-25.csv
2025-08-25 21:57:33,ONTUSDT,Neutral,28,5.0,False,39.616807107393655,0.2049215193525682,-0.0009128420481716,-5.0,,True,False,True,0.1879,0.186558,0.189242,Inconclusive,,,backtest_2025-08-26_15-47-25.csv
2025-08-25 21:57:33,BIOUSDT,Sell,47,5.0,False,37.93814529007387,0.1327152152043993,-0.0001597902771506,-5.0,1.0,True,False,True,0.19188,0.190509,0.193251,Fail,0.0,No,backtest_2025-08-26_15-47-25.csv
2025-08-25 21:57:33,ENAUSDT,Neutral,30,5.0,False,41.58607875235514,0.3218906422966993,0.000302430923672,-5.0,,True,False,True,0.6247,0.620238,0.629162,Inconclusive,,,backtest_2025-08-26_15-47-25.csv
2025-08-25 21:57:33,AVAXUSDT,Neutral,23,5.0,False,43.05713954094718,0.4955712566837801,0.0304190375666373,-5.0,,False,False,True,23.226,23.0601,23.3919,Inconclusive,,,backtest_2025-08-26_15-47-25.csv
2025-08-25 21:57:33,FARTCOINUSDT,Neutral,23,5.0,False,37.50423192735818,0.5022697315418628,0.0035687483073005,-5.0,,False,False,True,0.7703,0.764798,0.775802,Inconclusive,,,backtest_2025-08-26_15-47-25.csv
2025-08-25 21:57:33,HYPEUSDT,Neutral,30,5.0,False,41.37394127651424,0.3952522751878657,0.0670913650661427,-5.0,,True,False,True,43.045,42.737536,43.352464,Inconclusive,,,backtest_2025-08-26_15-47-25.csv
2025-08-25 21:57:33,PROMPTUSDT,Sell,47,5.0,False,16.10976540880749,0.1054421906077459,-0.0026395031453576,-5.0,1.0,True,False,True,0.2913,0.289219,0.293381,Fail,0.0,Yes,backtest_2025-08-26_15-47-25.csv
2025-08-25 21:57:33,WLFIUSDT,Neutral,13,5.0,False,59.11666092076458,0.7187962155590536,0.0005290471486936,-5.0,,False,False,True,0.2266,0.224981,0.228219,Inconclusive,,,backtest_2025-08-26_15-47-25.csv
2025-08-25 21:57:33,LTCUSDT,Neutral,30,5.0,False,45.103332378812105,0.586659132751152,0.1751288026342552,-5.0,,True,False,True,107.85,107.079643,108.620357,Inconclusive,,,backtest_2025-08-26_15-47-25.csv
2025-08-25 21:57:33,SPKUSDT,Sell,47,5.0,False,38.58642457852015,-0.1165628280417358,-0.0002755237412006,-5.0,1.0,True,False,True,0.07358,0.073054,0.074106,Fail,7.0,Yes,backtest_2025-08-26_15-47-25.csv
2025-08-25 21:57:33,WIFUSDT,Neutral,23,5.0,False,41.6817743313262,0.5301736527912825,0.0018141960683678,-5.0,,False,False,True,0.764,0.758543,0.769457,Inconclusive,,,backtest_2025-08-26_15-47-25.csv
2025-08-25 21:57:33,ARBUSDT,Neutral,23,5.0,False,43.48288129536028,0.5455115949569069,0.000987073253085,-5.0,,False,False,True,0.5145,0.510825,0.518175,Inconclusive,,,backtest_2025-08-26_15-47-25.csv
2025-08-25 21:57:33,UNIUSDT,Neutral,30,5.0,False,39.356183931581135,0.3451731521136266,0.0102965966359506,-5.0,,True,False,True,9.612,9.543343,9.680657,Inconclusive,,,backtest_2025-08-26_15-47-25.csv
2025-08-25 21:57:33,AAVEUSDT,Neutral,30,5.0,False,38.76007277949718,0.3136061881039368,0.2365507908564743,-5.0,,True,False,True,311.82,309.592714,314.047286,Inconclusive,,,backtest_2025-08-26_15-47-25.csv
2025-08-25 21:57:33,QTUMUSDT,Sell,47,5.0,False,27.902317623359707,0.1006667960361877,-0.0089904300994153,-5.0,1.0,True,False,True,2.938,2.917014,2.958986,Fail,22.0,Yes,backtest_2025-08-26_15-47-25.csv
2025-08-25 21:57:33,MEMEUSDT,Sell,49,5.0,False,40.684199682546165,0.1383522059535986,1.0681199735543089e-07,-5.0,1.0,True,False,True,0.003343,0.003319,0.003367,Fail,3.0,No,backtest_2025-08-26_15-47-25.csv
2025-08-25 21:57:33,PENGUUSDT,Neutral,23,5.0,False,42.64192694196751,0.4924850431200246,4.696233587262046e-05,-5.0,,False,False,True,0.029695,0.029483,0.029907,Inconclusive,,,backtest_2025-08-26_15-47-25.csv
2025-08-25 21:57:33,TRUMPUSDT,Neutral,23,5.0,False,45.592679286542186,0.689877034064184,0.0145872889127759,-5.0,,False,False,True,8.106,8.0481,8.1639,Inconclusive,,,backtest_2025-08-26_15-47-25.csv
2025-08-25 21:57:33,DOTUSDT,Neutral,23,5.0,False,46.244636274225066,0.6447252482246646,0.006402232044154,-5.0,,False,False,True,3.73,3.703357,3.756643,Inconclusive,,,backtest_2025-08-26_15-47-25.csv
2025-08-25 21:57:33,FILUSDT,Neutral,23,5.0,False,43.10247537272559,0.5418531985326308,0.0046558023996034,-5.0,,False,False,True,2.164,2.148543,2.179457,Inconclusive,,,backtest_2025-08-26_15-47-25.csv
2025-08-25 21:57:33,WLDUSDT,Neutral,30,5.0,False,41.687963742696894,0.485855843045728,0.001755244047183,-5.0,,True,False,True,0.8734,0.867161,0.879639,Inconclusive,,,backtest_2025-08-26_15-47-25.csv
2025-08-25 21:57:33,TRXUSDT,Neutral,23,5.0,False,42.65692577874144,0.5636158150314844,0.000270785096138,-5.0,,False,False,True,0.344,0.341543,0.346457,Inconclusive,,,backtest_2025-08-26_15-47-25.csv
2025-08-25 21:57:33,1000BONKUSDT,Neutral,23,5.0,False,40.26981563213653,0.4776597140110705,3.908262232291411e-05,-5.0,,False,False,True,0.019756,0.019615,0.019897,Inconclusive,,,backtest_2025-08-26_15-47-25.csv
2025-08-25 21:57:33,PUMPUSDT,Neutral,30,5.0,False,42.54205687790506,0.6691599851150485,9.734866177816516e-06,-5.0,,True,False,True,0.002655,0.002636,0.002674,Inconclusive,,,backtest_2025-08-26_15-47-25.csv
2025-08-25 21:57:33,XNYUSDT,Neutral,11,5.0,False,54.77593198736231,0.6486036405181415,-8.783609568479962e-06,-5.0,,False,False,True,0.006944,0.006894,0.006994,Inconclusive,,,backtest_2025-08-26_15-47-25.csv
2025-08-25 21:57:33,CRVUSDT,Sell,49,5.0,False,32.20105151104984,0.1385582054166053,0.0011818900235125,-5.0,1.0,True,False,True,0.761,0.755564,0.766436,Fail,5.0,No,backtest_2025-08-26_15-47-25.csv
2025-08-25 21:57:33,1000SHIBUSDT,Neutral,23,5.0,False,44.864368035798336,0.6465177171245623,2.0615836243176287e-05,-5.0,,False,False,True,0.011934,0.011849,0.012019,Inconclusive,,,backtest_2025-08-26_15-47-25.csv
2025-08-25 21:57:33,NEOUSDT,Sell,47,5.0,False,27.859955778423767,0.0945022569649246,-0.0085479615328036,-5.0,1.0,True,False,True,7.171,7.119779,7.222221,Fail,4.0,Yes,backtest_2025-08-26_15-47-25.csv
2025-08-25 21:57:33,BCHUSDT,Neutral,30,5.0,False,40.55875613586856,0.4884416231987368,0.8008100692865936,-5.0,,True,False,True,540.57,536.708786,544.431214,Inconclusive,,,backtest_2025-08-26_15-47-25.csv
2025-08-25 21:57:33,ETCUSDT,Neutral,30,5.0,False,43.78949251277819,0.4968568141022783,0.0271830337976028,-5.0,,True,False,True,21.066,20.915529,21.216471,Inconclusive,,,backtest_2025-08-26_15-47-25.csv
2025-08-25 21:57:33,NEARUSDT,Neutral,23,5.0,False,42.14088943368266,0.4907879151526452,0.0037618706757485,-5.0,,False,False,True,2.371,2.354064,2.387936,Inconclusive,,,backtest_2025-08-26_15-47-25.csv
2025-08-25 21:57:33,HBARUSDT,Neutral,23,5.0,False,42.19387169903445,0.4988581287698729,0.0003373687652374,-5.0,,False,False,True,0.22825,0.22662,0.22988,Inconclusive,,,backtest_2025-08-26_15-47-25.csv
2025-08-25 21:57:33,LDOUSDT,Neutral,30,5.0,False,34.91221086163219,0.2608012104733919,0.0014757472152953,-5.0,,True,False,True,1.2494,1.240476,1.258324,Inconclusive,,,backtest_2025-08-26_15-47-25.csv
2025-08-25 21:57:33,ONDOUSDT,Neutral,23,5.0,False,43.74099087788409,0.5760587327564675,0.0017333103215667,-5.0,,False,False,True,0.8838,0.877487,0.890113,Inconclusive,,,backtest_2025-08-26_15-47-25.csv
2025-08-25 21:57:33,BOMEUSDT,Neutral,30,5.0,False,34.76282258191975,0.2021375741947821,1.2449310595046646e-06,-5.0,,True,False,True,0.001942,0.001928,0.001956,Inconclusive,,,backtest_2025-08-26_15-47-25.csv
2025-08-25 21:57:33,XLMUSDT,Neutral,30,5.0,False,45.799503550314206,0.5823716010791679,0.0006002654429211,-5.0,,True,False,True,0.38107,0.378348,0.383792,Inconclusive,,,backtest_2025-08-26_15-47-25.csv
2025-08-25 21:57:33,OPUSDT,Neutral,23,5.0,False,40.218035744004766,0.435853293127481,0.0012059421431835,-5.0,,False,False,True,0.6838,0.678916,0.688684,Inconclusive,,,backtest_2025-08-26_15-47-25.csv
2025-08-25 21:57:33,ETHFIUSDT,Neutral,23,5.0,False,41.93264399907022,0.4469813054676436,0.0017716045331648,-5.0,,False,False,True,1.0867,1.078938,1.094462,Inconclusive,,,backtest_2025-08-26_15-47-25.csv
2025-08-25 21:57:33,TIAUSDT,Neutral,23,5.0,False,40.412561829290766,0.4685357924307798,0.0032051261054058,-5.0,,False,False,True,1.5992,1.587777,1.610623,Inconclusive,,,backtest_2025-08-26_15-47-25.csv
2025-08-25 21:57:33,TAOUSDT,Neutral,23,5.0,False,38.16339431634992,0.3865786070296668,0.6055838729441199,-5.0,,False,False,True,318.32,316.046286,320.593714,Inconclusive,,,backtest_2025-08-26_15-47-25.csv
2025-08-25 21:57:33,APTUSDT,Neutral,23,5.0,False,43.48176344633641,0.5467433631128199,0.00710888097736,-5.0,,False,False,True,4.2347,4.204452,4.264948,Inconclusive,,,backtest_2025-08-26_15-47-25.csv
2025-08-25 21:57:33,MYXUSDT,Neutral,11,5.0,False,50.56470403932198,0.4689506026246688,-0.0002077959820316,-5.0,,False,False,True,1.2066,1.197981,1.215219,Inconclusive,,,backtest_2025-08-26_15-47-25.csv
2025-08-25 21:57:33,ONGUSDT,Neutral,28,5.0,False,34.954694415172725,0.1853530845436422,-0.0003235525041877,-5.0,,True,False,True,0.19304,0.191661,0.194419,Inconclusive,,,backtest_2025-08-26_15-47-25.csv
2025-08-25 21:57:33,VIRTUALUSDT,Neutral,23,5.0,False,37.75366187055278,0.3971264424869282,0.002147196328985,-5.0,,False,False,True,1.0919,1.084101,1.099699,Inconclusive,,,backtest_2025-08-26_15-47-25.csv
2025-08-25 21:57:33,INJUSDT,Neutral,30,5.0,False,43.9536733737092,0.5676321262245151,0.0236632293344924,-5.0,,True,False,True,12.81,12.7185,12.9015,Inconclusive,,,backtest_2025-08-26_15-47-25.csv
2025-08-25 21:57:33,SEIUSDT,Neutral,23,5.0,False,46.13822995108328,0.692389819517851,0.0005778831158237,-5.0,,False,False,True,0.2819,0.279886,0.283914,Inconclusive,,,backtest_2025-08-26_15-47-25.csv
2025-08-25 21:57:33,IOSTUSDT,Neutral,28,5.0,False,30.90743502512213,0.2260435161451655,-7.056042858865425e-06,-5.0,,True,False,True,0.003657,0.003631,0.003683,Inconclusive,,,backtest_2025-08-26_15-47-25.csv
2025-08-25 21:57:33,XPLUSDT,Sell,47,5.0,False,29.99098113163147,0.1331658606091669,-0.000808650638338,-5.0,1.0,True,False,True,0.5142,0.510527,0.517873,Fail,6.0,No,backtest_2025-08-26_15-47-25.csv
2025-08-25 21:57:33,PENDLEUSDT,Neutral,30,5.0,False,34.93164949862488,0.2523047532974841,0.0034593951333893,-5.0,,True,False,True,5.1112,5.074691,5.147709,Inconclusive,,,backtest_2025-08-26_15-47-25.csv
2025-08-25 21:57:33,BIDUSDT,Neutral,28,5.0,False,42.200802605995165,0.2477773788625782,-9.772413861119505e-05,-5.0,,True,False,True,0.10465,0.103903,0.105398,Inconclusive,,,backtest_2025-08-26_15-47-25.csv
2025-08-25 21:57:33,ZORAUSDT,Sell,49,5.0,False,38.01663128740094,0.2096483047052963,0.0001751781227343,-5.0,1.0,True,False,True,0.10242,0.101688,0.103152,Fail,13.0,Yes,backtest_2025-08-26_15-47-25.csv
2025-08-25 21:57:33,DIAUSDT,Sell,47,5.0,False,38.980139788586165,0.1659148550149781,-0.0003934535938641,-5.0,1.0,True,False,True,0.7133,0.708205,0.718395,Fail,7.0,No,backtest_2025-08-26_15-47-25.csv
2025-08-25 21:57:33,TONUSDT,Neutral,23,5.0,False,41.95081327367227,0.4872280305501664,0.0037296453974236,-5.0,,False,False,True,3.1082,3.085999,3.130401,Inconclusive,,,backtest_2025-08-26_15-47-25.csv
2025-08-25 21:57:33,ALGOUSDT,Neutral,30,5.0,False,43.879919102244166,0.5213586855100788,0.0004814934770888,-5.0,,True,False,True,0.2441,0.242356,0.245844,Inconclusive,,,backtest_2025-08-26_15-47-25.csv
2025-08-25 21:57:33,CFXUSDT,Neutral,30,5.0,False,38.356563565806425,0.5051544958511168,0.000388623398926,-5.0,,True,False,True,0.16753,0.166333,0.168727,Inconclusive,,,backtest_2025-08-26_15-47-25.csv
2025-08-25 21:57:33,MAVUSDT,Sell,47,5.0,False,41.40396362935567,0.1437888451802996,-0.0001024725116976,-5.0,1.0,True,False,True,0.06314,0.062689,0.063591,Success,1.0,,backtest_2025-08-26_15-47-25.csv
2025-08-25 22:22:35,ETHUSDT,Neutral,30,5.0,False,43.77250409000504,0.6219157327410912,6.479911461505463,-5.0,,True,False,True,4366.79,4335.598643,4397.981357,Inconclusive,,,backtest_2025-08-26_15-47-30.csv
2025-08-25 22:22:35,BTCUSDT,Neutral,23,5.0,False,49.58831890357978,0.7943767561331243,108.27779187994958,-5.0,,False,False,True,110118.1,109331.542143,110904.657857,Inconclusive,,,backtest_2025-08-26_15-47-30.csv
2025-08-25 22:22:35,SOLUSDT,Sell,49,5.0,False,38.15954689957172,0.2505855781521944,0.1628725076160129,-5.0,1.0,True,False,True,186.36,185.028857,187.691143,Fail,13.0,No,backtest_2025-08-26_15-47-30.csv
2025-08-25 22:22:35,XRPUSDT,Neutral,30,5.0,False,44.759695586867736,0.5985148155632742,0.0029783365609437,-5.0,,True,False,True,2.8478,2.827459,2.868141,Inconclusive,,,backtest_2025-08-26_15-47-30.csv
2025-08-25 22:22:35,DOGEUSDT,Neutral,23,5.0,False,40.701246220094745,0.5245855795175496,0.000318593647889,-5.0,,False,False,True,0.20765,0.206167,0.209133,Inconclusive,,,backtest_2025-08-26_15-47-30.csv
2025-08-25 22:22:35,ADAUSDT,Neutral,30,5.0,False,41.46506411511152,0.3553685102775994,0.0006255029888745,-5.0,,True,False,True,0.8334,0.827447,0.839353,Inconclusive,,,backtest_2025-08-26_15-47-30.csv
2025-08-25 22:22:35,LINKUSDT,Neutral,23,5.0,False,43.86522572719685,0.6575979266641186,0.0357478878762448,-5.0,,False,False,True,23.25,23.083929,23.416071,Inconclusive,,,backtest_2025-08-26_15-47-30.csv
2025-08-25 22:22:35,1000PEPEUSDT,Neutral,23,5.0,False,41.95709114262421,0.5252983470335354,1.4995161225051757e-05,-5.0,,False,False,True,0.009616,0.009548,0.009685,Inconclusive,,,backtest_2025-08-26_15-47-30.csv
2025-08-25 22:22:35,SUIUSDT,Sell,49,5.0,False,40.204743804224925,0.2126789876293609,0.0017619151389933,-5.0,1.0,True,False,True,3.3194,3.29569,3.34311,Fail,8.0,No,backtest_2025-08-26_15-47-30.csv
2025-08-25 22:22:35,BNBUSDT,Neutral,30,5.0,False,46.541030805882485,0.805353323907968,1.184875973878566,-5.0,,True,False,True,842.49,836.472214,848.507786,Inconclusive,,,backtest_2025-08-26_15-47-30.csv
2025-08-25 22:22:35,ONTUSDT,Neutral,30,5.0,False,51.30584484949043,0.5114832738510079,0.0002275502396164,-5.0,,True,False,True,0.1922,0.190827,0.193573,Inconclusive,,,backtest_2025-08-26_15-47-30.csv
2025-08-25 22:22:35,BIOUSDT,Neutral,30,5.0,False,43.19060988650237,0.314806605335473,0.0003778297895935,-5.0,,True,False,True,0.19342,0.192038,0.194802,Inconclusive,,,backtest_2025-08-26_15-47-30.csv
2025-08-25 22:22:35,ENAUSDT,Sell,47,5.0,False,37.16042876571734,0.0759390194260908,-0.0001189771232162,-5.0,1.0,True,False,True,0.6186,0.614181,0.623019,Fail,5.0,No,backtest_2025-08-26_15-47-30.csv
2025-08-25 22:22:35,AVAXUSDT,Neutral,30,5.0,False,43.52611109693286,0.5024195845415885,0.0208610163662622,-5.0,,True,False,True,23.179,23.013436,23.344564,Inconclusive,,,backtest_2025-08-26_15-47-30.csv
2025-08-25 22:22:35,FARTCOINUSDT,Neutral,23,5.0,False,42.8262988402077,0.7616434061881329,0.0033300207767141,-5.0,,False,False,True,0.772,0.766486,0.777514,Inconclusive,,,backtest_2025-08-26_15-47-30.csv
2025-08-25 22:22:35,HYPEUSDT,Neutral,30,5.0,False,50.70768755816071,0.8195393862226469,0.1137671808694655,-5.0,,True,False,True,43.397,43.087021,43.706979,Inconclusive,,,backtest_2025-08-26_15-47-30.csv
2025-08-25 22:22:35,PROMPTUSDT,Neutral,28,5.0,False,26.81441851645469,0.2542924509045553,-0.0002938953510249,-5.0,,True,False,True,0.293,0.290907,0.295093,Inconclusive,,,backtest_2025-08-26_15-47-30.csv
2025-08-25 22:22:35,WLFIUSDT,Neutral,25,5.0,False,65.6361385151896,0.790287619346754,0.0006242571084824,-5.0,,False,False,True,0.2324,0.23074,0.23406,Inconclusive,,,backtest_2025-08-26_15-47-30.csv
2025-08-25 22:22:35,LTCUSDT,Neutral,30,5.0,False,46.8236446228229,0.7539063267260699,0.1380811193406484,-5.0,,True,False,True,107.77,107.000214,108.539786,Inconclusive,,,backtest_2025-08-26_15-47-30.csv
2025-08-25 22:22:35,SPKUSDT,Sell,47,5.0,False,40.36541043378077,0.1405557660458581,-0.0002143354081219,-5.0,1.0,True,False,True,0.07346,0.072935,0.073985,Fail,4.0,Yes,backtest_2025-08-26_15-47-30.csv
2025-08-25 22:22:35,WIFUSDT,Neutral,23,5.0,False,44.94096574865711,0.7219816872580386,0.0014969104875551,-5.0,,False,False,True,0.7648,0.759337,0.770263,Inconclusive,,,backtest_2025-08-26_15-47-30.csv
2025-08-25 22:22:35,ARBUSDT,Neutral,23,5.0,False,44.814315226425705,0.6366674971243645,0.0007146597501564,-5.0,,False,False,True,0.514,0.510329,0.517671,Inconclusive,,,backtest_2025-08-26_15-47-30.csv
2025-08-25 22:22:35,UNIUSDT,Neutral,30,5.0,False,46.58187631244855,0.8255845751233813,0.0133372756357942,-5.0,,True,False,True,9.646,9.5771,9.7149,Inconclusive,,,backtest_2025-08-26_15-47-30.csv
2025-08-25 22:22:35,AAVEUSDT,Neutral,30,5.0,False,41.33919502227708,0.3378343675663393,0.2326554188209177,-5.0,,True,False,True,311.47,309.245214,313.694786,Inconclusive,,,backtest_2025-08-26_15-47-30.csv
2025-08-25 22:22:35,MEMEUSDT,Neutral,30,5.0,False,48.18575083050487,0.5779042225751979,5.691750832630834e-06,-5.0,,True,False,True,0.003377,0.003353,0.003401,Inconclusive,,,backtest_2025-08-26_15-47-30.csv
2025-08-25 22:22:35,QTUMUSDT,Neutral,30,5.0,False,47.10576401698951,0.4926484709157352,0.0001987526108004,-5.0,,True,False,True,2.982,2.9607,3.0033,Inconclusive,,,backtest_2025-08-26_15-47-30.csv
2025-08-25 22:22:35,PENGUUSDT,Neutral,23,5.0,False,46.85104545655272,0.7250288593673113,4.793208674247929e-05,-5.0,,False,False,True,0.029769,0.029556,0.029982,Inconclusive,,,backtest_2025-08-26_15-47-30.csv
2025-08-25 22:22:35,TRUMPUSDT,Neutral,23,5.0,False,48.827647803537765,0.8199945928276889,0.01141286075694,-5.0,,False,False,True,8.116,8.058029,8.173971,Inconclusive,,,backtest_2025-08-26_15-47-30.csv
2025-08-25 22:22:35,DOTUSDT,Neutral,23,5.0,False,45.60944151789874,0.6719996148391607,0.0045003635456575,-5.0,,False,False,True,3.721,3.694421,3.747579,Inconclusive,,,backtest_2025-08-26_15-47-30.csv
2025-08-25 22:22:35,FILUSDT,Neutral,23,5.0,False,45.636672715634695,0.7077654667474915,0.0040102419967288,-5.0,,False,False,True,2.164,2.148543,2.179457,Inconclusive,,,backtest_2025-08-26_15-47-30.csv
2025-08-25 22:22:35,TRXUSDT,Neutral,23,5.0,False,44.67433107954024,0.8339583618834626,0.0002349662676574,-5.0,,False,False,True,0.34395,0.341493,0.346407,Inconclusive,,,backtest_2025-08-26_15-47-30.csv
2025-08-25 22:22:35,WLDUSDT,Neutral,23,5.0,False,43.71392659871787,0.5555259854146989,0.0013553088424798,-5.0,,False,False,True,0.8717,0.865474,0.877926,Inconclusive,,,backtest_2025-08-26_15-47-30.csv
2025-08-25 22:22:35,1000BONKUSDT,Neutral,23,5.0,False,42.6450637053504,0.63030070535413,3.577088050338577e-05,-5.0,,False,False,True,0.01974,0.019599,0.019881,Inconclusive,,,backtest_2025-08-26_15-47-30.csv
2025-08-25 22:22:35,PUMPUSDT,Neutral,30,5.0,False,49.159171564247664,0.8701889655296791,8.94467919544266e-06,-5.0,,True,False,True,0.002671,0.002652,0.00269,Inconclusive,,,backtest_2025-08-26_15-47-30.csv
2025-08-25 22:22:35,XNYUSDT,Neutral,25,5.0,False,64.97317881190835,0.9902642122992412,1.4972420185184447e-05,-5.0,,False,True,True,0.007153,0.007102,0.007204,Inconclusive,,,backtest_2025-08-26_15-47-30.csv
2025-08-25 22:22:35,CRVUSDT,Neutral,23,5.0,False,42.34147750024432,0.5927635298159549,0.0018605764555916,-5.0,,False,False,True,0.768,0.762514,0.773486,Inconclusive,,,backtest_2025-08-26_15-47-30.csv
2025-08-25 22:22:35,1000SHIBUSDT,Neutral,23,5.0,False,47.973909924783,0.8094579136339425,1.540544414018373e-05,-5.0,,False,False,True,0.01194,0.011855,0.012025,Inconclusive,,,backtest_2025-08-26_15-47-30.csv
2025-08-25 22:22:35,NEOUSDT,Sell,47,5.0,False,34.532897972769604,0.2025838309148054,-0.005030598209849,-5.0,1.0,True,False,True,7.154,7.1029,7.2051,Fail,5.0,Yes,backtest_2025-08-26_15-47-30.csv
2025-08-25 22:22:35,BCHUSDT,Neutral,23,5.0,False,42.334103302011854,0.6462919759018902,0.7233233673315427,-5.0,,False,False,True,540.23,536.371214,544.088786,Inconclusive,,,backtest_2025-08-26_15-47-30.csv
2025-08-25 22:22:35,ETCUSDT,Neutral,30,5.0,False,45.01189631579262,0.5809580830866479,0.0200136927329362,-5.0,,True,False,True,21.037,20.886736,21.187264,Inconclusive,,,backtest_2025-08-26_15-47-30.csv
2025-08-25 22:22:35,NEARUSDT,Neutral,23,5.0,False,46.33972243143668,0.8038597182004944,0.0039311676603558,-5.0,,False,False,True,2.374,2.357043,2.390957,Inconclusive,,,backtest_2025-08-26_15-47-30.csv
2025-08-25 22:22:35,HBARUSDT,Neutral,23,5.0,False,45.638934324568055,0.6625513998595954,0.0002654141275708,-5.0,,False,False,True,0.2283,0.226669,0.229931,Inconclusive,,,backtest_2025-08-26_15-47-30.csv
2025-08-25 22:22:35,LDOUSDT,Neutral,23,5.0,False,43.00337276017408,0.572909295205267,0.0023598367817804,-5.0,,False,False,True,1.2543,1.245341,1.263259,Inconclusive,,,backtest_2025-08-26_15-47-30.csv
2025-08-25 22:22:35,ONDOUSDT,Neutral,23,5.0,False,46.77535369376794,0.8096366770865068,0.0014102539935244,-5.0,,False,False,True,0.8844,0.878083,0.890717,Inconclusive,,,backtest_2025-08-26_15-47-30.csv
2025-08-25 22:22:35,BOMEUSDT,Neutral,30,5.0,False,45.01178614098359,0.5718213133090629,3.1901630941157425e-06,-5.0,,True,False,True,0.001953,0.001939,0.001967,Inconclusive,,,backtest_2025-08-26_15-47-30.csv
2025-08-25 22:22:35,XLMUSDT,Neutral,23,5.0,False,45.74132645761512,0.6183132835052229,0.0003975628426005,-5.0,,False,False,True,0.38039,0.377673,0.383107,Inconclusive,,,backtest_2025-08-26_15-47-30.csv
2025-08-25 22:22:35,OPUSDT,Neutral,23,5.0,False,42.19441364351212,0.4249758159564444,0.0008858583694101,-5.0,,False,False,True,0.6821,0.677228,0.686972,Inconclusive,,,backtest_2025-08-26_15-47-30.csv
2025-08-25 22:22:35,ETHFIUSDT,Neutral,23,5.0,False,45.241768046803365,0.619115091437387,0.001583480601144,-5.0,,False,False,True,1.0873,1.079534,1.095066,Inconclusive,,,backtest_2025-08-26_15-47-30.csv
2025-08-25 22:22:35,TIAUSDT,Neutral,23,5.0,False,44.017181374371255,0.7156333582575752,0.003047247826179,-5.0,,False,False,True,1.6006,1.589167,1.612033,Inconclusive,,,backtest_2025-08-26_15-47-30.csv
2025-08-25 22:22:35,TAOUSDT,Neutral,23,5.0,False,44.97372289399977,0.7265547634477161,0.5526901923978906,-5.0,,False,False,True,319.36,317.078857,321.641143,Inconclusive,,,backtest_2025-08-26_15-47-30.csv
2025-08-25 22:22:35,APTUSDT,Neutral,23,5.0,False,45.08969132654285,0.6481134998304636,0.0051376067361696,-5.0,,False,False,True,4.2306,4.200381,4.260819,Inconclusive,,,backtest_2025-08-26_15-47-30.csv
2025-08-25 22:22:35,MYXUSDT,Neutral,30,5.0,False,47.07609929959763,0.388966007655153,0.0001680680750766,-5.0,,True,False,True,1.203,1.194407,1.211593,Inconclusive,,,backtest_2025-08-26_15-47-30.csv
2025-08-25 22:22:35,ONGUSDT,Neutral,30,5.0,False,42.774064267160135,0.3822131887760673,3.82906412431537e-05,-5.0,,True,False,True,0.19375,0.192366,0.195134,Inconclusive,,,backtest_2025-08-26_15-47-30.csv
2025-08-25 22:22:35,VIRTUALUSDT,Sell,51,5.0,False,52.09359340653419,1.082842373215804,0.0036023605750461,-5.0,1.0,False,True,True,1.1056,1.097703,1.113497,Fail,3.0,No,backtest_2025-08-26_15-47-30.csv
2025-08-25 22:22:35,INJUSDT,Neutral,23,5.0,False,47.13058251333434,0.8083058456697138,0.0184665247412507,-5.0,,False,False,True,12.814,12.722471,12.905529,Inconclusive,,,backtest_2025-08-26_15-47-30.csv
2025-08-25 22:22:35,IOSTUSDT,Neutral,30,5.0,False,44.33186503592167,0.4815560334674072,7.118268584583904e-06,-5.0,,True,False,True,0.003703,0.003677,0.003729,Inconclusive,,,backtest_2025-08-26_15-47-30.csv
2025-08-25 22:22:35,SEIUSDT,Neutral,23,5.0,False,46.86013316956632,0.6931842624119988,0.0003812721515158,-5.0,,False,False,True,0.2816,0.279589,0.283611,Inconclusive,,,backtest_2025-08-26_15-47-30.csv
2025-08-25 22:22:35,XPLUSDT,Neutral,30,5.0,False,30.605079318377832,0.1980097205107077,7.746120686106563e-05,-5.0,,True,False,True,0.5119,0.508244,0.515556,Inconclusive,,,backtest_2025-08-26_15-47-30.csv
2025-08-25 22:22:35,PENDLEUSDT,Neutral,30,5.0,False,42.9946303836209,0.496428919161703,0.0061996723191368,-5.0,,True,False,True,5.1215,5.084918,5.158082,Inconclusive,,,backtest_2025-08-26_15-47-30.csv
2025-08-25 22:22:35,ZORAUSDT,Neutral,30,5.0,False,44.03938193188425,0.500631305079828,0.0001755867678013,-5.0,,True,False,True,0.10282,0.102086,0.103554,Inconclusive,,,backtest_2025-08-26_15-47-30.csv
2025-08-25 22:22:35,DIAUSDT,Neutral,30,5.0,False,47.51308561722233,0.5350865138784193,0.0011144279600437,-5.0,,True,False,True,0.7218,0.716644,0.726956,Inconclusive,,,backtest_2025-08-26_15-47-30.csv
2025-08-25 22:22:35,BIDUSDT,Neutral,13,5.0,False,58.191702876975576,0.8671945721538026,0.0001667906606419,-5.0,,False,False,True,0.10645,0.10569,0.10721,Inconclusive,,,backtest_2025-08-26_15-47-30.csv
2025-08-25 22:22:35,TONUSDT,Neutral,23,5.0,False,45.41528608905514,0.6562242376015234,0.0032131060770654,-5.0,,False,False,True,3.1089,3.086694,3.131106,Inconclusive,,,backtest_2025-08-26_15-47-30.csv
2025-08-25 22:22:35,CFXUSDT,Neutral,30,5.0,False,47.05777193809979,0.937439527678657,0.0004158942952192,-5.0,,True,False,True,0.16841,0.167207,0.169613,Inconclusive,,,backtest_2025-08-26_15-47-30.csv
2025-08-25 22:22:35,MAVUSDT,Neutral,28,5.0,False,48.09164438852292,0.4190843403007928,-5.52643201015069e-05,-5.0,,True,False,True,0.0637,0.063245,0.064155,Inconclusive,,,backtest_2025-08-26_15-47-30.csv
2025-08-25 22:22:35,ALGOUSDT,Neutral,30,5.0,False,45.61582881813028,0.560856380090851,0.0002668847162795,-5.0,,True,False,True,0.2439,0.242158,0.245642,Inconclusive,,,backtest_2025-08-26_15-47-30.csv
2025-08-25 22:57:24,ETHUSDT,Neutral,23,5.0,False,50.61034507652971,0.712392183499467,6.947251725855777,-10.0,,False,False,True,4392.64,4361.264,4424.016,Inconclusive,,,backtest_2025-08-26_15-47-32.csv
2025-08-25 22:57:24,BTCUSDT,Neutral,23,5.0,False,48.81886739045843,0.5818314129908773,62.78615322240181,-10.0,,False,False,True,110173.7,109386.745,110960.655,Inconclusive,,,backtest_2025-08-26_15-47-32.csv
2025-08-25 22:57:24,SOLUSDT,Neutral,30,5.0,False,44.872733982351335,0.4843489954419543,0.2460143306823392,-10.0,,True,False,True,187.11,185.7735,188.4465,Inconclusive,,,backtest_2025-08-26_15-47-32.csv
2025-08-25 22:57:24,XRPUSDT,Neutral,30,5.0,False,50.45892256449788,0.7023179373903348,0.0032933464405981,-10.0,,True,False,True,2.8601,2.839671,2.880529,Inconclusive,,,backtest_2025-08-26_15-47-32.csv
2025-08-25 22:57:24,DOGEUSDT,Neutral,23,5.0,False,48.49028876791559,0.7088515222526715,0.0003653746035653,-10.0,,False,False,True,0.20887,0.207378,0.210362,Inconclusive,,,backtest_2025-08-26_15-47-32.csv
2025-08-25 22:57:24,ADAUSDT,Neutral,30,5.0,False,46.63355145642032,0.5155657590739622,0.0009623958404386,-10.0,,True,False,True,0.8367,0.830724,0.842676,Inconclusive,,,backtest_2025-08-26_15-47-32.csv
2025-08-25 22:57:24,LINKUSDT,Neutral,23,5.0,False,51.92676910757754,0.7483566950755076,0.0449515854795965,-10.0,,False,False,True,23.431,23.263636,23.598364,Inconclusive,,,backtest_2025-08-26_15-47-32.csv
2025-08-25 22:57:24,1000PEPEUSDT,Neutral,23,5.0,False,51.48266183681832,0.8156557873015914,1.960809059661645e-05,-10.0,,False,False,True,0.009694,0.009625,0.009763,Inconclusive,,,backtest_2025-08-26_15-47-32.csv
2025-08-25 22:57:24,SUIUSDT,Neutral,30,5.0,False,48.47352190862099,0.6472160233804779,0.0042894080654552,-10.0,,True,False,True,3.3395,3.315646,3.363354,Inconclusive,,,backtest_2025-08-26_15-47-32.csv
2025-08-25 22:57:24,BNBUSDT,Neutral,30,5.0,False,47.88868711681575,0.6552013528545921,0.9504733007280396,-10.0,,True,False,True,843.37,837.345929,849.394071,Inconclusive,,,backtest_2025-08-26_15-47-32.csv
2025-08-25 22:57:24,ONTUSDT,Neutral,30,5.0,False,46.275154116724,0.5445659583939223,0.0001763293688582,-10.0,,True,False,True,0.1894,0.188047,0.190753,Inconclusive,,,backtest_2025-08-26_15-47-32.csv
2025-08-25 22:57:24,BIOUSDT,Neutral,25,5.0,False,60.86793072850124,0.9322848181959152,0.0008630049965251,-10.0,,False,False,True,0.20095,0.199515,0.202385,Inconclusive,,,backtest_2025-08-26_15-47-32.csv
2025-08-25 22:57:24,ENAUSDT,Neutral,30,5.0,False,44.04086021839978,0.3985367492328416,0.0006203428784827,-10.0,,True,False,True,0.6221,0.617656,0.626544,Inconclusive,,,backtest_2025-08-26_15-47-32.csv
2025-08-25 22:57:24,AVAXUSDT,Neutral,23,5.0,False,52.03343826904048,0.7547090266898492,0.0368343552028684,-10.0,,False,False,True,23.34,23.173286,23.506714,Inconclusive,,,backtest_2025-08-26_15-47-32.csv
2025-08-25 22:57:24,FARTCOINUSDT,Neutral,23,5.0,False,50.582851228312805,0.7741164249436189,0.0033448506654842,-10.0,,False,False,True,0.7812,0.77562,0.78678,Inconclusive,,,backtest_2025-08-26_15-47-32.csv
2025-08-25 22:57:24,HYPEUSDT,Neutral,30,5.0,False,43.936954475239176,0.4883089008232855,0.0513336063700098,-10.0,,True,False,True,43.14,42.831857,43.448143,Inconclusive,,,backtest_2025-08-26_15-47-32.csv
2025-08-25 22:57:24,PROMPTUSDT,Neutral,30,5.0,False,40.58685825458545,0.5299916823574464,0.0017811395651874,-10.0,,True,False,True,0.297,0.294879,0.299121,Inconclusive,,,backtest_2025-08-26_15-47-32.csv
2025-08-25 22:57:24,WLFIUSDT,Neutral,25,5.0,False,66.27553556653163,0.9189303209798112,0.0003242094821058,-10.0,,False,False,True,0.2361,0.234414,0.237786,Inconclusive,,,backtest_2025-08-26_15-47-32.csv
2025-08-25 22:57:24,LTCUSDT,Neutral,30,5.0,False,53.44778788449272,0.7846541385393454,0.1733257719788659,-10.0,,True,False,True,108.42,107.645571,109.194429,Inconclusive,,,backtest_2025-08-26_15-47-32.csv
2025-08-25 22:57:24,SPKUSDT,Neutral,30,5.0,False,44.669381120357606,0.3873108987981236,6.785757226471017e-06,-10.0,,True,False,True,0.07369,0.073164,0.074216,Inconclusive,,,backtest_2025-08-26_15-47-32.csv
2025-08-25 22:57:24,WIFUSDT,Neutral,23,5.0,False,45.69417893635404,0.4980748301598706,0.001103015648437,-10.0,,False,False,True,0.7661,0.760628,0.771572,Inconclusive,,,backtest_2025-08-26_15-47-32.csv
2025-08-25 22:57:24,ARBUSDT,Neutral,23,5.0,False,52.49537080050136,0.7453663723535134,0.0010206274072565,-10.0,,False,False,True,0.5185,0.514796,0.522204,Inconclusive,,,backtest_2025-08-26_15-47-32.csv
2025-08-25 22:57:24,UNIUSDT,Neutral,30,5.0,False,53.28138575783728,0.7405066503270928,0.0165986686382181,-10.0,,True,False,True,9.713,9.643621,9.782379,Inconclusive,,,backtest_2025-08-26_15-47-32.csv
2025-08-25 22:57:24,AAVEUSDT,Neutral,30,5.0,False,52.63218383848432,0.7449254436658794,0.624568964575603,-10.0,,True,False,True,314.58,312.333,316.827,Inconclusive,,,backtest_2025-08-26_15-47-32.csv
2025-08-25 22:57:24,MEMEUSDT,Sell,53,5.0,False,66.85102376855326,1.072881029499972,1.1977529824620175e-05,-10.0,1.0,False,True,True,0.00347,0.003445,0.003495,Success,2.0,,backtest_2025-08-26_15-47-32.csv
2025-08-25 22:57:24,QTUMUSDT,Neutral,19,5.0,False,55.524888846224215,0.7758700945533415,0.0119989320371619,-10.0,,True,False,True,3.032,3.010343,3.053657,Inconclusive,,,backtest_2025-08-26_15-47-32.csv
2025-08-25 22:57:24,PENGUUSDT,Neutral,23,5.0,False,55.41850893406071,0.7498020484601343,7.092222964596393e-05,-10.0,,False,False,True,0.030126,0.029911,0.030341,Inconclusive,,,backtest_2025-08-26_15-47-32.csv
2025-08-25 22:57:24,TRUMPUSDT,Neutral,23,5.0,False,54.33161896697898,0.787371502305006,0.0102508601560495,-10.0,,False,False,True,8.152,8.093771,8.210229,Inconclusive,,,backtest_2025-08-26_15-47-32.csv
2025-08-25 22:57:24,DOTUSDT,Neutral,23,5.0,False,50.60983342191579,0.6921996884272342,0.0051613500341539,-10.0,,False,False,True,3.739,3.712293,3.765707,Inconclusive,,,backtest_2025-08-26_15-47-32.csv
2025-08-25 22:57:24,FILUSDT,Neutral,23,5.0,False,52.206225887676815,0.7405809699873145,0.0044406767425106,-10.0,,False,False,True,2.18,2.164429,2.195571,Inconclusive,,,backtest_2025-08-26_15-47-32.csv
2025-08-25 22:57:24,TRXUSDT,Neutral,23,5.0,False,45.24392298452701,0.6189903100577113,0.0001774871883317,-10.0,,False,False,True,0.34391,0.341454,0.346366,Inconclusive,,,backtest_2025-08-26_15-47-32.csv
2025-08-25 22:57:24,WLDUSDT,Neutral,23,5.0,False,48.78615213026059,0.6682161282322566,0.0017623427191498,-10.0,,False,False,True,0.8773,0.871034,0.883566,Inconclusive,,,backtest_2025-08-26_15-47-32.csv
2025-08-25 22:57:24,1000BONKUSDT,Neutral,23,5.0,False,49.18002359451376,0.7063089719972273,4.2157573976161965e-05,-10.0,,False,False,True,0.019867,0.019725,0.020009,Inconclusive,,,backtest_2025-08-26_15-47-32.csv
2025-08-25 22:57:24,PUMPUSDT,Neutral,30,5.0,False,47.588721868292254,0.5673296472184913,4.999673821757637e-06,-10.0,,True,False,True,0.002672,0.002653,0.002691,Inconclusive,,,backtest_2025-08-26_15-47-32.csv
2025-08-25 22:57:24,XNYUSDT,Neutral,25,5.0,False,60.05168603913312,0.7276538356521579,1.802216862535234e-06,-10.0,,False,False,True,0.007144,0.007093,0.007195,Inconclusive,,,backtest_2025-08-26_15-47-32.csv
2025-08-25 22:57:24,CRVUSDT,Neutral,23,5.0,False,54.44954096537583,0.806008230450594,0.0026660806324892,-10.0,,False,False,True,0.779,0.773436,0.784564,Inconclusive,,,backtest_2025-08-26_15-47-32.csv
2025-08-25 22:57:24,1000SHIBUSDT,Neutral,23,5.0,False,52.601272040498486,0.7332061107597507,1.7232836136918472e-05,-10.0,,False,False,True,0.011996,0.01191,0.012082,Inconclusive,,,backtest_2025-08-26_15-47-32.csv
2025-08-25 22:57:24,NEOUSDT,Neutral,30,5.0,False,45.05787262994163,0.5170544387040336,0.0124864384519161,-10.0,,True,False,True,7.203,7.15155,7.25445,Inconclusive,,,backtest_2025-08-26_15-47-32.csv
2025-08-25 22:57:24,BCHUSDT,Neutral,23,5.0,False,49.65188314109472,0.7387545852838725,0.7716810050777381,-10.0,,False,False,True,542.5,538.625,546.375,Inconclusive,,,backtest_2025-08-26_15-47-32.csv
2025-08-25 22:57:24,NEARUSDT,Neutral,23,5.0,False,51.4984523477149,0.7333914011185133,0.0045876460376786,-10.0,,False,False,True,2.387,2.36995,2.40405,Inconclusive,,,backtest_2025-08-26_15-47-32.csv
2025-08-25 22:57:24,ETCUSDT,Neutral,30,5.0,False,50.633227523887896,0.7238893587021564,0.0301614668355781,-10.0,,True,False,True,21.135,20.984036,21.285964,Inconclusive,,,backtest_2025-08-26_15-47-32.csv
2025-08-25 22:57:24,HBARUSDT,Neutral,23,5.0,False,50.2061386866574,0.6688329971508645,0.0003418228862455,-10.0,,False,False,True,0.2295,0.227861,0.231139,Inconclusive,,,backtest_2025-08-26_15-47-32.csv
2025-08-25 22:57:24,LDOUSDT,Neutral,23,5.0,False,57.91747179298941,0.8200438638609754,0.0032271917244166,-10.0,,False,False,True,1.2711,1.262021,1.280179,Inconclusive,,,backtest_2025-08-26_15-47-32.csv
2025-08-25 22:57:24,ONDOUSDT,Neutral,23,5.0,False,49.02086145847374,0.6278461265919738,0.0013410321436295,-10.0,,False,False,True,0.8873,0.880962,0.893638,Inconclusive,,,backtest_2025-08-26_15-47-32.csv
2025-08-25 22:57:24,BOMEUSDT,Neutral,30,5.0,False,55.81957759421927,0.801875497717239,5.722843567192433e-06,-10.0,,True,False,True,0.00198,0.001966,0.001994,Inconclusive,,,backtest_2025-08-26_15-47-32.csv
2025-08-25 22:57:24,XLMUSDT,Neutral,23,5.0,False,50.62366973645513,0.6783089744943992,0.0004834678235597,-10.0,,False,False,True,0.38232,0.379589,0.385051,Inconclusive,,,backtest_2025-08-26_15-47-32.csv
2025-08-25 22:57:24,OPUSDT,Neutral,23,5.0,False,50.58656586192924,0.766146702861848,0.0015393403847864,-10.0,,False,False,True,0.6879,0.682986,0.692814,Inconclusive,,,backtest_2025-08-26_15-47-32.csv
2025-08-25 22:57:24,TIAUSDT,Neutral,23,5.0,False,48.70025047263754,0.7068186106898816,0.0030864488062058,-10.0,,False,False,True,1.6075,1.596018,1.618982,Inconclusive,,,backtest_2025-08-26_15-47-32.csv
2025-08-25 22:57:24,ETHFIUSDT,Neutral,23,5.0,False,56.27430795968505,0.8035236555409139,0.0027756836556005,-10.0,,False,False,True,1.1018,1.09393,1.10967,Inconclusive,,,backtest_2025-08-26_15-47-32.csv
2025-08-25 22:57:24,APTUSDT,Neutral,23,5.0,False,48.1468047938337,0.617280538452381,0.0048506724347076,-10.0,,False,False,True,4.2427,4.212395,4.273005,Inconclusive,,,backtest_2025-08-26_15-47-32.csv
2025-08-25 22:57:24,TAOUSDT,Neutral,23,5.0,False,51.6514750714373,0.7564659043298372,0.6798540768981243,-10.0,,False,False,True,321.56,319.263143,323.856857,Inconclusive,,,backtest_2025-08-26_15-47-32.csv
2025-08-25 22:57:24,MYXUSDT,Neutral,28,5.0,False,46.24850957120357,0.3765425036069715,-0.0005732110605646,-10.0,,True,False,True,1.202,1.193414,1.210586,Inconclusive,,,backtest_2025-08-26_15-47-32.csv
2025-08-25 22:57:24,ONGUSDT,Neutral,30,5.0,False,40.62051575058554,0.3712088893807598,0.0001493630012883,-10.0,,True,False,True,0.19317,0.19179,0.19455,Inconclusive,,,backtest_2025-08-26_15-47-32.csv
2025-08-25 22:57:24,VIRTUALUSDT,Neutral,25,5.0,False,60.46022816675243,0.806692180850596,0.0039745713315172,-10.0,,False,False,True,1.1216,1.113589,1.129611,Inconclusive,,,backtest_2025-08-26_15-47-32.csv
2025-08-25 22:57:24,INJUSDT,Neutral,23,5.0,False,47.54188598828566,0.5719417776900494,0.0172447797178978,-10.0,,False,False,True,12.832,12.740343,12.923657,Inconclusive,,,backtest_2025-08-26_15-47-32.csv
2025-08-25 22:57:24,IOSTUSDT,Neutral,30,5.0,False,42.884448808445214,0.5972475010117523,9.868232247187344e-06,-10.0,,True,False,True,0.003686,0.00366,0.003712,Inconclusive,,,backtest_2025-08-26_15-47-32.csv
2025-08-25 22:57:24,SEIUSDT,Neutral,23,5.0,False,50.52121769966751,0.6668280403773618,0.0003985529590522,-10.0,,False,False,True,0.2829,0.280879,0.284921,Inconclusive,,,backtest_2025-08-26_15-47-32.csv
2025-08-25 22:57:24,XPLUSDT,Neutral,30,5.0,False,49.4613038923092,0.7434859205000297,0.0018966393505275,-10.0,,True,False,True,0.5225,0.518768,0.526232,Inconclusive,,,backtest_2025-08-26_15-47-32.csv
2025-08-25 22:57:24,PENDLEUSDT,Neutral,30,5.0,False,52.1472982841553,0.7297151624339546,0.0107721181700353,-10.0,,True,False,True,5.1658,5.128901,5.202699,Inconclusive,,,backtest_2025-08-26_15-47-32.csv
2025-08-25 22:57:24,DIAUSDT,Neutral,30,5.0,False,44.84128520792531,0.4281866247923213,0.0015185815288516,-10.0,,True,False,True,0.7199,0.714758,0.725042,Inconclusive,,,backtest_2025-08-26_15-47-32.csv
2025-08-25 22:57:24,ZORAUSDT,Sell,49,5.0,False,38.46297550554445,0.0163549610413343,9.84877718649763e-05,-10.0,1.0,True,False,True,0.10205,0.101321,0.102779,Success,13.0,,backtest_2025-08-26_15-47-32.csv
2025-08-25 22:57:24,TONUSDT,Neutral,23,5.0,False,51.68863915970963,0.7571669331269333,0.0042793534105517,-10.0,,False,False,True,3.1237,3.101388,3.146012,Inconclusive,,,backtest_2025-08-26_15-47-32.csv
2025-08-25 22:57:24,BIDUSDT,Neutral,25,5.0,False,67.40551412745204,0.9628982185145272,0.0002801431642537,-10.0,,False,True,True,0.10787,0.1071,0.10864,Inconclusive,,,backtest_2025-08-26_15-47-32.csv
2025-08-25 22:57:24,MAVUSDT,Neutral,19,5.0,False,53.7510817521859,0.6759983136872346,0.0001971525337514,-10.0,,True,False,True,0.06474,0.064278,0.065202,Inconclusive,,,backtest_2025-08-26_15-47-32.csv
2025-08-25 22:57:24,CFXUSDT,Neutral,23,5.0,False,50.71690544405618,0.6917432709726931,0.0003748742006144,-10.0,,False,False,True,0.16927,0.168061,0.170479,Inconclusive,,,backtest_2025-08-26_15-47-32.csv
2025-08-25 22:57:24,ALGOUSDT,Neutral,23,5.0,False,53.08742373541303,0.7423247978321564,0.0004608861021962,-10.0,,False,False,True,0.2463,0.244541,0.248059,Inconclusive,,,backtest_2025-08-26_15-47-32.csv
2025-08-25 23:22:45,ETHUSDT,Neutral,23,5.0,False,44.24872188597452,0.3864684197812681,0.7115044133751045,-10.0,,False,False,True,4372.85,4341.615357,4404.084643,Inconclusive,,,backtest_2025-08-26_15-47-37.csv
2025-08-25 23:22:45,BTCUSDT,Neutral,21,5.0,False,46.109846143232176,0.3328848055672797,-5.591842876490318,-10.0,,False,False,True,110012.1,109226.299286,110797.900714,Inconclusive,,,backtest_2025-08-26_15-47-37.csv
2025-08-25 23:22:45,SOLUSDT,Neutral,30,5.0,False,42.79100171141786,0.3642852608288908,0.1059138324199429,-10.0,,True,False,True,186.7,185.366429,188.033571,Inconclusive,,,backtest_2025-08-26_15-47-37.csv
2025-08-25 23:22:45,XRPUSDT,Neutral,30,5.0,False,49.79253717375053,0.5878416317870201,0.0015080863584386,-10.0,,True,False,True,2.8591,2.838678,2.879522,Inconclusive,,,backtest_2025-08-26_15-47-37.csv
2025-08-25 23:22:45,DOGEUSDT,Neutral,23,5.0,False,49.06753130021768,0.622813428416442,0.0002046256014515,-10.0,,False,False,True,0.20892,0.207428,0.210412,Inconclusive,,,backtest_2025-08-26_15-47-37.csv
2025-08-25 23:22:45,ADAUSDT,Neutral,30,5.0,False,43.423956496872975,0.3228915223821493,0.0002592422176946,-10.0,,True,False,True,0.8344,0.82844,0.84036,Inconclusive,,,backtest_2025-08-26_15-47-37.csv
2025-08-25 23:22:45,LINKUSDT,Neutral,23,5.0,False,43.66368777111342,0.3837487984228502,0.0062622445141392,-10.0,,False,False,True,23.302,23.135557,23.468443,Inconclusive,,,backtest_2025-08-26_15-47-37.csv
2025-08-25 23:22:45,1000PEPEUSDT,Neutral,23,5.0,False,52.99862876482808,0.7461781566676651,1.2968557687621305e-05,-10.0,,False,False,True,0.009708,0.009639,0.009778,Inconclusive,,,backtest_2025-08-26_15-47-37.csv
2025-08-25 23:22:45,SUIUSDT,Neutral,23,5.0,False,50.2746629683888,0.6553599921107615,0.0026833370924675,-10.0,,False,False,True,3.343,3.319121,3.366879,Inconclusive,,,backtest_2025-08-26_15-47-37.csv
2025-08-25 23:22:45,BNBUSDT,Neutral,30,5.0,False,41.28309760792362,0.2176295118865368,0.0603287573733621,-10.0,,True,False,True,840.0,834.0,846.0,Inconclusive,,,backtest_2025-08-26_15-47-37.csv
2025-08-25 23:22:45,ONTUSDT,Neutral,30,5.0,False,46.55045967158327,0.4794454736005762,0.0001197494968047,-10.0,,True,False,True,0.1891,0.187749,0.190451,Inconclusive,,,backtest_2025-08-26_15-47-37.csv
2025-08-25 23:22:45,BIOUSDT,Neutral,25,5.0,False,64.72532255492507,0.8669320238282932,0.0008053767745252,-10.0,,False,False,True,0.20337,0.201917,0.204823,Inconclusive,,,backtest_2025-08-26_15-47-37.csv
2025-08-25 23:22:45,ENAUSDT,Neutral,30,5.0,False,42.387197631642,0.2985561810464877,0.0002816301327333,-10.0,,True,False,True,0.6204,0.615969,0.624831,Inconclusive,,,backtest_2025-08-26_15-47-37.csv
2025-08-25 23:22:45,AVAXUSDT,Neutral,23,5.0,False,49.3448244962129,0.5759999688063548,0.0139878503983772,-10.0,,False,False,True,23.305,23.138536,23.471464,Inconclusive,,,backtest_2025-08-26_15-47-37.csv
2025-08-25 23:22:45,FARTCOINUSDT,Neutral,23,5.0,False,49.58238366749324,0.6433389488281634,0.0017414944146936,-10.0,,False,False,True,0.7799,0.774329,0.785471,Inconclusive,,,backtest_2025-08-26_15-47-37.csv
2025-08-25 23:22:45,HYPEUSDT,Neutral,30,5.0,False,47.160281697414575,0.4835871555678447,0.0246086467980674,-10.0,,True,False,True,43.206,42.897386,43.514614,Inconclusive,,,backtest_2025-08-26_15-47-37.csv
2025-08-25 23:22:45,WLFIUSDT,Neutral,11,5.0,False,50.60387482361296,0.3731817166699635,-0.0006300124408235,-10.0,,False,False,True,0.2304,0.228754,0.232046,Inconclusive,,,backtest_2025-08-26_15-47-37.csv
2025-08-25 23:22:45,PROMPTUSDT,Neutral,30,5.0,False,35.38174129931818,0.2892924727061833,0.0015591197806819,-10.0,,True,False,True,0.2913,0.289219,0.293381,Inconclusive,,,backtest_2025-08-26_15-47-37.csv
2025-08-25 23:22:45,LTCUSDT,Neutral,19,5.0,False,56.447051047844845,0.7728603749550124,0.1360671927093519,-10.0,,True,False,True,108.77,107.993071,109.546929,Inconclusive,,,backtest_2025-08-26_15-47-37.csv
2025-08-25 23:22:45,SPKUSDT,Neutral,30,5.0,False,51.97196910720164,0.7591097936259869,0.0001623649411838,-10.0,,True,False,True,0.07457,0.074037,0.075103,Inconclusive,,,backtest_2025-08-26_15-47-37.csv
2025-08-25 23:22:45,WIFUSDT,Neutral,13,5.0,False,57.74136686439228,0.8952134357742598,0.0013806107648449,-10.0,,False,False,True,0.7752,0.769663,0.780737,Inconclusive,,,backtest_2025-08-26_15-47-37.csv
2025-08-25 23:22:45,ARBUSDT,Neutral,23,5.0,False,43.78016762908349,0.3391374137631372,0.0001226891734969,-10.0,,False,False,True,0.515,0.511321,0.518679,Inconclusive,,,backtest_2025-08-26_15-47-37.csv
2025-08-25 23:22:45,UNIUSDT,Neutral,30,5.0,False,44.559358687458726,0.4158107945668504,0.0011085356080741,-10.0,,True,False,True,9.661,9.591993,9.730007,Inconclusive,,,backtest_2025-08-26_15-47-37.csv
2025-08-25 23:22:45,AAVEUSDT,Neutral,30,5.0,False,54.27851826059672,0.6951374946894108,0.3439137063735449,-10.0,,True,False,True,315.22,312.968429,317.471571,Inconclusive,,,backtest_2025-08-26_15-47-37.csv
2025-08-25 23:22:45,MEMEUSDT,Neutral,25,5.0,False,66.30816812562908,0.8486236995035128,9.147301437597298e-06,-10.0,,False,False,True,0.003477,0.003452,0.003502,Inconclusive,,,backtest_2025-08-26_15-47-37.csv
2025-08-25 23:22:45,QTUMUSDT,Neutral,19,5.0,False,57.59165585545561,0.7365187449937867,0.00695059308632,-10.0,,True,False,True,3.045,3.02325,3.06675,Inconclusive,,,backtest_2025-08-26_15-47-37.csv
2025-08-25 23:22:45,PENGUUSDT,Neutral,23,5.0,False,49.79816486422188,0.5289816975419958,1.2788509592210757e-05,-10.0,,False,False,True,0.030022,0.029808,0.030236,Inconclusive,,,backtest_2025-08-26_15-47-37.csv
2025-08-25 23:22:45,TRUMPUSDT,Neutral,23,5.0,False,56.39791638893387,0.7585035050634291,0.0065685197594118,-10.0,,False,False,True,8.166,8.107671,8.224329,Inconclusive,,,backtest_2025-08-26_15-47-37.csv
2025-08-25 23:22:45,DOTUSDT,Neutral,23,5.0,False,44.24964029196997,0.3346534926224991,0.0004810136132597,-10.0,,False,False,True,3.723,3.696407,3.749593,Inconclusive,,,backtest_2025-08-26_15-47-37.csv
2025-08-25 23:22:45,FILUSDT,Neutral,23,5.0,False,47.75079612499104,0.5116264586681416,0.0014825170551182,-10.0,,False,False,True,2.174,2.158471,2.189529,Inconclusive,,,backtest_2025-08-26_15-47-37.csv
2025-08-25 23:22:45,TRXUSDT,Neutral,23,5.0,False,37.931165825509375,0.0928492738460278,1.7854195836168336e-05,-10.0,,False,False,True,0.34312,0.340669,0.345571,Inconclusive,,,backtest_2025-08-26_15-47-37.csv
2025-08-25 23:22:45,WLDUSDT,Neutral,23,5.0,False,47.43014275450114,0.5162515241752272,0.0006723289755382,-10.0,,False,False,True,0.8762,0.869941,0.882459,Inconclusive,,,backtest_2025-08-26_15-47-37.csv
2025-08-25 23:22:45,1000BONKUSDT,Neutral,23,5.0,False,53.83481324469744,0.7334085789297979,3.1023383531865654e-05,-10.0,,False,False,True,0.01995,0.019807,0.020092,Inconclusive,,,backtest_2025-08-26_15-47-37.csv
2025-08-25 23:22:45,PUMPUSDT,Sell,47,5.0,False,39.758057511124456,0.0898108959450711,-8.909507679211054e-07,-10.0,1.0,True,False,True,0.002646,0.002627,0.002665,Success,40.0,,backtest_2025-08-26_15-47-37.csv
2025-08-25 23:22:45,XNYUSDT,Neutral,23,5.0,False,62.40949776258381,0.779302476525886,-1.1352320530575371e-06,-10.0,,False,False,True,0.007223,0.007171,0.007275,Inconclusive,,,backtest_2025-08-26_15-47-37.csv
2025-08-25 23:22:45,CRVUSDT,Neutral,23,5.0,False,52.61918522096369,0.6625043637635005,0.0012284813739575,-10.0,,False,False,True,0.779,0.773436,0.784564,Inconclusive,,,backtest_2025-08-26_15-47-37.csv
2025-08-25 23:22:45,1000SHIBUSDT,Neutral,23,5.0,False,53.73386499513819,0.6751104127211006,8.60467103830244e-06,-10.0,,False,False,True,0.01201,0.011924,0.012096,Inconclusive,,,backtest_2025-08-26_15-47-37.csv
2025-08-25 23:22:45,NEOUSDT,Sell,53,5.0,False,58.94794328271123,1.0231464128067995,0.0199225447360224,-10.0,1.0,True,True,True,7.305,7.252821,7.357179,Success,37.0,,backtest_2025-08-26_15-47-37.csv
2025-08-25 23:22:45,BCHUSDT,Neutral,23,5.0,False,52.98294730724686,0.745485235343665,0.5387664616683071,-10.0,,False,False,True,543.58,539.697286,547.462714,Inconclusive,,,backtest_2025-08-26_15-47-37.csv
2025-08-25 23:22:45,NEARUSDT,Neutral,23,5.0,False,46.79984349615631,0.4841952059087162,0.0012352674235555,-10.0,,False,False,True,2.38,2.363,2.397,Inconclusive,,,backtest_2025-08-26_15-47-37.csv
2025-08-25 23:22:45,ETCUSDT,Neutral,30,5.0,False,44.16584985287744,0.3939023761367864,0.0074856378220655,-10.0,,True,False,True,21.063,20.91255,21.21345,Inconclusive,,,backtest_2025-08-26_15-47-37.csv
2025-08-25 23:22:45,HBARUSDT,Neutral,23,5.0,False,50.96596928190311,0.6169742358740202,0.0001621380792328,-10.0,,False,False,True,0.22975,0.228109,0.231391,Inconclusive,,,backtest_2025-08-26_15-47-37.csv
2025-08-25 23:22:45,LDOUSDT,Neutral,23,5.0,False,47.52150236181072,0.51969320922631,0.0007401089373532,-10.0,,False,False,True,1.2633,1.254276,1.272324,Inconclusive,,,backtest_2025-08-26_15-47-37.csv
2025-08-25 23:22:45,ONDOUSDT,Neutral,23,5.0,False,52.161262067415926,0.6547196234840964,0.0006923139187589,-10.0,,False,False,True,0.8896,0.883246,0.895954,Inconclusive,,,backtest_2025-08-26_15-47-37.csv
2025-08-25 23:22:45,BOMEUSDT,Neutral,30,5.0,False,53.427097433025466,0.6529345239849764,2.6093056587003164e-06,-10.0,,True,False,True,0.001979,0.001965,0.001993,Inconclusive,,,backtest_2025-08-26_15-47-37.csv
2025-08-25 23:22:45,XLMUSDT,Neutral,23,5.0,False,49.43898057795116,0.5420404907298547,0.0001925382591754,-10.0,,False,False,True,0.38213,0.379401,0.38486,Inconclusive,,,backtest_2025-08-26_15-47-37.csv
2025-08-25 23:22:45,OPUSDT,Neutral,23,5.0,False,42.93039478561457,0.3802782757193456,0.0004830453657984,-10.0,,False,False,True,0.6839,0.679015,0.688785,Inconclusive,,,backtest_2025-08-26_15-47-37.csv
2025-08-25 23:22:45,TIAUSDT,Neutral,23,5.0,False,46.59093410890034,0.5123400386162442,0.0013506750011705,-10.0,,False,False,True,1.6047,1.593238,1.616162,Inconclusive,,,backtest_2025-08-26_15-47-37.csv
2025-08-25 23:22:45,ETHFIUSDT,Neutral,23,5.0,False,49.39034853278378,0.5440337567021433,0.0006604983218879,-10.0,,False,False,True,1.0966,1.088767,1.104433,Inconclusive,,,backtest_2025-08-26_15-47-37.csv
2025-08-25 23:22:45,TAOUSDT,Neutral,23,5.0,False,49.92465384165693,0.6137016466749038,0.3000147505459668,-10.0,,False,False,True,321.22,318.925571,323.514429,Inconclusive,,,backtest_2025-08-26_15-47-37.csv
2025-08-25 23:22:45,APTUSDT,Neutral,23,5.0,False,44.56816740958427,0.3327067945699875,0.001040680942826,-10.0,,False,False,True,4.2311,4.200878,4.261322,Inconclusive,,,backtest_2025-08-26_15-47-37.csv
2025-08-25 23:22:45,ONGUSDT,Neutral,30,5.0,False,45.565994251304446,0.5019205134303515,0.0001079547416354,-10.0,,True,False,True,0.19357,0.192187,0.194953,Inconclusive,,,backtest_2025-08-26_15-47-37.csv
2025-08-25 23:22:45,VIRTUALUSDT,Neutral,23,5.0,False,51.92524553756308,0.5832987982116649,0.0010608757877477,-10.0,,False,False,True,1.1153,1.107334,1.123266,Inconclusive,,,backtest_2025-08-26_15-47-37.csv
2025-08-25 23:22:45,MYXUSDT,Sell,47,5.0,False,43.55498716456968,0.2050020530452489,-0.0007838868523381,-10.0,1.0,True,False,True,1.1986,1.190039,1.207161,Success,14.0,,backtest_2025-08-26_15-47-37.csv
2025-08-25 23:22:45,INJUSDT,Neutral,21,5.0,False,39.9894160217671,0.1726652377653579,-0.00285210528059,-10.0,,False,False,True,12.748,12.656943,12.839057,Inconclusive,,,backtest_2025-08-26_15-47-37.csv
2025-08-25 23:22:45,IOSTUSDT,Neutral,30,5.0,False,47.98191203915753,0.741457835773671,9.325858383544757e-06,-10.0,,True,False,True,0.003703,0.003677,0.003729,Inconclusive,,,backtest_2025-08-26_15-47-37.csv
2025-08-25 23:22:45,SEIUSDT,Neutral,23,5.0,False,47.03224770221858,0.4338638996729625,7.798209734429472e-05,-10.0,,False,False,True,0.2822,0.280184,0.284216,Inconclusive,,,backtest_2025-08-26_15-47-37.csv
2025-08-25 23:22:45,XPLUSDT,Neutral,30,5.0,False,53.08940886436603,0.7702775985877323,0.0017953683758503,-10.0,,True,False,True,0.5259,0.522144,0.529656,Inconclusive,,,backtest_2025-08-26_15-47-37.csv
2025-08-25 23:22:45,PENDLEUSDT,Neutral,23,5.0,False,47.77589499014512,0.538143318440869,0.0030612363967107,-10.0,,False,False,True,5.1513,5.114505,5.188095,Inconclusive,,,backtest_2025-08-26_15-47-37.csv
2025-08-25 23:22:45,DIAUSDT,Sell,59,5.0,False,66.11234394709032,1.0562412341159364,0.0036212484917369,-10.0,1.0,True,True,True,0.7505,0.745139,0.755861,Fail,0.0,Yes,backtest_2025-08-26_15-47-37.csv
2025-08-25 23:22:45,ZORAUSDT,Sell,47,5.0,False,25.751662640875736,-0.1459145837355383,-0.0001419231086954,-10.0,1.0,True,False,True,0.10017,0.099455,0.100885,Success,0.0,,backtest_2025-08-26_15-47-37.csv
2025-08-25 23:22:45,TONUSDT,Neutral,23,5.0,False,44.61403508354284,0.3981797519188085,0.0004607791335742,-10.0,,False,False,True,3.1106,3.088381,3.132819,Inconclusive,,,backtest_2025-08-26_15-47-37.csv
2025-08-25 23:22:45,MAVUSDT,Neutral,30,5.0,False,48.027869183130846,0.4993798996301317,1.8335470148332693e-05,-10.0,,True,False,True,0.06408,0.063622,0.064538,Inconclusive,,,backtest_2025-08-26_15-47-37.csv
2025-08-25 23:22:45,CFXUSDT,Neutral,30,5.0,False,47.57788405936756,0.5194805847972068,0.0001057566014354,-10.0,,True,False,True,0.16899,0.167783,0.170197,Inconclusive,,,backtest_2025-08-26_15-47-37.csv
2025-08-25 23:22:45,BIDUSDT,Neutral,13,5.0,False,52.36162140528041,0.5682909543424656,1.6158468786776708e-05,-10.0,,False,False,True,0.10664,0.105878,0.107402,Inconclusive,,,backtest_2025-08-26_15-47-37.csv
2025-08-25 23:22:45,ALGOUSDT,Neutral,30,5.0,False,45.4406030232259,0.3770810729621808,1.3414227810979476e-05,-10.0,,True,False,True,0.2446,0.242853,0.246347,Inconclusive,,,backtest_2025-08-26_15-47-37.csv
2025-08-25 23:57:06,ETHUSDT,Neutral,23,5.0,False,49.683565097954826,0.4697162701185607,1.622920169279919,-5.0,,False,False,True,4380.95,4349.6575,4412.2425,Inconclusive,,,backtest_2025-08-26_15-47-39.csv
2025-08-25 23:57:06,BTCUSDT,Neutral,23,5.0,False,52.1122684123963,0.5430420625582776,24.4213710964679,-5.0,,False,False,True,110165.0,109378.107143,110951.892857,Inconclusive,,,backtest_2025-08-26_15-47-39.csv
2025-08-25 23:57:06,SOLUSDT,Neutral,23,5.0,False,50.580997324216334,0.6391842305496063,0.1483260535179241,-5.0,,False,False,True,187.28,185.942286,188.617714,Inconclusive,,,backtest_2025-08-26_15-47-39.csv
2025-08-25 23:57:06,XRPUSDT,Neutral,23,5.0,False,52.2933097076948,0.632300258844743,0.000921884654939,-5.0,,False,False,True,2.861,2.840564,2.881436,Inconclusive,,,backtest_2025-08-26_15-47-39.csv
2025-08-25 23:57:06,DOGEUSDT,Neutral,23,5.0,False,55.66368543925192,0.8891058384117847,0.0001847962296356,-5.0,,False,False,True,0.20988,0.208381,0.211379,Inconclusive,,,backtest_2025-08-26_15-47-39.csv
2025-08-25 23:57:06,ADAUSDT,Neutral,23,5.0,False,50.8964951902256,0.6049661761945845,0.0005413359024664,-5.0,,False,False,True,0.8375,0.831518,0.843482,Inconclusive,,,backtest_2025-08-26_15-47-39.csv
2025-08-25 23:57:06,LINKUSDT,Neutral,23,5.0,False,50.888632461974375,0.4849912198798501,0.0053150856721781,-5.0,,False,False,True,23.386,23.218957,23.553043,Inconclusive,,,backtest_2025-08-26_15-47-39.csv
2025-08-25 23:57:06,1000PEPEUSDT,Neutral,13,5.0,False,58.42420696351461,0.8903076048278232,1.0300200355464056e-05,-5.0,,False,False,True,0.00976,0.00969,0.00983,Inconclusive,,,backtest_2025-08-26_15-47-39.csv
2025-08-25 23:57:06,SUIUSDT,Neutral,23,5.0,False,53.34522428546504,0.7183904759099974,0.0018487946347364,-5.0,,False,False,True,3.3472,3.323291,3.371109,Inconclusive,,,backtest_2025-08-26_15-47-39.csv
2025-08-25 23:57:06,BNBUSDT,Neutral,30,5.0,False,47.19740092880215,0.4125367620694039,0.2177640713369277,-5.0,,True,False,True,840.94,834.933286,846.946714,Inconclusive,,,backtest_2025-08-26_15-47-39.csv
2025-08-25 23:57:06,ONTUSDT,Neutral,19,5.0,False,58.1267342825073,0.8663038958527638,0.0007940190891749,-5.0,,True,False,True,0.1931,0.191721,0.194479,Inconclusive,,,backtest_2025-08-26_15-47-39.csv
2025-08-25 23:57:06,BIOUSDT,Neutral,25,5.0,False,61.498813081206144,0.7283826984023491,0.0001549647020276,-5.0,,False,False,True,0.20348,0.202027,0.204933,Inconclusive,,,backtest_2025-08-26_15-47-39.csv
2025-08-25 23:57:06,ENAUSDT,Neutral,30,5.0,False,47.01983545721482,0.4584314849120433,0.0004021376408693,-5.0,,True,False,True,0.6211,0.616664,0.625536,Inconclusive,,,backtest_2025-08-26_15-47-39.csv
2025-08-25 23:57:06,AVAXUSDT,Neutral,23,5.0,False,53.84841471528153,0.6724192073920318,0.009559697328551,-5.0,,False,False,True,23.368,23.201086,23.534914,Inconclusive,,,backtest_2025-08-26_15-47-39.csv
2025-08-25 23:57:06,FARTCOINUSDT,Neutral,23,5.0,False,53.87909147738679,0.7628130983980129,0.0011041296299689,-5.0,,False,False,True,0.7838,0.778201,0.789399,Inconclusive,,,backtest_2025-08-26_15-47-39.csv
2025-08-25 23:57:06,HYPEUSDT,Neutral,23,5.0,False,48.71170052643342,0.4440942947680563,0.0207998927584371,-5.0,,False,False,True,43.191,42.882493,43.499507,Inconclusive,,,backtest_2025-08-26_15-47-39.csv
2025-08-25 23:57:06,WLFIUSDT,Neutral,11,5.0,False,53.26208856869339,0.4214104033072631,-0.0007156457623741,-5.0,,False,False,True,0.2319,0.230244,0.233556,Inconclusive,,,backtest_2025-08-26_15-47-39.csv
2025-08-25 23:57:06,SPKUSDT,Neutral,19,5.0,False,53.3316638615916,0.7663912599609105,0.0001026180890652,-5.0,,True,False,True,0.07457,0.074037,0.075103,Inconclusive,,,backtest_2025-08-26_15-47-39.csv
2025-08-25 23:57:06,LTCUSDT,Neutral,32,5.0,False,64.10006695799487,0.9048392855826548,0.0910596035084596,-5.0,,True,False,True,109.41,108.6285,110.1915,Inconclusive,,,backtest_2025-08-26_15-47-39.csv
2025-08-25 23:57:06,PROMPTUSDT,Neutral,30,5.0,False,40.41772851315088,0.4241525154727537,0.001069479575411,-5.0,,True,False,True,0.2933,0.291205,0.295395,Inconclusive,,,backtest_2025-08-26_15-47-39.csv
2025-08-25 23:57:06,WIFUSDT,Neutral,25,5.0,False,60.45288638210784,0.823629664426735,0.0009518192703928,-5.0,,False,False,True,0.7776,0.772046,0.783154,Inconclusive,,,backtest_2025-08-26_15-47-39.csv
2025-08-25 23:57:06,ARBUSDT,Neutral,23,5.0,False,52.34998705298023,0.5397964592379084,0.0001113571320727,-5.0,,False,False,True,0.5181,0.514399,0.521801,Inconclusive,,,backtest_2025-08-26_15-47-39.csv
2025-08-25 23:57:06,UNIUSDT,Neutral,23,5.0,False,53.712092815265805,0.5680707338860579,0.0033616481060858,-5.0,,False,False,True,9.706,9.636671,9.775329,Inconclusive,,,backtest_2025-08-26_15-47-39.csv
2025-08-25 23:57:06,AAVEUSDT,Neutral,32,5.0,False,62.83840890395207,0.8426781396921504,0.3498039202188088,-5.0,,True,False,True,318.03,315.758357,320.301643,Inconclusive,,,backtest_2025-08-26_15-47-39.csv
2025-08-25 23:57:06,MEMEUSDT,Neutral,17,5.0,False,53.71515464799203,0.5296133426009597,-1.7336342831548026e-06,-5.0,,True,False,True,0.003457,0.003432,0.003482,Inconclusive,,,backtest_2025-08-26_15-47-39.csv
2025-08-25 23:57:06,PENGUUSDT,Neutral,21,5.0,False,48.7696173425578,0.3387752188631748,-1.798907906406501e-05,-5.0,,False,False,True,0.029961,0.029747,0.030175,Inconclusive,,,backtest_2025-08-26_15-47-39.csv
2025-08-25 23:57:06,QTUMUSDT,Neutral,25,5.0,False,62.57869901027192,0.8362196814402467,0.0051854984975775,-5.0,,False,False,True,3.076,3.054029,3.097971,Inconclusive,,,backtest_2025-08-26_15-47-39.csv
2025-08-25 23:57:06,TRUMPUSDT,Neutral,13,5.0,False,58.11653449652294,0.8634626165847472,0.0027084366939111,-5.0,,False,False,True,8.181,8.122564,8.239436,Inconclusive,,,backtest_2025-08-26_15-47-39.csv
2025-08-25 23:57:06,DOTUSDT,Neutral,23,5.0,False,52.33516376888248,0.5556209256911739,0.0012231746789183,-5.0,,False,False,True,3.735,3.708321,3.761679,Inconclusive,,,backtest_2025-08-26_15-47-39.csv
2025-08-25 23:57:06,FILUSDT,Neutral,23,5.0,False,55.88847897474103,0.7535109807718351,0.0012632885596686,-5.0,,False,False,True,2.185,2.169393,2.200607,Inconclusive,,,backtest_2025-08-26_15-47-39.csv
2025-08-25 23:57:06,TRXUSDT,Sell,47,5.0,False,30.36557834391189,0.1020483756050778,-0.0001001782833832,-5.0,1.0,True,False,True,0.34184,0.339398,0.344282,Success,61.0,,backtest_2025-08-26_15-47-39.csv
2025-08-25 23:57:06,WLDUSDT,Neutral,23,5.0,False,56.953466031130695,0.8445785648072657,0.000956136693818,-5.0,,False,False,True,0.8823,0.875998,0.888602,Inconclusive,,,backtest_2025-08-26_15-47-39.csv
2025-08-25 23:57:06,1000BONKUSDT,Neutral,23,5.0,False,56.01220353181504,0.8017794520121101,1.384186844520377e-05,-5.0,,False,False,True,0.019983,0.01984,0.020126,Inconclusive,,,backtest_2025-08-26_15-47-39.csv
2025-08-25 23:57:06,PUMPUSDT,Neutral,21,5.0,False,39.70007508142987,0.2223268486627886,-1.6386678257429687e-06,-5.0,,False,False,True,0.002639,0.00262,0.002658,Inconclusive,,,backtest_2025-08-26_15-47-39.csv
2025-08-25 23:57:06,CRVUSDT,Neutral,23,5.0,False,55.43625869869815,0.70733783789505,0.0005005298644863,-5.0,,False,False,True,0.782,0.776414,0.787586,Inconclusive,,,backtest_2025-08-26_15-47-39.csv
2025-08-25 23:57:06,XNYUSDT,Neutral,25,5.0,False,63.98918811553403,0.8843102144897752,4.239691692949402e-07,-5.0,,False,False,True,0.007299,0.007247,0.007351,Inconclusive,,,backtest_2025-08-26_15-47-39.csv
2025-08-25 23:57:06,1000SHIBUSDT,Neutral,13,5.0,False,55.725663181332095,0.7650529648628013,2.85614157266255e-06,-5.0,,False,False,True,0.012028,0.011942,0.012114,Inconclusive,,,backtest_2025-08-26_15-47-39.csv
2025-08-25 23:57:06,NEOUSDT,Neutral,19,5.0,False,57.45825587954774,0.8021612156347858,0.0112408685405529,-5.0,,True,False,True,7.295,7.242893,7.347107,Inconclusive,,,backtest_2025-08-26_15-47-39.csv
2025-08-25 23:57:06,BCHUSDT,Neutral,23,5.0,False,56.34503317234656,0.8347693550330962,0.2941355621425957,-5.0,,False,False,True,544.34,540.451857,548.228143,Inconclusive,,,backtest_2025-08-26_15-47-39.csv
2025-08-25 23:57:06,NEARUSDT,Neutral,13,5.0,False,57.90537304349672,0.8083372958398756,0.001871451953998,-5.0,,False,False,True,2.396,2.378886,2.413114,Inconclusive,,,backtest_2025-08-26_15-47-39.csv
2025-08-25 23:57:06,ETCUSDT,Neutral,23,5.0,False,48.81481892248611,0.4283386192331474,0.0029351754188963,-5.0,,False,False,True,21.086,20.935386,21.236614,Inconclusive,,,backtest_2025-08-26_15-47-39.csv
2025-08-25 23:57:06,HBARUSDT,Neutral,13,5.0,False,58.68607971426521,0.9034405370259064,0.0001765184998131,-5.0,,False,False,True,0.23103,0.22938,0.23268,Inconclusive,,,backtest_2025-08-26_15-47-39.csv
2025-08-25 23:57:06,LDOUSDT,Neutral,23,5.0,False,49.30119792198249,0.3868630652369346,1.94241499879076e-05,-5.0,,False,False,True,1.2653,1.256262,1.274338,Inconclusive,,,backtest_2025-08-26_15-47-39.csv
2025-08-25 23:57:06,ONDOUSDT,Neutral,13,5.0,False,57.00691364703048,0.82388758455799,0.0005734598994628,-5.0,,False,False,True,0.8926,0.886224,0.898976,Inconclusive,,,backtest_2025-08-26_15-47-39.csv
2025-08-25 23:57:06,BOMEUSDT,Neutral,28,5.0,False,55.33264492379602,0.5891732597754529,-2.008838310562673e-07,-5.0,,True,False,True,0.001979,0.001965,0.001993,Inconclusive,,,backtest_2025-08-26_15-47-39.csv
2025-08-25 23:57:06,OPUSDT,Neutral,23,5.0,False,51.91815241725625,0.5988994382831317,0.000411239874841,-5.0,,False,False,True,0.6875,0.682589,0.692411,Inconclusive,,,backtest_2025-08-26_15-47-39.csv
2025-08-25 23:57:06,XLMUSDT,Neutral,13,5.0,False,58.684799272167176,0.864366348112357,0.0003097995390941,-5.0,,False,False,True,0.3844,0.381654,0.387146,Inconclusive,,,backtest_2025-08-26_15-47-39.csv
2025-08-25 23:57:06,TIAUSDT,Neutral,23,5.0,False,55.85681887532465,0.8738706940201306,0.0014030277642424,-5.0,,False,False,True,1.6133,1.601776,1.624824,Inconclusive,,,backtest_2025-08-26_15-47-39.csv
2025-08-25 23:57:06,ETHFIUSDT,Neutral,23,5.0,False,51.63634019395331,0.4692576568177727,5.166778510754477e-05,-5.0,,False,False,True,1.098,1.090157,1.105843,Inconclusive,,,backtest_2025-08-26_15-47-39.csv
2025-08-25 23:57:06,TAOUSDT,Neutral,23,5.0,False,48.3591729497828,0.3565188847266844,0.052080809727416,-5.0,,False,False,True,320.74,318.449,323.031,Inconclusive,,,backtest_2025-08-26_15-47-39.csv
2025-08-25 23:57:06,APTUSDT,Neutral,23,5.0,False,54.49000477677004,0.7321051255800174,0.0031596590642347,-5.0,,False,False,True,4.2532,4.22282,4.28358,Inconclusive,,,backtest_2025-08-26_15-47-39.csv
2025-08-25 23:57:06,VIRTUALUSDT,Neutral,21,5.0,False,52.0029793456119,0.3645949478701024,-0.0003921619507252,-5.0,,False,False,True,1.1157,1.107731,1.123669,Inconclusive,,,backtest_2025-08-26_15-47-39.csv
2025-08-25 23:57:06,ONGUSDT,Neutral,19,5.0,False,58.69052548876053,0.9376691732208204,0.0003228286642657,-5.0,,True,False,True,0.19533,0.193935,0.196725,Inconclusive,,,backtest_2025-08-26_15-47-39.csv
2025-08-25 23:57:06,MYXUSDT,Neutral,19,5.0,False,51.614716394938,0.6096354414335377,0.0003165616554616,-5.0,,True,False,True,1.2026,1.19401,1.21119,Inconclusive,,,backtest_2025-08-26_15-47-39.csv
2025-08-25 23:57:06,INJUSDT,Neutral,23,5.0,False,49.48172943789159,0.4714425744027334,0.0063483248145012,-5.0,,False,False,True,12.811,12.719493,12.902507,Inconclusive,,,backtest_2025-08-26_15-47-39.csv
2025-08-25 23:57:06,IOSTUSDT,Neutral,30,5.0,False,50.47039153652063,0.7912767446710885,5.12518000982938e-06,-5.0,,True,False,True,0.003702,0.003676,0.003728,Inconclusive,,,backtest_2025-08-26_15-47-39.csv
2025-08-25 23:57:06,SEIUSDT,Neutral,23,5.0,False,55.39826645768883,0.7073378378950278,0.0001887723758793,-5.0,,False,False,True,0.2837,0.281674,0.285726,Inconclusive,,,backtest_2025-08-26_15-47-39.csv
2025-08-25 23:57:06,XPLUSDT,Neutral,32,5.0,False,66.09396330735774,0.9907427045691152,0.0017598743570859,-5.0,,True,True,True,0.536,0.532171,0.539829,Inconclusive,,,backtest_2025-08-26_15-47-39.csv
2025-08-25 23:57:06,PENDLEUSDT,Neutral,28,5.0,False,46.98115379256596,0.3334194588773262,-0.0009313697152111,-5.0,,True,False,True,5.1407,5.103981,5.177419,Inconclusive,,,backtest_2025-08-26_15-47-39.csv
2025-08-25 23:57:06,DIAUSDT,Neutral,19,5.0,False,53.57358372070983,0.5810522712196318,0.0004974673585298,-5.0,,True,False,True,0.7436,0.738289,0.748911,Inconclusive,,,backtest_2025-08-26_15-47-39.csv
2025-08-25 23:57:06,ZORAUSDT,Sell,47,5.0,False,26.90871394469518,0.1662426174140555,-0.0001813913649096,-5.0,1.0,True,False,True,0.09865,0.097945,0.099355,Fail,17.0,Yes,backtest_2025-08-26_15-47-39.csv
2025-08-25 23:57:06,MAVUSDT,Neutral,13,5.0,False,59.80943143661143,0.9509464310973822,0.0001056853133794,-5.0,,False,True,True,0.06567,0.065201,0.066139,Inconclusive,,,backtest_2025-08-26_15-47-39.csv
2025-08-25 23:57:06,TONUSDT,Neutral,23,5.0,False,49.5038292016004,0.4598209058649422,0.0009669668892853,-5.0,,False,False,True,3.1157,3.093445,3.137955,Inconclusive,,,backtest_2025-08-26_15-47-39.csv
2025-08-25 23:57:06,CFXUSDT,Neutral,13,5.0,False,55.43632010524475,0.6933039931512557,0.0001245674063141,-5.0,,False,False,True,0.17039,0.169173,0.171607,Inconclusive,,,backtest_2025-08-26_15-47-39.csv
2025-08-25 23:57:06,ALGOUSDT,Neutral,23,5.0,False,54.18495610949583,0.619991102064302,0.000117221093678,-5.0,,False,False,True,0.2461,0.244342,0.247858,Inconclusive,,,backtest_2025-08-26_15-47-39.csv
2025-08-25 23:57:06,GALAUSDT,Neutral,23,5.0,False,55.64088939821436,0.78442582287154,1.3278308681151797e-05,-5.0,,False,False,True,0.016,0.015886,0.016114,Inconclusive,,,backtest_2025-08-26_15-47-39.csv
2025-08-26 01:49:33,ETHUSDT,Sell,53,5.0,False,62.01458498288456,1.0051902297668962,6.145504384548167,-5.0,1.0,False,True,True,4409.51,4378.0135,4441.0065,Fail,19.0,Yes,backtest_2025-08-26_15-48-00.csv
2025-08-26 01:49:33,BTCUSDT,Neutral,23,5.0,False,53.572823033022445,0.8156985174735846,59.47867664491031,-5.0,,False,False,True,109794.1,109009.856429,110578.343571,Inconclusive,,,backtest_2025-08-26_15-48-00.csv
2025-08-26 01:49:33,SOLUSDT,Neutral,13,5.0,False,57.52080336686651,0.8664538005855283,0.1348599880854479,-5.0,,False,False,True,188.25,186.905357,189.594643,Inconclusive,,,backtest_2025-08-26_15-48-00.csv
2025-08-26 01:49:33,XRPUSDT,Neutral,13,5.0,False,59.1690703233459,0.9038403244805662,0.0012255866585167,-5.0,,False,False,True,2.8819,2.861315,2.902485,Inconclusive,,,backtest_2025-08-26_15-48-00.csv
2025-08-26 01:49:33,DOGEUSDT,Neutral,13,5.0,False,58.622403935066274,0.8989004479193226,0.0001879007935178,-5.0,,False,False,True,0.21073,0.209225,0.212235,Inconclusive,,,backtest_2025-08-26_15-48-00.csv
2025-08-26 01:49:33,ADAUSDT,Neutral,13,5.0,False,59.682360886060735,0.9565011175965124,0.0010367445290333,-5.0,,False,True,True,0.8421,0.836085,0.848115,Inconclusive,,,backtest_2025-08-26_15-48-00.csv
2025-08-26 01:49:33,LINKUSDT,Neutral,13,5.0,False,55.17229679224221,0.7257494146729803,0.008140035759173,-5.0,,False,False,True,23.417,23.249736,23.584264,Inconclusive,,,backtest_2025-08-26_15-48-00.csv
2025-08-26 01:49:33,1000PEPEUSDT,Neutral,25,5.0,False,62.59329712328145,0.8656863498435132,8.08899742879711e-06,-5.0,,False,False,True,0.00989,0.009819,0.00996,Inconclusive,,,backtest_2025-08-26_15-48-00.csv
2025-08-26 01:49:33,BNBUSDT,Neutral,25,5.0,False,62.59964107182436,0.9348799097970376,1.0589096246584608,-5.0,,False,False,True,845.03,838.994071,851.065929,Inconclusive,,,backtest_2025-08-26_15-48-00.csv
2025-08-26 01:49:33,SUIUSDT,Neutral,25,5.0,False,61.3568744514428,0.9957883977392866,0.0019960878662154,-5.0,,False,True,True,3.3753,3.351191,3.399409,Inconclusive,,,backtest_2025-08-26_15-48-00.csv
2025-08-26 01:49:33,ONTUSDT,Sell,49,5.0,False,35.04046040898497,0.1636355570332464,0.0003765755327406,-5.0,1.0,True,False,True,0.1748,0.173551,0.176049,Success,1.0,,backtest_2025-08-26_15-48-00.csv
2025-08-26 01:49:33,BIOUSDT,Neutral,11,5.0,False,53.64871573083956,0.6134478176386001,-0.0002093557879352,-5.0,,False,False,True,0.20364,0.202185,0.205095,Inconclusive,,,backtest_2025-08-26_15-48-00.csv
2025-08-26 01:49:33,ENAUSDT,Sell,53,5.0,False,61.94522945149963,1.0693079447009155,0.0005647133389362,-5.0,1.0,False,True,True,0.6299,0.625401,0.634399,Fail,15.0,Yes,backtest_2025-08-26_15-48-00.csv
2025-08-26 01:49:33,AVAXUSDT,Sell,53,5.0,False,61.38108133632013,1.0155674463680988,0.0212848921327055,-5.0,1.0,False,True,True,23.471,23.30335,23.63865,Fail,22.0,Yes,backtest_2025-08-26_15-48-00.csv
2025-08-26 01:49:33,FARTCOINUSDT,Neutral,13,5.0,False,56.77197581679201,0.8084978677964472,0.0002118252599731,-5.0,,False,False,True,0.7861,0.780485,0.791715,Inconclusive,,,backtest_2025-08-26_15-48-00.csv
2025-08-26 01:49:33,HYPEUSDT,Neutral,25,5.0,False,64.05016033669071,0.9978629656668928,0.0860687544600824,-5.0,,False,True,True,43.517,43.206164,43.827836,Inconclusive,,,backtest_2025-08-26_15-48-00.csv
2025-08-26 01:49:33,SPKUSDT,Neutral,30,5.0,False,46.94593278889019,0.7822986412407997,0.0001748344332945,-5.0,,True,False,True,0.07104,0.070533,0.071547,Inconclusive,,,backtest_2025-08-26_15-48-00.csv
2025-08-26 01:49:33,WLFIUSDT,Neutral,13,5.0,False,57.16662983355685,0.7799433172781086,0.0005046938953535,-5.0,,False,False,True,0.2331,0.231435,0.234765,Inconclusive,,,backtest_2025-08-26_15-48-00.csv
2025-08-26 01:49:33,LTCUSDT,Neutral,11,5.0,False,56.60827584347158,0.7069245683716328,-0.0283585201827859,-5.0,,False,False,True,109.92,109.134857,110.705143,Inconclusive,,,backtest_2025-08-26_15-48-00.csv
2025-08-26 01:49:33,PROMPTUSDT,Sell,49,5.0,False,36.63885109521583,0.1802422939170047,3.95032413901212e-05,-5.0,1.0,True,False,True,0.2814,0.27939,0.28341,Fail,0.0,Yes,backtest_2025-08-26_15-48-00.csv
2025-08-26 01:49:33,WIFUSDT,Neutral,13,5.0,False,59.751118961911466,0.968270767159396,0.0002454433615116,-5.0,,False,True,True,0.7847,0.779095,0.790305,Inconclusive,,,backtest_2025-08-26_15-48-00.csv
2025-08-26 01:49:33,ARBUSDT,Sell,45,5.0,False,78.28536768800515,0.9958155699464348,0.0018454395283352,-5.0,1.0,False,True,True,0.5363,0.532469,0.540131,Success,3.0,,backtest_2025-08-26_15-48-00.csv
2025-08-26 01:49:33,UNIUSDT,Sell,53,5.0,False,63.92361764071781,1.1017663950057768,0.0133577707138435,-5.0,1.0,False,True,True,9.772,9.7022,9.8418,Fail,21.0,No,backtest_2025-08-26_15-48-00.csv
2025-08-26 01:49:33,AAVEUSDT,Neutral,13,5.0,False,59.68418005519409,0.7936693160621024,0.1039405766060629,-5.0,,False,False,True,318.58,316.304429,320.855571,Inconclusive,,,backtest_2025-08-26_15-48-00.csv
2025-08-26 01:49:33,MEMEUSDT,Sell,47,5.0,False,44.93296189396813,0.1615762755985525,-8.052835427451583e-06,-5.0,1.0,True,False,True,0.003466,0.003441,0.003491,Fail,16.0,Yes,backtest_2025-08-26_15-48-00.csv
2025-08-26 01:49:33,PENGUUSDT,Neutral,13,5.0,False,55.269512597759935,0.8492145969502811,1.86667335436124e-05,-5.0,,False,False,True,0.030084,0.029869,0.030299,Inconclusive,,,backtest_2025-08-26_15-48-00.csv
2025-08-26 01:49:33,TRUMPUSDT,Neutral,25,5.0,False,61.6152367385504,0.9740684964430316,0.0048837105992519,-5.0,,False,True,True,8.223,8.164264,8.281736,Inconclusive,,,backtest_2025-08-26_15-48-00.csv
2025-08-26 01:49:33,QTUMUSDT,Neutral,30,5.0,False,37.82251384779519,0.371454002509223,0.0036408880982409,-5.0,,True,False,True,2.89,2.869357,2.910643,Inconclusive,,,backtest_2025-08-26_15-48-00.csv
2025-08-26 01:49:33,DOTUSDT,Sell,53,5.0,False,66.45326178830604,1.0616393596891918,0.0047323955687702,-5.0,1.0,False,True,True,3.782,3.754986,3.809014,Fail,147.0,No,backtest_2025-08-26_15-48-00.csv
2025-08-26 01:49:33,WLDUSDT,Neutral,17,5.0,False,56.205271025128894,0.4947040293572784,-0.0008058045891155,-5.0,,True,False,True,0.8957,0.889302,0.902098,Inconclusive,,,backtest_2025-08-26_15-48-00.csv
2025-08-26 01:49:33,TRXUSDT,Sell,57,5.0,False,57.332914667454,1.010507250970654,0.0003126390547176,-5.0,1.0,True,True,True,0.34198,0.339537,0.344423,Fail,134.0,No,backtest_2025-08-26_15-48-00.csv
2025-08-26 01:49:33,FILUSDT,Neutral,25,5.0,False,67.91395159047198,0.9609392258869316,0.0021758246328526,-5.0,,False,True,True,2.222,2.206129,2.237871,Inconclusive,,,backtest_2025-08-26_15-48-00.csv
2025-08-26 01:49:33,1000BONKUSDT,Neutral,13,5.0,False,59.81413649191487,0.8915007167377063,3.971331167676743e-06,-5.0,,False,False,True,0.020154,0.02001,0.020298,Inconclusive,,,backtest_2025-08-26_15-48-00.csv
2025-08-26 01:49:33,PUMPUSDT,Neutral,13,5.0,False,54.79293377975683,0.8220929038272836,1.1770872823361094e-06,-5.0,,False,False,True,0.002668,0.002649,0.002687,Inconclusive,,,backtest_2025-08-26_15-48-00.csv
2025-08-26 01:49:33,XNYUSDT,Neutral,11,5.0,False,54.7490636406132,0.5916418411784058,-1.4930182309199917e-05,-5.0,,False,False,True,0.00748,0.007427,0.007533,Inconclusive,,,backtest_2025-08-26_15-48-00.csv
2025-08-26 01:49:33,CRVUSDT,Sell,53,5.0,False,62.33746372200662,1.0916990439554526,0.0004186927325512,-5.0,1.0,False,True,True,0.786,0.780386,0.791614,Success,3.0,,backtest_2025-08-26_15-48-00.csv
2025-08-26 01:49:33,1000SHIBUSDT,Neutral,25,5.0,False,62.843845269583376,0.9746108890077434,1.2340752373452633e-05,-5.0,,False,True,True,0.012107,0.012021,0.012193,Inconclusive,,,backtest_2025-08-26_15-48-00.csv
2025-08-26 01:49:33,NEARUSDT,Sell,53,5.0,False,66.22594491937403,1.0648066712015312,0.0027575657248095,-5.0,1.0,False,True,True,2.425,2.407679,2.442321,Success,64.0,,backtest_2025-08-26_15-48-00.csv
2025-08-26 01:49:33,NEOUSDT,Neutral,30,5.0,False,44.539611624949394,0.5827588339521782,0.0121432480076895,-5.0,,True,False,True,7.043,6.992693,7.093307,Inconclusive,,,backtest_2025-08-26_15-48-00.csv
2025-08-26 01:49:33,ETCUSDT,Sell,53,5.0,False,68.34660344808037,1.1002812951239918,0.0294029593710192,-5.0,1.0,False,True,True,21.495,21.341464,21.648536,Success,46.0,,backtest_2025-08-26_15-48-00.csv
2025-08-26 01:49:33,HBARUSDT,Neutral,25,5.0,False,68.90902651666057,0.9664059764660212,0.0002196144181097,-5.0,,False,True,True,0.2355,0.233818,0.237182,Inconclusive,,,backtest_2025-08-26_15-48-00.csv
2025-08-26 01:49:33,BCHUSDT,Sell,47,5.0,False,59.506677900822986,1.0207705427829583,0.3347572914268676,-5.0,1.0,False,True,True,545.99,542.090071,549.889929,Success,82.0,,backtest_2025-08-26_15-48-00.csv
2025-08-26 01:49:33,LDOUSDT,Neutral,25,5.0,False,68.64485023289646,0.9857385902314696,0.0019728024980026,-5.0,,False,True,True,1.2834,1.274233,1.292567,Inconclusive,,,backtest_2025-08-26_15-48-00.csv
2025-08-26 01:49:33,ONDOUSDT,Sell,53,5.0,False,63.28730732471115,1.0169443893689176,0.0007574099061937,-5.0,1.0,False,True,True,0.9038,0.897344,0.910256,Fail,21.0,Yes,backtest_2025-08-26_15-48-00.csv
2025-08-26 01:49:33,BOMEUSDT,Neutral,13,5.0,False,54.78704584218686,0.7811141013899408,1.3597622456872885e-06,-5.0,,False,False,True,0.001982,0.001968,0.001996,Inconclusive,,,backtest_2025-08-26_15-48-00.csv
2025-08-26 01:49:33,OPUSDT,Sell,45,5.0,False,71.35393917094477,0.9730633920730376,0.0012441265187078,-5.0,1.0,False,True,True,0.7052,0.700163,0.710237,Success,51.0,,backtest_2025-08-26_15-48-00.csv
2025-08-26 01:49:33,TIAUSDT,Neutral,25,5.0,False,65.0959667510308,0.9634496650652374,0.0017695919427246,-5.0,,False,True,True,1.6343,1.622626,1.645974,Inconclusive,,,backtest_2025-08-26_15-48-00.csv
2025-08-26 01:49:33,XLMUSDT,Neutral,25,5.0,False,64.18583562106431,0.9869225279475846,0.0003073908940894,-5.0,,False,True,True,0.38906,0.386281,0.391839,Inconclusive,,,backtest_2025-08-26_15-48-00.csv
2025-08-26 01:49:33,ETHFIUSDT,Strong Sell,79,5.0,True,76.75948032184269,1.166530951082658,0.0034200652288639,-5.0,2.0,True,True,True,1.1318,1.123716,1.139884,Success,3.0,,backtest_2025-08-26_15-48-00.csv
2025-08-26 01:49:33,TAOUSDT,Sell,53,5.0,False,62.96467551295271,1.0007449319739612,0.3636988671605887,-5.0,1.0,False,True,True,325.02,322.698429,327.341571,Success,43.0,,backtest_2025-08-26_15-48-00.csv
2025-08-26 01:49:33,APTUSDT,Sell,53,5.0,False,65.6726415064185,1.0227695246209123,0.003946303299831,-5.0,1.0,False,True,True,4.3027,4.271966,4.333434,Fail,234.0,No,backtest_2025-08-26_15-48-00.csv
2025-08-26 01:49:33,VIRTUALUSDT,Sell,53,5.0,False,62.6510971464794,1.018657686461687,0.0006279333804281,-5.0,1.0,False,True,True,1.1374,1.129276,1.145524,Success,51.0,,backtest_2025-08-26_15-48-00.csv
2025-08-26 01:49:33,ONGUSDT,Neutral,30,5.0,False,33.69239838883176,0.2612478781710881,0.0002134426138408,-5.0,,True,False,True,0.18365,0.182338,0.184962,Inconclusive,,,backtest_2025-08-26_15-48-00.csv
2025-08-26 01:49:33,IOSTUSDT,Neutral,30,5.0,False,39.69914361998539,0.5072491767305624,9.416178512495124e-06,-5.0,,True,False,True,0.003492,0.003467,0.003517,Inconclusive,,,backtest_2025-08-26_15-48-00.csv
2025-08-26 01:49:33,DIAUSDT,Neutral,13,5.0,False,56.449679453539495,0.7841437493563487,0.0017278609090397,-5.0,,False,False,True,0.764,0.758543,0.769457,Inconclusive,,,backtest_2025-08-26_15-48-00.csv
2025-08-26 01:49:33,INJUSDT,Sell,53,5.0,False,65.87851680165403,1.0904851950653645,0.0193161657886031,-5.0,1.0,False,True,True,13.003,12.910121,13.095879,Success,35.0,,backtest_2025-08-26_15-48-00.csv
2025-08-26 01:49:33,SEIUSDT,Strong Sell,79,5.0,True,70.50635887780008,1.098259335328336,0.0005138310771028,-5.0,2.0,True,True,True,0.2881,0.286042,0.290158,Success,84.0,,backtest_2025-08-26_15-48-00.csv
2025-08-26 01:49:33,MYXUSDT,Neutral,11,5.0,False,52.18784564842446,0.5047395795439242,-0.0014837795650836,-5.0,,False,False,True,1.2134,1.204733,1.222067,Inconclusive,,,backtest_2025-08-26_15-48-00.csv
2025-08-26 01:49:33,PENDLEUSDT,Sell,53,5.0,False,65.65237941222773,1.0786127731331412,0.008720305202079,-5.0,1.0,False,True,True,5.2069,5.169708,5.244092,Fail,40.0,No,backtest_2025-08-26_15-48-00.csv
2025-08-26 01:49:33,XPLUSDT,Neutral,25,5.0,False,61.90675168407445,0.983000767447461,0.0001745687364779,-5.0,,False,True,True,0.5393,0.535448,0.543152,Inconclusive,,,backtest_2025-08-26_15-48-00.csv
2025-08-26 01:49:33,MAVUSDT,Neutral,28,5.0,False,43.67483863238971,0.376173721111151,-4.621909373844291e-05,-5.0,,True,False,True,0.06102,0.060584,0.061456,Inconclusive,,,backtest_2025-08-26_15-48-00.csv
2025-08-26 01:49:33,ZORAUSDT,Neutral,23,5.0,False,46.86851855772321,0.5284372798639403,0.0001319074306682,-5.0,,False,False,True,0.09842,0.097717,0.099123,Inconclusive,,,backtest_2025-08-26_15-48-00.csv
2025-08-26 01:49:33,CFXUSDT,Neutral,13,5.0,False,55.350639735471056,0.7548864531238372,0.000149722147245,-5.0,,False,False,True,0.17062,0.169401,0.171839,Inconclusive,,,backtest_2025-08-26_15-48-00.csv
2025-08-26 01:49:33,TONUSDT,Sell,53,5.0,False,69.29497850277177,1.0417611823483963,0.0034716607737064,-5.0,1.0,False,True,True,3.1569,3.134351,3.179449,Inconclusive,,,backtest_2025-08-26_15-48-00.csv
2025-08-26 01:49:33,GALAUSDT,Sell,53,5.0,False,67.06204371905133,1.0746149651186216,2.649119575634772e-05,-5.0,1.0,False,True,True,0.01628,0.016164,0.016396,Success,45.0,,backtest_2025-08-26_15-48-00.csv
2025-08-26 01:49:33,ALGOUSDT,Neutral,25,5.0,False,61.22943983950883,0.9458915568858722,0.0002791649997476,-5.0,,False,False,True,0.2478,0.24603,0.24957,Inconclusive,,,backtest_2025-08-26_15-48-00.csv
