Coin,Signal,Confidence,Price,TP,SL,Regime,signal_time_utc,signal_time_ist,Outcome,Duration_min,Time_to_TP_min,Time_to_SL_min,Estimated_profit,IND__rsi5m,IND__macd5m__macd,IND__macd5m__signal,IND__macd5m__histogram,IND__boll5m__upper,IND__boll5m__middle,IND__boll5m__lower,IND__boll5m__percent_b,IND__cci5m,IND__marketTrend,IND__volProfile__bullish_score,IND__volProfile__bearish_score,IND__ema50_5m,IND__atr5m,IND__hma5m,IND__hma_slope,IND__alma5m,IND__tsi5m,IND__stc5m,IND__cvd5m__trend,IND__cvd5m__value,COMP__base_score,COMP__momentum_score,COMP__trend_score,COMP__volume_score,COMP__confluence_bonus,COMP__profit_check,SCORE__percent_b,SCORE__rsi,SCORE__cci,SCORE__macd_hist,SCORE__atr,SCORE__hma,SCORE__alma,SCORE__tsi,SCORE__stc,SCORE__volProfile_bull,SCORE__volProfile_bear,SCORE__cvd_trend,SCORE__cvd_value,SCORE__estimated_profit_margin_pct,CONFL__flags,CONFL_FLAG__RSI<=30_and_CVD_falling,WOULD_BE_STRONG,HMA_GATEKEEPER__applied,HMA_GATEKEEPER__reason,HMA_GATEKEEPER__hma_slope,ANALYSIS__engine,ANALYSIS__confidence,HMA_GATEKEEPER__confidence,HMA_GATEKEEPER__before_confidence,HMA_GATEKEEPER__after_confidence,__source_file,WOULD__missing_points,WOULD__top1,WOULD__top2,WOULD__top3
TAUSDT,Buy,61,0.12604,0.12694749,0.1222588,Bullish,2025-09-07T20:25:02.312691+00:00,2025-09-08T01:55:02.312691+05:30,Success,5,5.0,,5.04%,59.49519972797442,0.0001409641663957,-0.0004743935371354,0.0006153577035311,0.1278144937033203,0.121743,0.1156715062966796,0.8538667920918761,113.03092119648068,5.0,3.0,0.0,0.1222485534430081,0.0025897526021024,0.12482484375,0.00104015625,,1.02899548578036,,falling,-2026334.0,8.0,14.702701050578543,15.0,10.0,0.0,5.0,0.8538667920918761,59.49519972797442,113.03092119648068,0.0006153577035311,0.0025897526021024,0.12482484375,,1.02899548578036,,3.0,0.0,falling,-2026334.0,5.040000000000065,,,"{""if_confidence_needed"": 65, ""missing_points"": 4, ""top_missing_components"": [{""component"": ""base_score"", ""gap"": 32.0}, {""component"": ""confluence_bonus"", ""gap"": 30.0}, {""component"": ""momentum_score"", ""gap"": 5.3}]}",True,,0.00104015625,Buy,61,,53.0,61.0,signals_2025-09-08_01-55-46.csv,4,base_score:32.0,confluence_bonus:30.0,momentum_score:5.3
SOLUSDT,Buy,60,204.25,205.7206,198.1225,Bullish,2025-09-07T20:57:34.660626+00:00,2025-09-08T02:27:34.660626+05:30,Success,107,107.0,,5.04%,72.98061375830254,0.3563705653831732,0.2006194603528494,0.1557511050303238,203.9925324670759,202.8375,201.6824675329241,1.1114546734672774,238.095238095242,10.0,3.0,0.0,202.8199668483525,0.372738547209103,203.24296875,0.1270312499999875,,24.97038121656359,,rising,379777.59,8.0,19.02854829133294,15.0,5.0,0.0,5.0,1.1114546734672774,72.98061375830254,238.095238095242,0.1557511050303238,0.372738547209103,203.24296875,,24.97038121656359,,3.0,0.0,rising,379777.59,5.039999999999967,,,"{""if_confidence_needed"": 65, ""missing_points"": 5, ""top_missing_components"": [{""component"": ""base_score"", ""gap"": 32.0}, {""component"": ""confluence_bonus"", ""gap"": 30.0}, {""component"": ""volume_score"", ""gap"": 5.0}]}",True,,0.1270312499999875,Buy,60,,52.0,60.0,signals_2025-09-08_02-28-55.csv,5,base_score:32.0,confluence_bonus:30.0,volume_score:5.0
WIFUSDT,Buy,61,0.8253,0.83124216,0.800541,Bullish,2025-09-07T20:58:17.463090+00:00,2025-09-08T02:28:17.463090+05:30,Success,107,107.0,,5.04%,62.749200059829136,0.0003305299323076,-0.0001957831807753,0.000526313113083,0.825200498727438,0.8213800000000001,0.8175595012725623,1.0130220266594376,143.60655737705235,10.0,3.0,0.0,0.8224485718594102,0.0020713817515634,0.8200546875000001,0.000596875,,4.381498412899473,,falling,-43987.700000000186,8.0,15.098110454269897,15.0,10.0,0.0,5.0,1.0130220266594376,62.749200059829136,143.60655737705235,0.000526313113083,0.0020713817515634,0.8200546875000001,,4.381498412899473,,3.0,0.0,falling,-43987.700000000186,5.040000000000025,,,"{""if_confidence_needed"": 65, ""missing_points"": 4, ""top_missing_components"": [{""component"": ""base_score"", ""gap"": 32.0}, {""component"": ""confluence_bonus"", ""gap"": 30.0}, {""component"": ""momentum_score"", ""gap"": 4.9}]}",True,,0.000596875,Buy,61,,53.0,61.0,signals_2025-09-08_02-28-55.csv,4,base_score:32.0,confluence_bonus:30.0,momentum_score:4.9
1000BONKUSDT,Buy,59,0.020539,0.02068688,0.01992283,Bullish,2025-09-07T20:58:28.479638+00:00,2025-09-08T02:28:28.479638+05:30,Success,91,91.0,,5.04%,73.06014738371357,3.703525308848543e-05,1.928260178114424e-05,1.775265130734119e-05,0.0204931288444067,0.02037085,0.0202485711555932,1.1875678324232493,246.98052748337145,10.0,3.0,0.0,0.0203701960352254,4.97592863195605e-05,0.0204029999999999,1.837500000000103e-05,,21.73932072422137,,rising,117002405.0,8.0,17.562494820362843,15.0,5.0,0.0,5.0,1.1875678324232493,73.06014738371357,246.98052748337145,1.775265130734119e-05,4.97592863195605e-05,0.0204029999999999,,21.73932072422137,,3.0,0.0,rising,117002405.0,5.039999999999993,,,"{""if_confidence_needed"": 65, ""missing_points"": 6, ""top_missing_components"": [{""component"": ""base_score"", ""gap"": 32.0}, {""component"": ""confluence_bonus"", ""gap"": 30.0}, {""component"": ""volume_score"", ""gap"": 5.0}]}",True,,1.837500000000103e-05,Buy,59,,51.0,59.0,signals_2025-09-08_02-28-55.csv,6,base_score:32.0,confluence_bonus:30.0,volume_score:5.0
NEARUSDT,Buy,58,2.463,2.4807336,2.38911,Bullish,2025-09-07T20:58:55.687407+00:00,2025-09-08T02:28:55.687407+05:30,Inconclusive,300,,,5.04%,59.12825552783125,0.0005480747906383,-5.9236262110250686e-05,0.0006073110527485,2.463288666505112,2.4567,2.4501113334948883,0.9780937079689894,125.74139976274034,10.0,3.0,0.0,2.456957309673601,0.0047426759910204,2.454015625,0.0002812499999995,,2.8776436407781008,,falling,-64976.0,8.0,12.073257648965026,15.0,10.0,0.0,5.0,0.9780937079689894,59.12825552783125,125.74139976274034,0.0006073110527485,0.0047426759910204,2.454015625,,2.8776436407781008,,3.0,0.0,falling,-64976.0,5.040000000000036,,,"{""if_confidence_needed"": 65, ""missing_points"": 7, ""top_missing_components"": [{""component"": ""base_score"", ""gap"": 32.0}, {""component"": ""confluence_bonus"", ""gap"": 30.0}, {""component"": ""momentum_score"", ""gap"": 7.93}]}",True,,0.0002812499999995,Buy,58,,50.0,58.0,signals_2025-09-08_02-28-55.csv,7,base_score:32.0,confluence_bonus:30.0,momentum_score:7.93
HEMIUSDT,Sell,64,0.038797,0.03851766,0.03996091,Bullish,2025-09-07T21:21:48.306591+00:00,2025-09-08T02:51:48.306591+05:30,Success,9,9.0,,5.04%,27.201232929298115,-0.000470699530305,-0.0003054665693135,-0.0001652329609915,0.0415724262270525,0.0400709,0.0385693737729474,0.0757982854216757,-142.1273050189658,10.0,0.0,3.0,0.0401709129808018,0.0004142696115517,0.0390534374999999,-0.000181421875,,-32.78405994225275,,falling,-112054923.0,8.0,18.57248843076361,7.0,5.0,12.0,5.0,0.0757982854216757,27.201232929298115,-142.1273050189658,-0.0001652329609915,0.0004142696115517,0.0390534374999999,,-32.78405994225275,,0.0,3.0,falling,-112054923.0,5.040000000000043,RSI<=30 & CVD_falling,1.0,"{""if_confidence_needed"": 65, ""missing_points"": 1, ""top_missing_components"": [{""component"": ""base_score"", ""gap"": 32.0}, {""component"": ""confluence_bonus"", ""gap"": 18.0}, {""component"": ""trend_score"", ""gap"": 8.0}]}",True,,-0.000181421875,Sell,64,,56.0,64.0,signals_2025-09-08_02-52-49.csv,1,base_score:32.0,confluence_bonus:18.0,trend_score:8.0
WIFUSDT,Buy,58,0.8265,0.8324508,0.801705,Bullish,2025-09-07T21:22:07.285623+00:00,2025-09-08T02:52:07.285623+05:30,Success,86,86.0,,5.04%,60.840463006818574,0.0014447787117053,0.0007516121990395,0.0006931665126658,0.8284741525786127,0.82269,0.8169058474213874,0.8293481584569321,107.19322990126771,10.0,3.0,0.0,0.8232324515321894,0.0021109022305378,0.8265546874999999,0.0012515625000001,,17.809140426345863,,falling,-2745542.6,8.0,11.88098854760337,15.0,10.0,0.0,5.0,0.8293481584569321,60.840463006818574,107.19322990126771,0.0006931665126658,0.0021109022305378,0.8265546874999999,,17.809140426345863,,3.0,0.0,falling,-2745542.6,5.0400000000000285,,,"{""if_confidence_needed"": 65, ""missing_points"": 7, ""top_missing_components"": [{""component"": ""base_score"", ""gap"": 32.0}, {""component"": ""confluence_bonus"", ""gap"": 30.0}, {""component"": ""momentum_score"", ""gap"": 8.12}]}",True,,0.0012515625000001,Buy,58,,50.0,58.0,signals_2025-09-08_02-52-49.csv,7,base_score:32.0,confluence_bonus:30.0,momentum_score:8.12
TRXUSDT,Buy,58,0.33004,0.33241629,0.3201388,Bullish,2025-09-07T22:23:17.703122+00:00,2025-09-08T03:53:17.703122+05:30,Inconclusive,300,,,5.04%,72.06965932421213,0.0003159537082113,0.0002344196573114,8.153405089983217e-05,0.33028659699564,0.329335,0.32838340300436,0.8704299210853409,144.2672741078192,10.0,3.0,0.0,0.3290916607526339,0.0002467627660573,0.329696875,9.453125000002947e-05,,32.643886923908106,,rising,17136922.0,8.0,16.9299533428848,15.0,5.0,0.0,5.0,0.8704299210853409,72.06965932421213,144.2672741078192,8.153405089983217e-05,0.0002467627660573,0.329696875,,32.643886923908106,,3.0,0.0,rising,17136922.0,5.040000000000009,,,"{""if_confidence_needed"": 65, ""missing_points"": 7, ""top_missing_components"": [{""component"": ""base_score"", ""gap"": 32.0}, {""component"": ""confluence_bonus"", ""gap"": 30.0}, {""component"": ""volume_score"", ""gap"": 5.0}]}",True,,9.453125000002947e-05,Buy,58,,50.0,58.0,signals_2025-09-08_03-54-05.csv,7,base_score:32.0,confluence_bonus:30.0,volume_score:5.0
LINEAUSDT,Buy,63,0.03013,0.03034694,0.0292261,Bullish,2025-09-07T22:23:49.600660+00:00,2025-09-08T03:53:49.600660+05:30,Success,84,84.0,,5.04%,66.3787162348957,-4.102850065156039e-05,-0.0001616766673767,0.0001206481667251,0.0297833357163349,0.0292139999999999,0.028644664283665,1.3044462816215123,319.93775793248045,10.0,3.0,0.0,0.0295473251869428,0.0002513202874528,0.02931640625,0.00011875,,-5.071358006970715,,falling,-34935498.0,8.0,16.521377882983327,15.0,10.0,0.0,5.0,1.3044462816215123,66.3787162348957,319.93775793248045,0.0001206481667251,0.0002513202874528,0.02931640625,,-5.071358006970715,,3.0,0.0,falling,-34935498.0,5.0400000000000205,,,"{""if_confidence_needed"": 65, ""missing_points"": 2, ""top_missing_components"": [{""component"": ""base_score"", ""gap"": 32.0}, {""component"": ""confluence_bonus"", ""gap"": 30.0}, {""component"": ""momentum_score"", ""gap"": 3.48}]}",True,,0.00011875,Buy,63,,55.0,63.0,signals_2025-09-08_03-54-05.csv,2,base_score:32.0,confluence_bonus:30.0,momentum_score:3.48
BNBUSDT,Buy,59,876.74,883.052528,850.4378,Bullish,2025-09-07T22:57:44.865569+00:00,2025-09-08T04:27:44.865569+05:30,Success,22,22.0,,5.04%,68.04568331216282,0.3669005792244206,0.1468401758323677,0.2200604033920528,876.5585581655534,875.1119999999999,873.6654418344463,1.0627150151190503,199.89602287498252,10.0,3.0,0.0,875.0738705811744,0.6134785501163852,875.7979687500001,0.3067187500000727,,16.260941049650405,,rising,8176.44,8.0,17.60902093546271,15.0,5.0,0.0,5.0,1.0627150151190503,68.04568331216282,199.89602287498252,0.2200604033920528,0.6134785501163852,875.7979687500001,,16.260941049650405,,3.0,0.0,rising,8176.44,5.040000000000035,,,"{""if_confidence_needed"": 65, ""missing_points"": 6, ""top_missing_components"": [{""component"": ""base_score"", ""gap"": 32.0}, {""component"": ""confluence_bonus"", ""gap"": 30.0}, {""component"": ""volume_score"", ""gap"": 5.0}]}",True,,0.3067187500000727,Buy,59,,51.0,59.0,signals_2025-09-08_04-28-35.csv,6,base_score:32.0,confluence_bonus:30.0,volume_score:5.0
1000PEPEUSDT,Buy,59,0.0099178,0.00998921,0.00962027,Bullish,2025-09-07T22:57:46.783123+00:00,2025-09-08T04:27:46.783123+05:30,Success,242,242.0,,5.04%,71.72705934491248,1.8611709037916896e-05,1.1164893878958247e-05,7.446815158958647e-06,0.0099010730446851,0.009843875,0.0097866769553148,1.1462196427079363,223.20317829767868,10.0,3.0,0.0,0.0098376636887286,2.047836224384022e-05,0.009874665625,8.740624999999808e-06,,24.054880057062014,,rising,1191628178.0,8.0,17.727434434790634,15.0,5.0,0.0,5.0,1.1462196427079363,71.72705934491248,223.20317829767868,7.446815158958647e-06,2.047836224384022e-05,0.009874665625,,24.054880057062014,,3.0,0.0,rising,1191628178.0,5.0399999999999725,,,"{""if_confidence_needed"": 65, ""missing_points"": 6, ""top_missing_components"": [{""component"": ""base_score"", ""gap"": 32.0}, {""component"": ""confluence_bonus"", ""gap"": 30.0}, {""component"": ""volume_score"", ""gap"": 5.0}]}",True,,8.740624999999808e-06,Buy,59,,51.0,59.0,signals_2025-09-08_04-28-35.csv,6,base_score:32.0,confluence_bonus:30.0,volume_score:5.0
FARTCOINUSDT,Buy,60,0.7627,0.76819144,0.739819,Bullish,2025-09-07T22:58:02.194986+00:00,2025-09-08T04:28:02.194986+05:30,Success,6,6.0,,5.04%,80.06518116062676,0.0035560895752178,0.0022966950730917,0.001259394502126,0.7575894864043625,0.7476700000000001,0.7377505135956376,1.2575997076516978,252.21297397278545,10.0,3.0,0.0,0.744811519190019,0.0029553283553485,0.7527890625,0.0017062499999997,,35.426643496189406,,rising,9118489.2,8.0,19.22744832949684,15.0,5.0,0.0,5.0,1.2575997076516978,80.06518116062676,252.21297397278545,0.001259394502126,0.0029553283553485,0.7527890625,,35.426643496189406,,3.0,0.0,rising,9118489.2,5.0400000000000125,,,"{""if_confidence_needed"": 65, ""missing_points"": 5, ""top_missing_components"": [{""component"": ""base_score"", ""gap"": 32.0}, {""component"": ""confluence_bonus"", ""gap"": 30.0}, {""component"": ""volume_score"", ""gap"": 5.0}]}",True,,0.0017062499999997,Buy,60,,52.0,60.0,signals_2025-09-08_04-28-35.csv,5,base_score:32.0,confluence_bonus:30.0,volume_score:5.0
WIFUSDT,Buy,58,0.835,0.841012,0.80995,Bullish,2025-09-07T22:58:05.075873+00:00,2025-09-08T04:28:05.075873+05:30,Success,241,241.0,,5.04%,73.18419369795392,0.0024130244719889,0.0017136352797045,0.0006993891922844,0.8338346593904779,0.8275399999999999,0.821245340609522,1.0925658194695136,186.64865473375664,10.0,3.0,0.0,0.8258925307076835,0.00218403911029,0.83133125,0.0011187499999999,,30.21459088864687,,rising,4081194.3,8.0,16.685457891181372,15.0,5.0,0.0,5.0,1.0925658194695136,73.18419369795392,186.64865473375664,0.0006993891922844,0.00218403911029,0.83133125,,30.21459088864687,,3.0,0.0,rising,4081194.3,5.040000000000015,,,"{""if_confidence_needed"": 65, ""missing_points"": 7, ""top_missing_components"": [{""component"": ""base_score"", ""gap"": 32.0}, {""component"": ""confluence_bonus"", ""gap"": 30.0}, {""component"": ""volume_score"", ""gap"": 5.0}]}",True,,0.0011187499999999,Buy,58,,50.0,58.0,signals_2025-09-08_04-28-35.csv,7,base_score:32.0,confluence_bonus:30.0,volume_score:5.0
FILUSDT,Buy,59,2.403,2.4203016,2.33091,Bullish,2025-09-07T22:58:12.709081+00:00,2025-09-08T04:28:12.709081+05:30,Success,244,244.0,,5.04%,75.51269213510682,0.0038011512897431,0.0023484755978945,0.0014526756918485,2.3994426039114267,2.3889500000000004,2.378457396088574,1.1695192212821133,273.5542560104036,10.0,3.0,0.0,2.385791919600025,0.0039073204950249,2.391875,0.0023906250000003,,27.052003935951905,,rising,581748.0,8.0,17.922794188180006,15.0,5.0,0.0,5.0,1.1695192212821133,75.51269213510682,273.5542560104036,0.0014526756918485,0.0039073204950249,2.391875,,27.052003935951905,,3.0,0.0,rising,581748.0,5.04000000000004,,,"{""if_confidence_needed"": 65, ""missing_points"": 6, ""top_missing_components"": [{""component"": ""base_score"", ""gap"": 32.0}, {""component"": ""confluence_bonus"", ""gap"": 30.0}, {""component"": ""volume_score"", ""gap"": 5.0}]}",True,,0.0023906250000003,Buy,59,,51.0,59.0,signals_2025-09-08_04-28-35.csv,6,base_score:32.0,confluence_bonus:30.0,volume_score:5.0
PENGUUSDT,Buy,58,0.029739,0.02995312,0.02884683,Bullish,2025-09-07T22:58:13.670898+00:00,2025-09-08T04:28:13.670898+05:30,Success,2,2.0,,5.04%,78.2888255885756,0.0001163400513604,7.59006983824905e-05,4.043935297794921e-05,0.0295642794519241,0.029245,0.0289257205480758,1.2736169631696228,320.8780367492906,10.0,3.0,0.0,0.0291338345206183,0.0001268442706795,0.02938296875,6.017187500000076e-05,,33.418532383647985,,rising,157535287.0,8.0,16.65146479436176,15.0,5.0,0.0,5.0,1.2736169631696228,78.2888255885756,320.8780367492906,4.043935297794921e-05,0.0001268442706795,0.02938296875,,33.418532383647985,,3.0,0.0,rising,157535287.0,5.039999999999964,,,"{""if_confidence_needed"": 65, ""missing_points"": 7, ""top_missing_components"": [{""component"": ""base_score"", ""gap"": 32.0}, {""component"": ""confluence_bonus"", ""gap"": 30.0}, {""component"": ""volume_score"", ""gap"": 5.0}]}",True,,6.017187500000076e-05,Buy,58,,50.0,58.0,signals_2025-09-08_04-28-35.csv,7,base_score:32.0,confluence_bonus:30.0,volume_score:5.0
SEIUSDT,Buy,59,0.2958,0.29792976,0.286926,Bullish,2025-09-07T22:58:25.100350+00:00,2025-09-08T04:28:25.100350+05:30,Success,28,28.0,,5.04%,61.12627640150116,0.0001487795464641,3.76037754319724e-05,0.0001111757710322,0.2955033275662995,0.2945399999999999,0.2935766724337004,1.153983153850807,214.4754316069101,10.0,3.0,0.0,0.2946664202894594,0.0006275785811762,0.294903125,6.0937500000024514e-05,,5.7649692068328,,falling,-2756.0,8.0,13.25160861891166,15.0,10.0,0.0,5.0,1.153983153850807,61.12627640150116,214.4754316069101,0.0001111757710322,0.0006275785811762,0.294903125,,5.7649692068328,,3.0,0.0,falling,-2756.0,5.039999999999954,,,"{""if_confidence_needed"": 65, ""missing_points"": 6, ""top_missing_components"": [{""component"": ""base_score"", ""gap"": 32.0}, {""component"": ""confluence_bonus"", ""gap"": 30.0}, {""component"": ""momentum_score"", ""gap"": 6.75}]}",True,,6.0937500000024514e-05,Buy,59,,51.0,59.0,signals_2025-09-08_04-28-35.csv,6,base_score:32.0,confluence_bonus:30.0,momentum_score:6.75
XPLUSDT,Buy,61,0.7208,0.72598976,0.699176,Bullish,2025-09-07T22:58:28.886128+00:00,2025-09-08T04:28:28.886128+05:30,Success,51,51.0,,5.04%,77.66138387677253,0.0066728172955345,0.0040289459963447,0.0026438712991898,0.7281763093309379,0.7019650000000001,0.6757536906690622,0.8592914753359635,110.73550797915948,10.0,3.0,0.0,0.7026554460963167,0.0043460651012805,0.7234859375,0.0036796875,,39.83120981131149,,rising,3138617.0,8.0,20.0,15.0,5.0,0.0,5.0,0.8592914753359635,77.66138387677253,110.73550797915948,0.0026438712991898,0.0043460651012805,0.7234859375,,39.83120981131149,,3.0,0.0,rising,3138617.0,5.040000000000042,,,"{""if_confidence_needed"": 65, ""missing_points"": 4, ""top_missing_components"": [{""component"": ""base_score"", ""gap"": 32.0}, {""component"": ""confluence_bonus"", ""gap"": 30.0}, {""component"": ""volume_score"", ""gap"": 5.0}]}",True,,0.0036796875,Buy,61,,53.0,61.0,signals_2025-09-08_04-28-35.csv,4,base_score:32.0,confluence_bonus:30.0,volume_score:5.0
ETHUSDT,Buy,60,4331.03,4362.213416,4201.0991,Bullish,2025-09-07T23:21:40.508568+00:00,2025-09-08T04:51:40.508568+05:30,Inconclusive,300,,,5.04%,78.23815724164373,8.803000994815193,5.994298041239054,2.808702953576139,4327.634166021309,4302.8235,4278.012833978692,1.068434962120201,211.53232497287937,10.0,3.0,0.0,4296.825650064714,6.635509478168661,4315.95140625,3.3693750000002183,,36.06856424723295,,rising,111454.938,8.0,19.15880862013802,15.0,5.0,0.0,5.0,1.068434962120201,78.23815724164373,211.53232497287937,2.808702953576139,6.635509478168661,4315.95140625,,36.06856424723295,,3.0,0.0,rising,111454.938,5.039999999999976,,,"{""if_confidence_needed"": 65, ""missing_points"": 5, ""top_missing_components"": [{""component"": ""base_score"", ""gap"": 32.0}, {""component"": ""confluence_bonus"", ""gap"": 30.0}, {""component"": ""volume_score"", ""gap"": 5.0}]}",True,,3.3693750000002183,Buy,60,,52.0,60.0,signals_2025-09-08_04-53-01.csv,5,base_score:32.0,confluence_bonus:30.0,volume_score:5.0
WLDUSDT,Buy,58,1.0424,1.04990528,1.011128,Bullish,2025-09-07T23:21:55.126380+00:00,2025-09-08T04:51:55.126380+05:30,Success,101,101.0,,5.04%,63.652776132674575,0.0006323633459466,-0.0004697995975324,0.0011021629434791,1.040346118590195,1.03432,1.0282938814098048,1.1704149511052446,273.14685747915826,10.0,3.0,0.0,1.0364646387260448,0.0034333471181245,1.03505,0.001340625,,4.570056114408619,,rising,3345927.0,8.0,16.704409060144236,15.0,5.0,0.0,5.0,1.1704149511052446,63.652776132674575,273.14685747915826,0.0011021629434791,0.0034333471181245,1.03505,,4.570056114408619,,3.0,0.0,rising,3345927.0,5.0399999999999645,,,"{""if_confidence_needed"": 65, ""missing_points"": 7, ""top_missing_components"": [{""component"": ""base_score"", ""gap"": 32.0}, {""component"": ""confluence_bonus"", ""gap"": 30.0}, {""component"": ""volume_score"", ""gap"": 5.0}]}",True,,0.001340625,Buy,58,,50.0,58.0,signals_2025-09-08_04-53-01.csv,7,base_score:32.0,confluence_bonus:30.0,volume_score:5.0
AVAXUSDT,Buy,61,24.882,25.0611504,24.13554,Bullish,2025-09-07T23:22:09.151247+00:00,2025-09-08T04:52:09.151247+05:30,Inconclusive,300,,,5.04%,82.46429194825738,0.075810144214941,0.0481265031976428,0.0276836410172981,24.83437303361447,24.6138,24.393226966385534,1.1079618972570742,229.48803934719177,10.0,3.0,0.0,24.564187165495767,0.0480919671968103,24.729812500000005,0.0323281250000029,,41.79366014223572,,rising,770513.0,8.0,20.0,15.0,5.0,0.0,5.0,1.1079618972570742,82.46429194825738,229.48803934719177,0.0276836410172981,0.0480919671968103,24.729812500000005,,41.79366014223572,,3.0,0.0,rising,770513.0,5.040000000000029,,,"{""if_confidence_needed"": 65, ""missing_points"": 4, ""top_missing_components"": [{""component"": ""base_score"", ""gap"": 32.0}, {""component"": ""confluence_bonus"", ""gap"": 30.0}, {""component"": ""volume_score"", ""gap"": 5.0}]}",True,,0.0323281250000029,Buy,61,,53.0,61.0,signals_2025-09-08_04-53-01.csv,4,base_score:32.0,confluence_bonus:30.0,volume_score:5.0
XLMUSDT,Buy,59,0.36179,0.36439489,0.3509363,Bullish,2025-09-07T23:23:00.050452+00:00,2025-09-08T04:53:00.050452+05:30,Success,258,258.0,,5.04%,68.93352931759028,0.0007604636452825,0.0005551400285965,0.000205323616686,0.3622242929303156,0.3597945,0.3573647070696844,0.910631699331835,137.4261089301065,10.0,3.0,0.0,0.3594362303926525,0.000569613036316,0.36149078125,0.0003001562499999,,28.9872165981465,,rising,2298561.0,8.0,17.651077988550423,15.0,5.0,0.0,5.0,0.910631699331835,68.93352931759028,137.4261089301065,0.000205323616686,0.000569613036316,0.36149078125,,28.9872165981465,,3.0,0.0,rising,2298561.0,5.040000000000053,,,"{""if_confidence_needed"": 65, ""missing_points"": 6, ""top_missing_components"": [{""component"": ""base_score"", ""gap"": 32.0}, {""component"": ""confluence_bonus"", ""gap"": 30.0}, {""component"": ""volume_score"", ""gap"": 5.0}]}",True,,0.0003001562499999,Buy,59,,51.0,59.0,signals_2025-09-08_04-53-01.csv,6,base_score:32.0,confluence_bonus:30.0,volume_score:5.0
LTCUSDT,Sell,62,113.82,113.000496,117.2346,Bearish,2025-09-08T02:04:03.791196+00:00,2025-09-08T07:34:03.791196+05:30,Success,118,118.0,,5.04%,29.670685994719165,-0.2083297344219232,-0.1637661266539243,-0.0445636077679988,114.88636729785084,114.2695,113.65263270214916,0.1356590780820685,-106.86818698589369,-10.0,0.0,3.0,114.38373706794223,0.2165695463988093,113.83171875,-0.0568750000000051,,-30.5568110844522,,falling,-19103.364,8.0,8.93849021811431,15.0,5.0,12.0,5.0,0.1356590780820685,29.670685994719165,-106.86818698589369,-0.0445636077679988,0.2165695463988093,113.83171875,,-30.5568110844522,,0.0,3.0,falling,-19103.364,5.039999999999969,RSI<=30 & CVD_falling,1.0,"{""if_confidence_needed"": 65, ""missing_points"": 3, ""top_missing_components"": [{""component"": ""base_score"", ""gap"": 32.0}, {""component"": ""confluence_bonus"", ""gap"": 18.0}, {""component"": ""momentum_score"", ""gap"": 11.06}]}",True,,-0.0568750000000051,Sell,62,,54.0,62.0,signals_2025-09-08_07-34-41.csv,3,base_score:32.0,confluence_bonus:18.0,momentum_score:11.06
HYPEUSDT,Buy,58,48.807,49.1584104,47.34279,Bullish,2025-09-08T03:32:03.439000+00:00,2025-09-08T09:02:03.439000+05:30,Success,115,115.0,,5.04%,84.18155867975275,0.3487831522998732,0.2963338366273653,0.0524493156725078,49.0969201108336,48.12465,47.1523798891664,0.850905572637103,105.66058644039676,10.0,3.0,0.0,47.79582920501928,0.167001583609745,48.900953125,0.0632343749999932,,62.96499546664916,,rising,394240.4700000001,8.0,16.537554728114177,15.0,5.0,0.0,5.0,0.850905572637103,84.18155867975275,105.66058644039676,0.0524493156725078,0.167001583609745,48.900953125,,62.96499546664916,,3.0,0.0,rising,394240.4700000001,5.039999999999984,,,"{""if_confidence_needed"": 65, ""missing_points"": 7, ""top_missing_components"": [{""component"": ""base_score"", ""gap"": 32.0}, {""component"": ""confluence_bonus"", ""gap"": 30.0}, {""component"": ""volume_score"", ""gap"": 5.0}]}",True,,0.0632343749999932,Buy,58,,50.0,58.0,signals_2025-09-08_09-02-37.csv,7,base_score:32.0,confluence_bonus:30.0,volume_score:5.0
LTCUSDT,Buy,59,115.14,115.969008,111.6858,Bullish,2025-09-08T03:32:06.996279+00:00,2025-09-08T09:02:06.996279+05:30,Inconclusive,300,,,5.04%,68.72682780668276,0.2128221083609389,0.1353405121410969,0.077481596219842,115.47606641730393,114.4945,113.51293358269606,0.8288111678540371,94.37554803958446,10.0,3.0,0.0,114.5206847490948,0.2302143871430357,115.29796875,0.0393749999999926,,27.733027840433067,,falling,-4675.587000000001,4.0,17.07750693756962,15.0,10.0,0.0,5.0,0.8288111678540371,68.72682780668276,94.37554803958446,0.077481596219842,0.2302143871430357,115.29796875,,27.733027840433067,,3.0,0.0,falling,-4675.587000000001,5.040000000000012,,,"{""if_confidence_needed"": 65, ""missing_points"": 6, ""top_missing_components"": [{""component"": ""base_score"", ""gap"": 36.0}, {""component"": ""confluence_bonus"", ""gap"": 30.0}, {""component"": ""momentum_score"", ""gap"": 2.92}]}",True,,0.0393749999999926,Buy,59,,51.0,59.0,signals_2025-09-08_09-02-37.csv,6,base_score:36.0,confluence_bonus:30.0,momentum_score:2.92
LINEAUSDT,Buy,59,0.03039,0.03060881,0.0294783,Bullish,2025-09-08T03:32:24.708219+00:00,2025-09-08T09:02:24.708219+05:30,Fail,39,,39.0,5.04%,68.64014634130095,0.0001705890991865,7.16269950095916e-05,9.89621041769585e-05,0.0303291051007146,0.0296469999999999,0.0289648948992853,1.0446374753843195,198.4936346064125,10.0,3.0,0.0,0.0296760754109686,0.0002506712250277,0.0299984375,7.484374999999766e-05,,18.66827306127485,,rising,83228740.0,8.0,18.47492277976305,15.0,5.0,0.0,5.0,1.0446374753843195,68.64014634130095,198.4936346064125,9.89621041769585e-05,0.0002506712250277,0.0299984375,,18.66827306127485,,3.0,0.0,rising,83228740.0,5.0400000000000205,,,"{""if_confidence_needed"": 65, ""missing_points"": 6, ""top_missing_components"": [{""component"": ""base_score"", ""gap"": 32.0}, {""component"": ""confluence_bonus"", ""gap"": 30.0}, {""component"": ""volume_score"", ""gap"": 5.0}]}",True,,7.484374999999766e-05,Buy,59,,51.0,59.0,signals_2025-09-08_09-02-37.csv,6,base_score:32.0,confluence_bonus:30.0,volume_score:5.0
CRVUSDT,Buy,58,0.778,0.7836016,0.75466,Bullish,2025-09-08T03:32:28.245418+00:00,2025-09-08T09:02:28.245418+05:30,Inconclusive,300,,,5.04%,76.21336576163431,0.0033681402036306,0.0022613527582333,0.0011067874453972,0.7812142923680877,0.7683000000000001,0.7553857076319125,0.8755529038497499,115.98587997982864,10.0,3.0,0.0,0.7676235917560736,0.003130980698345,0.7781718750000001,0.0008906249999999,,38.28323837118344,,rising,4605418.8,8.0,17.48389091110482,15.0,5.0,0.0,5.0,0.8755529038497499,76.21336576163431,115.98587997982864,0.0011067874453972,0.003130980698345,0.7781718750000001,,38.28323837118344,,3.0,0.0,rising,4605418.8,5.039999999999986,,,"{""if_confidence_needed"": 65, ""missing_points"": 7, ""top_missing_components"": [{""component"": ""base_score"", ""gap"": 32.0}, {""component"": ""confluence_bonus"", ""gap"": 30.0}, {""component"": ""volume_score"", ""gap"": 5.0}]}",True,,0.0008906249999999,Buy,58,,50.0,58.0,signals_2025-09-08_09-02-37.csv,7,base_score:32.0,confluence_bonus:30.0,volume_score:5.0
PUMPUSDT,Strong Sell,69,0.004757,0.00472275,0.00489971,Bearish,2025-09-08T04:58:30.948988+00:00,2025-09-08T10:28:30.948988+05:30,Success,16,16.0,,5.04%,28.8148478869562,-2.445338808658524e-05,-1.6681807440962356e-05,-7.771580645622882e-06,0.0048970480790324,0.00482595,0.0047548519209675,0.0151064491595138,-147.36573263280962,-10.0,0.0,3.0,0.0048432871086275,2.793020399690989e-05,0.004776640625,-1.412499999999938e-05,,-26.449625163994263,,falling,-1015909245.0,8.0,15.67800118880567,15.0,5.0,12.0,5.0,0.0151064491595138,28.8148478869562,-147.36573263280962,-7.771580645622882e-06,2.793020399690989e-05,0.004776640625,,-26.449625163994263,,0.0,3.0,falling,-1015909245.0,5.039999999999955,RSI<=30 & CVD_falling,1.0,"{""if_confidence_needed"": 65, ""missing_points"": 0, ""top_missing_components"": []}",True,,-1.412499999999938e-05,Sell,69,,61.0,69.0,signals_2025-09-08_10-29-24_STRONG.csv,0,,,
PYTHUSDT,Sell,61,0.1631,0.16192568,0.167993,Bearish,2025-09-08T04:58:47.020246+00:00,2025-09-08T10:28:47.020246+05:30,Success,70,70.0,,5.04%,25.44779591991372,-0.0007617689757486,-0.0005103232567191,-0.0002514457190294,0.1677394850129387,0.1650634999999999,0.1623875149870612,0.1331257479944415,-114.64389034302172,-10.0,3.0,0.0,0.1651985716064573,0.0007031688358073,0.16303578125,-0.0002349999999999,,-36.06543789757377,,falling,-16869041.0,8.0,12.582145495368238,15.0,0.0,12.0,5.0,0.1331257479944415,25.44779591991372,-114.64389034302172,-0.0002514457190294,0.0007031688358073,0.16303578125,,-36.06543789757377,,3.0,0.0,falling,-16869041.0,5.040000000000028,RSI<=30 & CVD_falling,1.0,"{""if_confidence_needed"": 65, ""missing_points"": 4, ""top_missing_components"": [{""component"": ""base_score"", ""gap"": 32.0}, {""component"": ""confluence_bonus"", ""gap"": 18.0}, {""component"": ""volume_score"", ""gap"": 10.0}]}",True,,-0.0002349999999999,Sell,61,,53.0,61.0,signals_2025-09-08_10-29-24_STRONG.csv,4,base_score:32.0,confluence_bonus:18.0,volume_score:10.0
DOLOUSDT,Strong Sell,66,0.18822,0.18686482,0.1938666,Bearish,2025-09-08T04:58:57.358367+00:00,2025-09-08T10:28:57.358367+05:30,Success,4,4.0,,5.04%,29.640826959657478,-0.001427499694678,-0.0009478614530215,-0.0004796382416564,0.1974789857282823,0.192222,0.1869650142717176,0.1193636232956266,-129.3556706948417,-10.0,0.0,3.0,0.1926544899993898,0.0013063550787949,0.18871546875,-0.0003634375,,-30.1463809937348,,falling,-9005951.0,8.0,12.811783248375958,15.0,5.0,12.0,5.0,0.1193636232956266,29.640826959657478,-129.3556706948417,-0.0004796382416564,0.0013063550787949,0.18871546875,,-30.1463809937348,,0.0,3.0,falling,-9005951.0,5.040000000000035,RSI<=30 & CVD_falling,1.0,"{""if_confidence_needed"": 65, ""missing_points"": 0, ""top_missing_components"": []}",True,,-0.0003634375,Sell,66,,58.0,66.0,signals_2025-09-08_10-29-24_STRONG.csv,0,,,
ASRUSDT,Strong Sell,67,2.496,2.4780288,2.57088,Bearish,2025-09-08T04:59:21.314803+00:00,2025-09-08T10:29:21.314803+05:30,Success,77,77.0,,5.04%,26.86228025896192,-0.0142652857303904,-0.0097178497406579,-0.0045474359897324,2.600779275992847,2.547,2.4932207240071533,0.0258396560899809,-170.89363328079557,-10.0,0.0,3.0,2.552743785885057,0.0200397298360557,2.51,-0.0012812499999994,,-27.66992871267825,,falling,-584051.2000000001,8.0,14.446104545641928,15.0,5.0,12.0,5.0,0.0258396560899809,26.86228025896192,-170.89363328079557,-0.0045474359897324,0.0200397298360557,2.51,,-27.66992871267825,,0.0,3.0,falling,-584051.2000000001,5.039999999999959,RSI<=30 & CVD_falling,1.0,"{""if_confidence_needed"": 65, ""missing_points"": 0, ""top_missing_components"": []}",True,,-0.0012812499999994,Sell,67,,59.0,67.0,signals_2025-09-08_10-29-24_STRONG.csv,0,,,
PUMPUSDT,Sell,63,0.004721,0.00468701,0.00486263,Bearish,2025-09-08T05:26:46.447456+00:00,2025-09-08T10:56:46.447456+05:30,Success,9,9.0,,5.04%,28.11666919151436,-3.480948117846189e-05,-2.822105571826021e-05,-6.588425460201679e-06,0.0048972429822216,0.00479225,0.0046872570177783,0.1606916077038642,-117.90231253638034,-10.0,0.0,3.0,0.0048194695750679,2.5921959894938964e-05,0.004717859375,-8.296875000000058e-06,,-38.84484536879596,,falling,-1361182405.0,8.0,10.099932709012188,15.0,5.0,12.0,5.0,0.1606916077038642,28.11666919151436,-117.90231253638034,-6.588425460201679e-06,2.5921959894938964e-05,0.004717859375,,-38.84484536879596,,0.0,3.0,falling,-1361182405.0,5.039999999999967,RSI<=30 & CVD_falling,1.0,"{""if_confidence_needed"": 65, ""missing_points"": 2, ""top_missing_components"": [{""component"": ""base_score"", ""gap"": 32.0}, {""component"": ""confluence_bonus"", ""gap"": 18.0}, {""component"": ""momentum_score"", ""gap"": 9.9}]}",True,,-8.296875000000058e-06,Sell,63,,55.0,63.0,signals_2025-09-08_10-57-26.csv,2,base_score:32.0,confluence_bonus:18.0,momentum_score:9.9
BCHUSDT,Strong Sell,69,593.25,588.9786,611.0475,Bearish,2025-09-08T06:39:57.999480+00:00,2025-09-08T12:09:57.999480+05:30,Success,53,53.0,,5.04%,25.447160131424862,-2.122824981639269,-1.5461825334356356,-0.5766424482036334,604.5817769950746,598.517,592.4522230049255,0.0657713379834426,-125.2955082742306,-5.0,0.0,3.0,600.2240636233875,1.867799207401006,595.00359375,-1.1401562500000182,,-43.69868796070124,,falling,-46676.599,8.0,16.409478867990522,15.0,5.0,12.0,5.0,0.0657713379834426,25.447160131424862,-125.2955082742306,-0.5766424482036334,1.867799207401006,595.00359375,,-43.69868796070124,,0.0,3.0,falling,-46676.599,5.039999999999967,RSI<=30 & CVD_falling,1.0,"{""if_confidence_needed"": 65, ""missing_points"": 0, ""top_missing_components"": []}",True,,-1.1401562500000182,Sell,69,,61.0,69.0,signals_2025-09-08_12-10-26_STRONG.csv,0,,,
AVAXUSDT,Buy,58,24.827,25.0057544,24.08219,Bullish,2025-09-08T06:59:03.530986+00:00,2025-09-08T12:29:03.530986+05:30,Success,7,7.0,,5.04%,59.78656725763364,0.0064194972186122,-0.012056135543165,0.0184756327617773,24.83683998287936,24.72325,24.60966001712064,0.9566863968550368,151.63599182004714,10.0,3.0,0.0,24.753306097405723,0.054972924582806,24.76753125,0.0322343750000015,,2.5755859081222767,,rising,52425.0,8.0,17.066065061078145,15.0,5.0,0.0,5.0,0.9566863968550368,59.78656725763364,151.63599182004714,0.0184756327617773,0.054972924582806,24.76753125,,2.5755859081222767,,3.0,0.0,rising,52425.0,5.039999999999971,,,"{""if_confidence_needed"": 65, ""missing_points"": 7, ""top_missing_components"": [{""component"": ""base_score"", ""gap"": 32.0}, {""component"": ""confluence_bonus"", ""gap"": 30.0}, {""component"": ""volume_score"", ""gap"": 5.0}]}",True,,0.0322343750000015,Buy,58,,50.0,58.0,signals_2025-09-08_12-29-56.csv,7,base_score:32.0,confluence_bonus:30.0,volume_score:5.0
BTCUSDT,Buy,60,111450.0,112252.44,108106.5,Bullish,2025-09-08T07:26:57.692197+00:00,2025-09-08T12:56:57.692197+05:30,Inconclusive,300,,,5.04%,75.13155877676282,93.06271768597072,54.80964426160737,38.25307342436334,111401.10319426269,111095.88,110790.65680573734,1.0801000819342197,220.54589985448328,10.0,3.0,0.0,111063.44245771508,88.99231084179485,111239.2,29.63749999999709,,28.56614567482396,,rising,1988.933,8.0,19.31632680959163,15.0,5.0,0.0,5.0,1.0801000819342197,75.13155877676282,220.54589985448328,38.25307342436334,88.99231084179485,111239.2,,28.56614567482396,,3.0,0.0,rising,1988.933,5.040000000000014,,,"{""if_confidence_needed"": 65, ""missing_points"": 5, ""top_missing_components"": [{""component"": ""base_score"", ""gap"": 32.0}, {""component"": ""confluence_bonus"", ""gap"": 30.0}, {""component"": ""volume_score"", ""gap"": 5.0}]}",True,,29.63749999999709,Buy,60,,52.0,60.0,signals_2025-09-08_12-58-07.csv,5,base_score:32.0,confluence_bonus:30.0,volume_score:5.0
SOLUSDT,Buy,59,208.34,209.840048,202.0898,Bullish,2025-09-08T07:26:58.753434+00:00,2025-09-08T12:56:58.753434+05:30,Success,140,140.0,,5.04%,65.92204259697846,0.2023513729538422,0.0497690099636423,0.1525823629901998,208.31853813030125,207.3385,206.35846186969871,1.0109495074911814,207.8708375378505,10.0,3.0,0.0,207.3401174288236,0.4214758072067162,207.69796875,0.14453125,,13.091307166994664,,rising,303463.86,8.0,17.68846241978665,15.0,5.0,0.0,5.0,1.0109495074911814,65.92204259697846,207.8708375378505,0.1525823629901998,0.4214758072067162,207.69796875,,13.091307166994664,,3.0,0.0,rising,303463.86,5.039999999999975,,,"{""if_confidence_needed"": 65, ""missing_points"": 6, ""top_missing_components"": [{""component"": ""base_score"", ""gap"": 32.0}, {""component"": ""confluence_bonus"", ""gap"": 30.0}, {""component"": ""volume_score"", ""gap"": 5.0}]}",True,,0.14453125,Buy,59,,51.0,59.0,signals_2025-09-08_12-58-07.csv,6,base_score:32.0,confluence_bonus:30.0,volume_score:5.0
XRPUSDT,Buy,59,2.897,2.9178584,2.81009,Bullish,2025-09-08T07:27:04.832676+00:00,2025-09-08T12:57:04.832676+05:30,Success,73,73.0,,5.04%,66.45013647968813,0.001426697239319,-0.0004567303900584,0.0018834276293775,2.8958474437907853,2.8828000000000005,2.869752556209216,1.0441678932554028,160.97899592458174,10.0,3.0,0.0,2.8831426070383825,0.0051335573335935,2.88104375,0.0027875000000001,,6.606161544863346,,rising,741967.2000000007,8.0,17.805251440217255,15.0,5.0,0.0,5.0,1.0441678932554028,66.45013647968813,160.97899592458174,0.0018834276293775,0.0051335573335935,2.88104375,,6.606161544863346,,3.0,0.0,rising,741967.2000000007,5.03999999999996,,,"{""if_confidence_needed"": 65, ""missing_points"": 6, ""top_missing_components"": [{""component"": ""base_score"", ""gap"": 32.0}, {""component"": ""confluence_bonus"", ""gap"": 30.0}, {""component"": ""volume_score"", ""gap"": 5.0}]}",True,,0.0027875000000001,Buy,59,,51.0,59.0,signals_2025-09-08_12-58-07.csv,6,base_score:32.0,confluence_bonus:30.0,volume_score:5.0
AVAXUSDT,Buy,61,25.012,25.1920864,24.26164,Bullish,2025-09-08T07:27:20.204144+00:00,2025-09-08T12:57:20.204144+05:30,Success,108,108.0,,5.04%,73.83502602681551,0.065387768622795,0.0347470793914703,0.0306406892313246,25.066923862902517,24.80525,24.54357613709749,0.895052829707003,133.14770282242745,10.0,3.0,0.0,24.80245175633353,0.0560485582831929,24.99357812500001,0.0374687500000057,,29.97425911769949,,rising,738151.0,8.0,20.0,15.0,5.0,0.0,5.0,0.895052829707003,73.83502602681551,133.14770282242745,0.0306406892313246,0.0560485582831929,24.99357812500001,,29.97425911769949,,3.0,0.0,rising,738151.0,5.040000000000012,,,"{""if_confidence_needed"": 65, ""missing_points"": 4, ""top_missing_components"": [{""component"": ""base_score"", ""gap"": 32.0}, {""component"": ""confluence_bonus"", ""gap"": 30.0}, {""component"": ""volume_score"", ""gap"": 5.0}]}",True,,0.0374687500000057,Buy,61,,53.0,61.0,signals_2025-09-08_12-58-07.csv,4,base_score:32.0,confluence_bonus:30.0,volume_score:5.0
FARTCOINUSDT,Buy,61,0.7719,0.77745768,0.748743,Bullish,2025-09-08T07:27:28.376001+00:00,2025-09-08T12:57:28.376001+05:30,Success,63,63.0,,5.04%,69.63694813956471,0.0020879429213114,0.001139409030347,0.0009485338909643,0.7720611107311611,0.7642800000000001,0.756498889268839,0.9896473179262252,190.19329286667627,10.0,3.0,0.0,0.7633203386432047,0.0036187213515953,0.76834375,0.0010140625,,21.035239610391955,,falling,-858013.9000000018,8.0,15.290844519738709,15.0,10.0,0.0,5.0,0.9896473179262252,69.63694813956471,190.19329286667627,0.0009485338909643,0.0036187213515953,0.76834375,,21.035239610391955,,3.0,0.0,falling,-858013.9000000018,5.040000000000008,,,"{""if_confidence_needed"": 65, ""missing_points"": 4, ""top_missing_components"": [{""component"": ""base_score"", ""gap"": 32.0}, {""component"": ""confluence_bonus"", ""gap"": 30.0}, {""component"": ""momentum_score"", ""gap"": 4.71}]}",True,,0.0010140625,Buy,61,,53.0,61.0,signals_2025-09-08_12-58-07.csv,4,base_score:32.0,confluence_bonus:30.0,momentum_score:4.71
PENGUUSDT,Buy,61,0.031431,0.0316573,0.03048807,Bullish,2025-09-08T07:27:29.444231+00:00,2025-09-08T12:57:29.444231+05:30,Success,55,55.0,,5.04%,78.0243246631558,0.0001528622538384,7.885272384037666e-05,7.400952999802517e-05,0.0312501801726076,0.0307423499999999,0.0302345198273923,1.1780317881309916,264.5353551735316,10.0,3.0,0.0,0.0306685191175506,0.0001686043232405,0.0309649375,6.593750000000176e-05,,28.26814616202153,,rising,387348751.0,8.0,19.534894276810817,15.0,5.0,0.0,5.0,1.1780317881309916,78.0243246631558,264.5353551735316,7.400952999802517e-05,0.0001686043232405,0.0309649375,,28.26814616202153,,3.0,0.0,rising,387348751.0,5.039999999999996,,,"{""if_confidence_needed"": 65, ""missing_points"": 4, ""top_missing_components"": [{""component"": ""base_score"", ""gap"": 32.0}, {""component"": ""confluence_bonus"", ""gap"": 30.0}, {""component"": ""volume_score"", ""gap"": 5.0}]}",True,,6.593750000000176e-05,Buy,61,,53.0,61.0,signals_2025-09-08_12-58-07.csv,4,base_score:32.0,confluence_bonus:30.0,volume_score:5.0
BCHUSDT,Buy,61,591.32,595.577504,573.5804,Bullish,2025-09-08T07:27:31.465147+00:00,2025-09-08T12:57:31.465147+05:30,Success,115,115.0,,5.04%,27.965563682228836,-2.3898759829394294,-2.348519280006112,-0.0413567029333172,600.8731484438565,594.1674999999999,587.4618515561433,0.28767899750183,-70.94427895246686,10.0,0.0,3.0,597.4183845456582,1.6018119640209465,590.28578125,0.0706249999999499,,-48.98087812144477,,falling,-39596.734,18.0,5.0,8.0,5.0,12.0,5.0,0.28767899750183,27.965563682228836,-70.94427895246686,-0.0413567029333172,1.6018119640209465,590.28578125,,-48.98087812144477,,0.0,3.0,falling,-39596.734,5.040000000000046,RSI<=30 & CVD_falling,1.0,"{""if_confidence_needed"": 65, ""missing_points"": 4, ""top_missing_components"": [{""component"": ""base_score"", ""gap"": 22.0}, {""component"": ""confluence_bonus"", ""gap"": 18.0}, {""component"": ""momentum_score"", ""gap"": 15.0}]}",True,,0.0706249999999499,Buy,61,,53.0,61.0,signals_2025-09-08_12-58-07.csv,4,base_score:22.0,confluence_bonus:18.0,momentum_score:15.0
WIFUSDT,Buy,59,0.8382,0.84423504,0.813054,Bullish,2025-09-08T07:27:34.520990+00:00,2025-09-08T12:57:34.520990+05:30,Success,67,67.0,,5.04%,56.16726289249793,0.0001640524347664,-0.0002748646818021,0.0004389171165686,0.8389874667819838,0.83517,0.8313525332180162,0.8968600348141593,167.46666666666377,10.0,3.0,0.0,0.8357728988032231,0.0026966340419809,0.8365015624999999,0.0003593749999999,,1.3720695085560592,,falling,-1491959.7000000004,8.0,12.906355342866306,15.0,10.0,0.0,5.0,0.8968600348141593,56.16726289249793,167.46666666666377,0.0004389171165686,0.0026966340419809,0.8365015624999999,,1.3720695085560592,,3.0,0.0,falling,-1491959.7000000004,5.039999999999993,,,"{""if_confidence_needed"": 65, ""missing_points"": 6, ""top_missing_components"": [{""component"": ""base_score"", ""gap"": 32.0}, {""component"": ""confluence_bonus"", ""gap"": 30.0}, {""component"": ""momentum_score"", ""gap"": 7.09}]}",True,,0.0003593749999999,Buy,59,,51.0,59.0,signals_2025-09-08_12-58-07.csv,6,base_score:32.0,confluence_bonus:30.0,momentum_score:7.09
EIGENUSDT,Buy,59,1.4257,1.43596504,1.382929,Bullish,2025-09-08T08:37:18.220600+00:00,2025-09-08T14:07:18.220600+05:30,Success,37,37.0,,5.04%,59.8322023672839,0.001399140337938,-0.0008795381300256,0.0022786784679637,1.4289514034431112,1.41395,1.3989485965568889,0.8916300246359837,146.79996079584774,10.0,3.0,0.0,1.41801213129853,0.00625164072109,1.4195046875,0.0044531249999999,,5.678654921807526,,falling,-1211655.4,8.0,12.747828877407793,15.0,10.0,0.0,5.0,0.8916300246359837,59.8322023672839,146.79996079584774,0.0022786784679637,0.00625164072109,1.4195046875,,5.678654921807526,,3.0,0.0,falling,-1211655.4,5.039999999999974,,,"{""if_confidence_needed"": 65, ""missing_points"": 6, ""top_missing_components"": [{""component"": ""base_score"", ""gap"": 32.0}, {""component"": ""confluence_bonus"", ""gap"": 30.0}, {""component"": ""momentum_score"", ""gap"": 7.25}]}",True,,0.0044531249999999,Buy,59,,51.0,59.0,signals_2025-09-08_14-07-18.csv,6,base_score:32.0,confluence_bonus:30.0,momentum_score:7.25
ASRUSDT,Buy,59,2.568,2.5864896,2.49096,Bullish,2025-09-08T08:59:39.362470+00:00,2025-09-08T14:29:39.362470+05:30,Fail,73,,73.0,5.04%,67.8645654680042,0.0132182293761062,0.0040890238011409,0.0091292055749653,2.5586217104351703,2.49925,2.4398782895648297,1.0789794457334203,323.7726098191212,10.0,3.0,0.0,2.50681755283648,0.0233419934995133,2.51425,0.0064062499999999,,19.75693761857328,,falling,-13814.000000000058,8.0,13.386556199826554,15.0,10.0,0.0,5.0,1.0789794457334203,67.8645654680042,323.7726098191212,0.0091292055749653,0.0233419934995133,2.51425,,19.75693761857328,,3.0,0.0,falling,-13814.000000000058,5.040000000000029,,,"{""if_confidence_needed"": 65, ""missing_points"": 6, ""top_missing_components"": [{""component"": ""base_score"", ""gap"": 32.0}, {""component"": ""confluence_bonus"", ""gap"": 30.0}, {""component"": ""momentum_score"", ""gap"": 6.61}]}",True,,0.0064062499999999,Buy,59,,51.0,59.0,signals_2025-09-08_14-29-46.csv,6,base_score:32.0,confluence_bonus:30.0,momentum_score:6.61
EIGENUSDT,Buy,58,1.4312,1.44150464,1.388264,Bullish,2025-09-08T08:59:46.070553+00:00,2025-09-08T14:29:46.070553+05:30,Success,17,17.0,,5.04%,63.42768611703576,0.0033678190366586,0.0012884011137372,0.0020794179229214,1.436160042188973,1.416995,1.397829957811027,0.87059662744111,113.59529312880976,10.0,3.0,0.0,1.4195811083840404,0.0059924142799124,1.4323468750000004,0.0019406250000002,,14.324209231980184,,falling,-733641.8000000003,8.0,12.328200925194157,15.0,10.0,0.0,5.0,0.87059662744111,63.42768611703576,113.59529312880976,0.0020794179229214,0.0059924142799124,1.4323468750000004,,14.324209231980184,,3.0,0.0,falling,-733641.8000000003,5.0399999999999885,,,"{""if_confidence_needed"": 65, ""missing_points"": 7, ""top_missing_components"": [{""component"": ""base_score"", ""gap"": 32.0}, {""component"": ""confluence_bonus"", ""gap"": 30.0}, {""component"": ""momentum_score"", ""gap"": 7.67}]}",True,,0.0019406250000002,Buy,58,,50.0,58.0,signals_2025-09-08_14-29-46.csv,7,base_score:32.0,confluence_bonus:30.0,momentum_score:7.67
SOMIUSDT,Buy,59,1.7597,1.77236984,1.706909,Bullish,2025-09-08T10:57:57.811924+00:00,2025-09-08T16:27:57.811924+05:30,Success,3,3.0,,5.04%,66.87893103970853,0.0375125007341308,0.015691121087807,0.0218213796463237,1.7691834851306243,1.61264,1.456096514869376,0.9697097419202372,141.88996345839843,10.0,3.0,0.0,1.6102089646101785,0.0570530549055232,1.6790328125,0.0378984374999999,,27.83061554447076,,falling,-6392791.0,8.0,13.179405246204794,15.0,10.0,0.0,5.0,0.9697097419202372,66.87893103970853,141.88996345839843,0.0218213796463237,0.0570530549055232,1.6790328125,,27.83061554447076,,3.0,0.0,falling,-6392791.0,5.040000000000017,,,"{""if_confidence_needed"": 65, ""missing_points"": 6, ""top_missing_components"": [{""component"": ""base_score"", ""gap"": 32.0}, {""component"": ""confluence_bonus"", ""gap"": 30.0}, {""component"": ""momentum_score"", ""gap"": 6.82}]}",True,,0.0378984374999999,Buy,59,,51.0,59.0,signals_2025-09-08_16-28-53.csv,6,base_score:32.0,confluence_bonus:30.0,momentum_score:6.82
DOGEUSDT,Buy,60,0.23869,0.24040857,0.2315293,Bullish,2025-09-08T13:34:21.991526+00:00,2025-09-08T19:04:21.991526+05:30,Inconclusive,300,,,5.04%,69.91286630183032,0.0013509369356997,0.0009638977901181,0.0003870391455816,0.2398844982130525,0.235426,0.2309675017869474,0.8660425376469209,110.27127289589586,10.0,3.0,0.0,0.2346551936828866,0.0009728393199806,0.23868390625,0.000558125,,39.70446587131066,,rising,356792718.0,8.0,18.54827719560487,15.0,5.0,0.0,5.0,0.8660425376469209,69.91286630183032,110.27127289589586,0.0003870391455816,0.0009728393199806,0.23868390625,,39.70446587131066,,3.0,0.0,rising,356792718.0,5.040000000000011,,,"{""if_confidence_needed"": 65, ""missing_points"": 5, ""top_missing_components"": [{""component"": ""base_score"", ""gap"": 32.0}, {""component"": ""confluence_bonus"", ""gap"": 30.0}, {""component"": ""volume_score"", ""gap"": 5.0}]}",True,,0.000558125,Buy,60,,52.0,60.0,signals_2025-09-08_19-05-40.csv,5,base_score:32.0,confluence_bonus:30.0,volume_score:5.0
HYPEUSDT,Buy,59,51.932,52.3059104,50.37404,Bullish,2025-09-08T13:34:43.844951+00:00,2025-09-08T19:04:43.844951+05:30,Inconclusive,300,,,5.04%,77.41359883741771,0.2733576364789911,0.1765535300809805,0.0968041063980106,51.86889990606545,51.02075,50.17260009393455,1.0371986682326424,146.8296770191515,10.0,3.0,0.0,50.8275714888609,0.2712706147013621,51.554,0.1224687499999959,,36.74923821152166,,rising,463490.3300000001,8.0,17.56450506484066,15.0,5.0,0.0,5.0,1.0371986682326424,77.41359883741771,146.8296770191515,0.0968041063980106,0.2712706147013621,51.554,,36.74923821152166,,3.0,0.0,rising,463490.3300000001,5.039999999999996,,,"{""if_confidence_needed"": 65, ""missing_points"": 6, ""top_missing_components"": [{""component"": ""base_score"", ""gap"": 32.0}, {""component"": ""confluence_bonus"", ""gap"": 30.0}, {""component"": ""volume_score"", ""gap"": 5.0}]}",True,,0.1224687499999959,Buy,59,,51.0,59.0,signals_2025-09-08_19-05-40.csv,6,base_score:32.0,confluence_bonus:30.0,volume_score:5.0
PENGUUSDT,Buy,58,0.033165,0.03340379,0.03217005,Bullish,2025-09-08T13:34:46.986754+00:00,2025-09-08T19:04:46.986754+05:30,Success,73,73.0,,5.04%,64.15675524274796,0.000169391423751,0.0001052231294607,6.416829429028367e-05,0.0333420404645554,0.0326879,0.0320337595354445,0.8646770272224719,121.22546416807997,10.0,3.0,0.0,0.0325514253064804,0.0002040302059242,0.03316225,8.771875000000706e-05,,22.05576835888268,,rising,265752226.0,8.0,16.54809345993971,15.0,5.0,0.0,5.0,0.8646770272224719,64.15675524274796,121.22546416807997,6.416829429028367e-05,0.0002040302059242,0.03316225,,22.05576835888268,,3.0,0.0,rising,265752226.0,5.039999999999931,,,"{""if_confidence_needed"": 65, ""missing_points"": 7, ""top_missing_components"": [{""component"": ""base_score"", ""gap"": 32.0}, {""component"": ""confluence_bonus"", ""gap"": 30.0}, {""component"": ""volume_score"", ""gap"": 5.0}]}",True,,8.771875000000706e-05,Buy,58,,50.0,58.0,signals_2025-09-08_19-05-40.csv,7,base_score:32.0,confluence_bonus:30.0,volume_score:5.0
WLDUSDT,Buy,60,1.4072,1.41733184,1.364984,Bullish,2025-09-08T14:29:17.604920+00:00,2025-09-08T19:59:17.604920+05:30,Success,1,1.0,,5.04%,82.45664355562906,0.0375527534305388,0.0271062615659298,0.010446491864609,1.4080305216923654,1.309105,1.2101794783076345,0.9958022880336778,156.57825779843688,10.0,3.0,0.0,1.2824474735318634,0.0255407681346382,1.372734375,0.0160812499999998,,49.94409126334601,,rising,111894747.0,8.0,18.81629853217287,15.0,5.0,0.0,5.0,0.9958022880336778,82.45664355562906,156.57825779843688,0.010446491864609,0.0255407681346382,1.372734375,,49.94409126334601,,3.0,0.0,rising,111894747.0,5.039999999999947,,,"{""if_confidence_needed"": 65, ""missing_points"": 5, ""top_missing_components"": [{""component"": ""base_score"", ""gap"": 32.0}, {""component"": ""confluence_bonus"", ""gap"": 30.0}, {""component"": ""volume_score"", ""gap"": 5.0}]}",True,,0.0160812499999998,Buy,60,,52.0,60.0,signals_2025-09-08_20-00-14.csv,5,base_score:32.0,confluence_bonus:30.0,volume_score:5.0
XNYUSDT,Buy,60,0.015893,0.01600743,0.01541621,Bullish,2025-09-08T14:29:33.879750+00:00,2025-09-08T19:59:33.879750+05:30,Fail,1,,1.0,5.04%,71.62253890644762,0.0006122186370664,0.00044304178256,0.0001691768545064,0.0151931816900252,0.0136452999999999,0.0120974183099747,1.2260567827904765,298.0813701577842,10.0,3.0,0.0,0.0127415862971087,0.0007881660758203,0.01389959375,0.0002710781249999,,22.88525723531399,,falling,-410158599.0,8.0,14.151508841495971,15.0,10.0,0.0,5.0,1.2260567827904765,71.62253890644762,298.0813701577842,0.0001691768545064,0.0007881660758203,0.01389959375,,22.88525723531399,,3.0,0.0,falling,-410158599.0,5.0400000000000125,,,"{""if_confidence_needed"": 65, ""missing_points"": 5, ""top_missing_components"": [{""component"": ""base_score"", ""gap"": 32.0}, {""component"": ""confluence_bonus"", ""gap"": 30.0}, {""component"": ""momentum_score"", ""gap"": 5.85}]}",True,,0.0002710781249999,Buy,60,,52.0,60.0,signals_2025-09-08_20-00-14.csv,5,base_score:32.0,confluence_bonus:30.0,momentum_score:5.85
LINEAUSDT,Buy,58,0.02911,0.02931959,0.0282367,Bullish,2025-09-08T14:29:47.181296+00:00,2025-09-08T19:59:47.181296+05:30,Success,1,1.0,,5.04%,64.54314547066426,0.0004194386516076,0.0002185091403509,0.0002009295112566,0.0292283615116718,0.027756,0.0262836384883281,0.9598055536179352,238.72679045092843,10.0,3.0,0.0,0.027692931738284,0.0006203944563493,0.02822484375,0.00025765625,,25.660520141361985,,falling,-211711197.0,8.0,11.77297124564286,15.0,10.0,0.0,5.0,0.9598055536179352,64.54314547066426,238.72679045092843,0.0002009295112566,0.0006203944563493,0.02822484375,,25.660520141361985,,3.0,0.0,falling,-211711197.0,5.040000000000036,,,"{""if_confidence_needed"": 65, ""missing_points"": 7, ""top_missing_components"": [{""component"": ""base_score"", ""gap"": 32.0}, {""component"": ""confluence_bonus"", ""gap"": 30.0}, {""component"": ""momentum_score"", ""gap"": 8.23}]}",True,,0.00025765625,Buy,58,,50.0,58.0,signals_2025-09-08_20-00-14.csv,7,base_score:32.0,confluence_bonus:30.0,momentum_score:8.23
BTCUSDT,Buy,60,112590.0,113400.648,109212.3,Bullish,2025-09-08T14:57:56.621652+00:00,2025-09-08T20:27:56.621652+05:30,Inconclusive,300,,,5.04%,63.10663004132346,130.88697229469835,90.65487593877027,40.232096355928064,112697.81888789548,112224.57,111751.3211121045,0.8860864857232452,110.57851469755136,10.0,3.0,0.0,112101.61860064356,187.8970395097904,112496.26093750002,90.23125000001164,,18.920502172261823,,falling,-3396.2529999999992,8.0,14.13882664176815,15.0,10.0,0.0,5.0,0.8860864857232452,63.10663004132346,110.57851469755136,40.232096355928064,187.8970395097904,112496.26093750002,,18.920502172261823,,3.0,0.0,falling,-3396.2529999999992,5.040000000000006,,,"{""if_confidence_needed"": 65, ""missing_points"": 5, ""top_missing_components"": [{""component"": ""base_score"", ""gap"": 32.0}, {""component"": ""confluence_bonus"", ""gap"": 30.0}, {""component"": ""momentum_score"", ""gap"": 5.86}]}",True,,90.23125000001164,Buy,60,,52.0,60.0,signals_2025-09-08_20-29-15.csv,5,base_score:32.0,confluence_bonus:30.0,momentum_score:5.86
WLDUSDT,Buy,58,1.4713,1.48189336,1.427161,Bullish,2025-09-08T14:58:05.825249+00:00,2025-09-08T20:28:05.825249+05:30,Success,1,1.0,,5.04%,81.66942021259098,0.054495499665548,0.0452698609512862,0.0092256387142617,1.5158167915282177,1.368015,1.2202132084717825,0.8494037485340002,108.01539647524208,10.0,3.0,0.0,1.320665633232328,0.0285289891902797,1.48358125,0.0121890625000002,,60.46435978056513,,rising,105135467.0,8.0,16.76106463728905,15.0,5.0,0.0,5.0,0.8494037485340002,81.66942021259098,108.01539647524208,0.0092256387142617,0.0285289891902797,1.48358125,,60.46435978056513,,3.0,0.0,rising,105135467.0,5.040000000000051,,,"{""if_confidence_needed"": 65, ""missing_points"": 7, ""top_missing_components"": [{""component"": ""base_score"", ""gap"": 32.0}, {""component"": ""confluence_bonus"", ""gap"": 30.0}, {""component"": ""volume_score"", ""gap"": 5.0}]}",True,,0.0121890625000002,Buy,58,,50.0,58.0,signals_2025-09-08_20-29-15.csv,7,base_score:32.0,confluence_bonus:30.0,volume_score:5.0
AVAXUSDT,Buy,59,25.4,25.58288,24.638,Bullish,2025-09-08T14:58:20.723482+00:00,2025-09-08T20:28:20.723482+05:30,Success,6,6.0,,5.04%,59.35744425234478,0.0345533384335006,0.021213642288474,0.0133396961450265,25.442276994155428,25.27365,25.10502300584457,0.8746434567989112,108.9273071097628,10.0,3.0,0.0,25.24384173261275,0.0757632528488073,25.359296875,0.0248593749999983,,9.520895476887535,,falling,-151132.0,8.0,13.22569907497942,15.0,10.0,0.0,5.0,0.8746434567989112,59.35744425234478,108.9273071097628,0.0133396961450265,0.0757632528488073,25.359296875,,9.520895476887535,,3.0,0.0,falling,-151132.0,5.040000000000023,,,"{""if_confidence_needed"": 65, ""missing_points"": 6, ""top_missing_components"": [{""component"": ""base_score"", ""gap"": 32.0}, {""component"": ""confluence_bonus"", ""gap"": 30.0}, {""component"": ""momentum_score"", ""gap"": 6.77}]}",True,,0.0248593749999983,Buy,59,,51.0,59.0,signals_2025-09-08_20-29-15.csv,6,base_score:32.0,confluence_bonus:30.0,momentum_score:6.77
WIFUSDT,Buy,58,0.8566,0.86276752,0.830902,Bullish,2025-09-08T14:58:34.044080+00:00,2025-09-08T20:28:34.044080+05:30,Success,4,4.0,,5.04%,62.51737154536527,0.00232887819473,0.0017657124755673,0.0005631657191626,0.8593100305878768,0.850255,0.8411999694121232,0.8503577342132308,102.03848102921263,10.0,3.0,0.0,0.8483599613875691,0.0038694796005491,0.857021875,0.001034375,,17.489900938335353,,falling,-4469295.699999999,8.0,12.492970284165963,15.0,10.0,0.0,5.0,0.8503577342132308,62.51737154536527,102.03848102921263,0.0005631657191626,0.0038694796005491,0.857021875,,17.489900938335353,,3.0,0.0,falling,-4469295.699999999,5.039999999999986,,,"{""if_confidence_needed"": 65, ""missing_points"": 7, ""top_missing_components"": [{""component"": ""base_score"", ""gap"": 32.0}, {""component"": ""confluence_bonus"", ""gap"": 30.0}, {""component"": ""momentum_score"", ""gap"": 7.51}]}",True,,0.001034375,Buy,58,,50.0,58.0,signals_2025-09-08_20-29-15.csv,7,base_score:32.0,confluence_bonus:30.0,momentum_score:7.51
AVAXUSDT,Buy,61,25.699,25.8840328,24.92803,Bullish,2025-09-08T15:27:44.005960+00:00,2025-09-08T20:57:44.005960+05:30,Inconclusive,300,,,5.04%,72.49523433806394,0.1128637908250169,0.0744000124560781,0.0384637783689388,25.768458145145576,25.38605,25.003641854854425,0.9091832299765304,139.6185895981724,10.0,3.0,0.0,25.329660756810654,0.0835210852839422,25.629140625,0.0465937500000031,,30.24675520498812,,rising,610805.0,8.0,20.0,15.0,5.0,0.0,5.0,0.9091832299765304,72.49523433806394,139.6185895981724,0.0384637783689388,0.0835210852839422,25.629140625,,30.24675520498812,,3.0,0.0,rising,610805.0,5.039999999999954,,,"{""if_confidence_needed"": 65, ""missing_points"": 4, ""top_missing_components"": [{""component"": ""base_score"", ""gap"": 32.0}, {""component"": ""confluence_bonus"", ""gap"": 30.0}, {""component"": ""volume_score"", ""gap"": 5.0}]}",True,,0.0465937500000031,Buy,61,,53.0,61.0,signals_2025-09-08_20-58-38.csv,4,base_score:32.0,confluence_bonus:30.0,volume_score:5.0
1000BONKUSDT,Buy,59,0.022964,0.02312934,0.02227508,Bullish,2025-09-08T15:27:55.188369+00:00,2025-09-08T20:57:55.188369+05:30,Success,51,51.0,,5.04%,78.39129807700714,0.0001937235988258,0.0001465454603966,4.717813842914845e-05,0.0230546830569584,0.0224797,0.0219047169430415,0.9211428442446876,148.1520283163595,10.0,3.0,0.0,0.0223264117640363,0.0001255363849755,0.02284928125,6.017187500000076e-05,,44.07986310185012,,rising,361289822.0,8.0,18.01949918758771,15.0,5.0,0.0,5.0,0.9211428442446876,78.39129807700714,148.1520283163595,4.717813842914845e-05,0.0001255363849755,0.02284928125,,44.07986310185012,,3.0,0.0,rising,361289822.0,5.040000000000006,,,"{""if_confidence_needed"": 65, ""missing_points"": 6, ""top_missing_components"": [{""component"": ""base_score"", ""gap"": 32.0}, {""component"": ""confluence_bonus"", ""gap"": 30.0}, {""component"": ""volume_score"", ""gap"": 5.0}]}",True,,6.017187500000076e-05,Buy,59,,51.0,59.0,signals_2025-09-08_20-58-38.csv,6,base_score:32.0,confluence_bonus:30.0,volume_score:5.0
TRXUSDT,Buy,61,0.33538,0.33779474,0.3253186,Bullish,2025-09-08T15:28:08.534422+00:00,2025-09-08T20:58:08.534422+05:30,Inconclusive,300,,,5.04%,77.4761807394818,0.0005841445575025,0.0003842391094265,0.0001999054480759,0.3353593179497934,0.333677,0.3319946820502065,1.006146891022917,178.01214445510067,10.0,3.0,0.0,0.3332722364731362,0.0004360950009753,0.33462765625,0.00023640625,,35.91901837837993,,rising,29319709.0,8.0,20.0,15.0,5.0,0.0,5.0,1.006146891022917,77.4761807394818,178.01214445510067,0.0001999054480759,0.0004360950009753,0.33462765625,,35.91901837837993,,3.0,0.0,rising,29319709.0,5.039999999999943,,,"{""if_confidence_needed"": 65, ""missing_points"": 4, ""top_missing_components"": [{""component"": ""base_score"", ""gap"": 32.0}, {""component"": ""confluence_bonus"", ""gap"": 30.0}, {""component"": ""volume_score"", ""gap"": 5.0}]}",True,,0.00023640625,Buy,61,,53.0,61.0,signals_2025-09-08_20-58-38.csv,4,base_score:32.0,confluence_bonus:30.0,volume_score:5.0
ARBUSDT,Buy,58,0.5104,0.51407488,0.495088,Bullish,2025-09-08T15:28:09.656861+00:00,2025-09-08T20:58:09.656861+05:30,Success,59,59.0,,5.04%,69.10323989190951,0.0020579497613519,0.0013535550928023,0.0007043946685496,0.5110507926838802,0.503975,0.4968992073161197,0.954012736596788,152.11543164587957,10.0,3.0,0.0,0.5029563785902255,0.002041298946385,0.5083921874999999,0.0008249999999998,,24.779185841728488,,rising,7160491.699999999,8.0,17.28172280945354,15.0,5.0,0.0,5.0,0.954012736596788,69.10323989190951,152.11543164587957,0.0007043946685496,0.002041298946385,0.5083921874999999,,24.779185841728488,,3.0,0.0,rising,7160491.699999999,5.040000000000065,,,"{""if_confidence_needed"": 65, ""missing_points"": 7, ""top_missing_components"": [{""component"": ""base_score"", ""gap"": 32.0}, {""component"": ""confluence_bonus"", ""gap"": 30.0}, {""component"": ""volume_score"", ""gap"": 5.0}]}",True,,0.0008249999999998,Buy,58,,50.0,58.0,signals_2025-09-08_20-58-38.csv,7,base_score:32.0,confluence_bonus:30.0,volume_score:5.0
QUSDT,Buy,60,0.012324,0.01241273,0.01195428,Bullish,2025-09-08T15:28:17.512244+00:00,2025-09-08T20:58:17.512244+05:30,Success,1,1.0,,5.04%,74.19395427401071,0.0002215952097727,0.0001262500147557,9.534519501696645e-05,0.0122602319432155,0.01147325,0.0106862680567844,1.040514307433716,164.04393633714426,10.0,3.0,0.0,0.0113760835927607,0.0002388697465612,0.012013703125,9.854687500000098e-05,,28.629005743274007,,rising,138872668.0,8.0,18.579633726534546,15.0,5.0,0.0,5.0,1.040514307433716,74.19395427401071,164.04393633714426,9.534519501696645e-05,0.0002388697465612,0.012013703125,,28.629005743274007,,3.0,0.0,rising,138872668.0,5.039999999999979,,,"{""if_confidence_needed"": 65, ""missing_points"": 5, ""top_missing_components"": [{""component"": ""base_score"", ""gap"": 32.0}, {""component"": ""confluence_bonus"", ""gap"": 30.0}, {""component"": ""volume_score"", ""gap"": 5.0}]}",True,,9.854687500000098e-05,Buy,60,,52.0,60.0,signals_2025-09-08_20-58-38.csv,5,base_score:32.0,confluence_bonus:30.0,volume_score:5.0
TAOUSDT,Buy,61,347.28,349.780416,336.8616,Bullish,2025-09-08T15:28:20.873808+00:00,2025-09-08T20:58:20.873808+05:30,Inconclusive,300,,,5.04%,76.62956715060972,2.253656357203738,1.475632459519452,0.7780238976842859,348.5125755114553,340.9905,333.4684244885447,0.9180694537313384,135.60270920008114,10.0,3.0,0.0,340.0525006775373,1.5149921340248915,345.73609375,0.9993749999999864,,40.40469567677684,,rising,35683.802,8.0,20.0,15.0,5.0,0.0,5.0,0.9180694537313384,76.62956715060972,135.60270920008114,0.7780238976842859,1.5149921340248915,345.73609375,,40.40469567677684,,3.0,0.0,rising,35683.802,5.039999999999946,,,"{""if_confidence_needed"": 65, ""missing_points"": 4, ""top_missing_components"": [{""component"": ""base_score"", ""gap"": 32.0}, {""component"": ""confluence_bonus"", ""gap"": 30.0}, {""component"": ""volume_score"", ""gap"": 5.0}]}",True,,0.9993749999999864,Buy,61,,53.0,61.0,signals_2025-09-08_20-58-38.csv,4,base_score:32.0,confluence_bonus:30.0,volume_score:5.0
VIRTUALUSDT,Buy,60,1.281,1.2902232,1.24257,Bullish,2025-09-08T15:28:33.198167+00:00,2025-09-08T20:58:33.198167+05:30,Fail,295,,295.0,5.04%,76.77266602940325,0.0209187746725447,0.0165343977756005,0.0043843768969442,1.298527676404991,1.237785,1.1770423235950096,0.8557218956888875,123.59637609828974,10.0,3.0,0.0,1.2216100757701776,0.0108579726091184,1.28096875,0.0058640625000001,,51.405338658469766,,rising,6322297.999999999,8.0,18.691039875924297,15.0,5.0,0.0,5.0,0.8557218956888875,76.77266602940325,123.59637609828974,0.0043843768969442,0.0108579726091184,1.28096875,,51.405338658469766,,3.0,0.0,rising,6322297.999999999,5.040000000000054,,,"{""if_confidence_needed"": 65, ""missing_points"": 5, ""top_missing_components"": [{""component"": ""base_score"", ""gap"": 32.0}, {""component"": ""confluence_bonus"", ""gap"": 30.0}, {""component"": ""volume_score"", ""gap"": 5.0}]}",True,,0.0058640625000001,Buy,60,,52.0,60.0,signals_2025-09-08_20-58-38.csv,5,base_score:32.0,confluence_bonus:30.0,volume_score:5.0
PTBUSDT,Buy,61,0.05853,0.05895142,0.0567741,Bullish,2025-09-08T15:58:09.461135+00:00,2025-09-08T21:28:09.461135+05:30,Success,1,1.0,,5.04%,84.31357299418357,0.0009363207494362,0.0004125437839226,0.0005237769655136,0.0576167536505867,0.0542804999999999,0.0509442463494132,1.13686704385511,205.04693928384356,10.0,3.0,0.0,0.0542402923500586,0.0008124446367987,0.05602515625,0.0006120312499999,,40.50133489569175,,rising,67503040.0,8.0,20.0,15.0,5.0,0.0,5.0,1.13686704385511,84.31357299418357,205.04693928384356,0.0005237769655136,0.0008124446367987,0.05602515625,,40.50133489569175,,3.0,0.0,rising,67503040.0,5.040000000000011,,,"{""if_confidence_needed"": 65, ""missing_points"": 4, ""top_missing_components"": [{""component"": ""base_score"", ""gap"": 32.0}, {""component"": ""confluence_bonus"", ""gap"": 30.0}, {""component"": ""volume_score"", ""gap"": 5.0}]}",True,,0.0006120312499999,Buy,61,,53.0,61.0,signals_2025-09-08_21-28-34.csv,4,base_score:32.0,confluence_bonus:30.0,volume_score:5.0
IPUSDT,Buy,58,8.5676,8.62928672,8.310572,Bullish,2025-09-08T16:33:08.351307+00:00,2025-09-08T22:03:08.351307+05:30,Inconclusive,300,,,5.04%,55.76158914010326,0.0062547335296265,0.0019391668655679,0.0043155666640586,8.582215147809423,8.540465000000001,8.498714852190579,0.8249689093780377,133.9941542762776,10.0,3.0,0.0,8.543291580658497,0.0333589902912708,8.551323437499999,0.007946875,,5.25659028281339,,falling,-123488.20000000006,8.0,12.104818192429208,15.0,10.0,0.0,5.0,0.8249689093780377,55.76158914010326,133.9941542762776,0.0043155666640586,0.0333589902912708,8.551323437499999,,5.25659028281339,,3.0,0.0,falling,-123488.20000000006,5.04000000000007,,,"{""if_confidence_needed"": 65, ""missing_points"": 7, ""top_missing_components"": [{""component"": ""base_score"", ""gap"": 32.0}, {""component"": ""confluence_bonus"", ""gap"": 30.0}, {""component"": ""momentum_score"", ""gap"": 7.9}]}",True,,0.007946875,Buy,58,,50.0,58.0,signals_2025-09-08_22-03-50.csv,7,base_score:32.0,confluence_bonus:30.0,momentum_score:7.9
PYTHUSDT,Sell,64,0.15964,0.15849059,0.1644292,Bearish,2025-09-08T21:09:04.126418+00:00,2025-09-09T02:39:04.126418+05:30,Inconclusive,300,,,5.04%,29.84974181309705,-0.000680574249314,-0.0006123863087761,-6.818794053785305e-05,0.1626811453127815,0.1611915,0.1597018546872184,-0.0207615486343165,-178.0551554915444,-10.0,0.0,3.0,0.1621801239977979,0.0006725845575616,0.1602715625,-3.453124999999724e-05,,-28.28906202446943,,falling,-31315615.0,8.0,11.433167033809646,15.0,5.0,12.0,5.0,-0.0207615486343165,29.84974181309705,-178.0551554915444,-6.818794053785305e-05,0.0006725845575616,0.1602715625,,-28.28906202446943,,0.0,3.0,falling,-31315615.0,5.039999999999959,RSI<=30 & CVD_falling,1.0,"{""if_confidence_needed"": 65, ""missing_points"": 1, ""top_missing_components"": [{""component"": ""base_score"", ""gap"": 32.0}, {""component"": ""confluence_bonus"", ""gap"": 18.0}, {""component"": ""momentum_score"", ""gap"": 8.57}]}",True,,-3.453124999999724e-05,Sell,64,,56.0,64.0,signals_2025-09-09_02-39-30.csv,1,base_score:32.0,confluence_bonus:18.0,momentum_score:8.57
TAOUSDT,Buy,58,342.37,344.835064,332.0989,Bearish,2025-09-08T21:57:37.890229+00:00,2025-09-09T03:27:37.890229+05:30,Success,124,124.0,,5.04%,64.35578018981965,0.2211565253197704,-0.2290022622962784,0.450158787616049,342.45007933285285,339.864,337.2779206671471,0.9845172319666416,159.15486859765412,-5.0,3.0,0.0,341.0889234237639,0.8098703918719111,341.67140625,0.4653124999999818,,5.802392881126057,,falling,-169.1999999999996,8.0,20.0,7.0,10.0,0.0,5.0,0.9845172319666416,64.35578018981965,159.15486859765412,0.450158787616049,0.8098703918719111,341.67140625,,5.802392881126057,,3.0,0.0,falling,-169.1999999999996,5.039999999999967,,,"{""if_confidence_needed"": 65, ""missing_points"": 7, ""top_missing_components"": [{""component"": ""base_score"", ""gap"": 32.0}, {""component"": ""confluence_bonus"", ""gap"": 30.0}, {""component"": ""trend_score"", ""gap"": 8.0}]}",True,,0.4653124999999818,Buy,58,,50.0,58.0,signals_2025-09-09_03-27-58.csv,7,base_score:32.0,confluence_bonus:30.0,trend_score:8.0
VIRTUALUSDT,Buy,59,1.2807,1.28992104,1.242279,Bullish,2025-09-08T22:21:47.901253+00:00,2025-09-09T03:51:47.901253+05:30,Success,107,107.0,,5.04%,70.16218571934165,0.0067877089791694,0.004493251354421,0.0022944576247484,1.2861401038369702,1.260765,1.2353898961630296,0.892806274371885,112.5705794947994,10.0,3.0,0.0,1.2587395070835887,0.0060510153674718,1.2800281250000003,0.0020875,,28.904270851952056,,rising,697074.7000000002,8.0,18.10045333713457,15.0,5.0,0.0,5.0,0.892806274371885,70.16218571934165,112.5705794947994,0.0022944576247484,0.0060510153674718,1.2800281250000003,,28.904270851952056,,3.0,0.0,rising,697074.7000000002,5.039999999999948,,,"{""if_confidence_needed"": 65, ""missing_points"": 6, ""top_missing_components"": [{""component"": ""base_score"", ""gap"": 32.0}, {""component"": ""confluence_bonus"", ""gap"": 30.0}, {""component"": ""volume_score"", ""gap"": 5.0}]}",True,,0.0020875,Buy,59,,51.0,59.0,signals_2025-09-09_03-51-57.csv,6,base_score:32.0,confluence_bonus:30.0,volume_score:5.0
IPUSDT,Buy,61,8.5996,8.66151712,8.341612,Bullish,2025-09-08T22:57:14.990489+00:00,2025-09-09T04:27:14.990489+05:30,Success,174,174.0,,5.04%,79.6094865112354,0.021580218288145,0.010994435675492,0.010585782612653,8.579720701933919,8.507810000000001,8.435899298066083,1.1382221111146262,225.08773049193192,5.0,3.0,0.0,8.506492377086289,0.0234903237909746,8.5456828125,0.0096296875000021,,33.22919461605186,,rising,317583.9,8.0,19.815465336467003,15.0,5.0,0.0,5.0,1.1382221111146262,79.6094865112354,225.08773049193192,0.010585782612653,0.0234903237909746,8.5456828125,,33.22919461605186,,3.0,0.0,rising,317583.9,5.04000000000003,,,"{""if_confidence_needed"": 65, ""missing_points"": 4, ""top_missing_components"": [{""component"": ""base_score"", ""gap"": 32.0}, {""component"": ""confluence_bonus"", ""gap"": 30.0}, {""component"": ""volume_score"", ""gap"": 5.0}]}",True,,0.0096296875000021,Buy,61,,53.0,61.0,signals_2025-09-09_04-27-32.csv,4,base_score:32.0,confluence_bonus:30.0,volume_score:5.0
QUSDT,Buy,60,0.016896,0.01701765,0.01638912,Bullish,2025-09-08T23:21:41.333116+00:00,2025-09-09T04:51:41.333116+05:30,Success,1,1.0,,5.04%,63.10614657215602,0.0001742031666853,8.353456479442241e-06,0.0001658497102059,0.0168346757255365,0.0155591,0.0142835242744634,1.0240378807920694,160.43220047101744,5.0,3.0,0.0,0.0154109439825641,0.000737321369165,0.015825765625,0.0002913593749999,,5.89021147189564,,falling,-188461651.0,8.0,14.39845067755104,15.0,10.0,0.0,5.0,1.0240378807920694,63.10614657215602,160.43220047101744,0.0001658497102059,0.000737321369165,0.015825765625,,5.89021147189564,,3.0,0.0,falling,-188461651.0,5.039999999999982,,,"{""if_confidence_needed"": 65, ""missing_points"": 5, ""top_missing_components"": [{""component"": ""base_score"", ""gap"": 32.0}, {""component"": ""confluence_bonus"", ""gap"": 30.0}, {""component"": ""momentum_score"", ""gap"": 5.6}]}",True,,0.0002913593749999,Buy,60,,52.0,60.0,signals_2025-09-09_04-52-09.csv,5,base_score:32.0,confluence_bonus:30.0,momentum_score:5.6
NMRUSDT,Sell,60,17.11,16.986808,17.6233,Bearish,2025-09-08T23:57:12.862179+00:00,2025-09-09T05:27:12.862179+05:30,Success,81,81.0,,5.04%,28.571542242283527,-0.08075631234653,-0.073864153229516,-0.006892159117014,17.36327973456625,17.22675,17.090220265433747,0.0724374607080722,-149.29482608351026,-10.0,0.0,3.0,17.394784832544552,0.0637827342703667,17.162859374999996,-0.0306406250000037,,-40.2338849607332,,falling,-77872.10000000002,8.0,6.593363559912268,15.0,5.0,12.0,5.0,0.0724374607080722,28.571542242283527,-149.29482608351026,-0.006892159117014,0.0637827342703667,17.162859374999996,,-40.2338849607332,,0.0,3.0,falling,-77872.10000000002,5.0399999999999805,RSI<=30 & CVD_falling,1.0,"{""if_confidence_needed"": 65, ""missing_points"": 5, ""top_missing_components"": [{""component"": ""base_score"", ""gap"": 32.0}, {""component"": ""confluence_bonus"", ""gap"": 18.0}, {""component"": ""momentum_score"", ""gap"": 13.41}]}",True,,-0.0306406250000037,Sell,60,,52.0,60.0,signals_2025-09-09_05-27-39.csv,5,base_score:32.0,confluence_bonus:18.0,momentum_score:13.41
MUSDT,Sell,60,1.9448,1.93079744,2.003144,Bearish,2025-09-09T01:50:25.904528+00:00,2025-09-09T07:20:25.904528+05:30,Success,19,19.0,,5.04%,21.62560085706248,-0.0385008575600402,-0.0292539814134218,-0.0092468761466184,2.1421922836666694,2.024505,1.9068177163333304,0.1613695315385486,-109.97711925888676,-10.0,3.0,0.0,2.036402649352935,0.0278568347577608,1.9343859375,-0.0093171875000002,,-46.85251502009834,,falling,-4917425.0,8.0,11.966627560118413,15.0,0.0,12.0,5.0,0.1613695315385486,21.62560085706248,-109.97711925888676,-0.0092468761466184,0.0278568347577608,1.9343859375,,-46.85251502009834,,3.0,0.0,falling,-4917425.0,5.039999999999998,RSI<=30 & CVD_falling,1.0,"{""if_confidence_needed"": 65, ""missing_points"": 5, ""top_missing_components"": [{""component"": ""base_score"", ""gap"": 32.0}, {""component"": ""confluence_bonus"", ""gap"": 18.0}, {""component"": ""volume_score"", ""gap"": 10.0}]}",True,,-0.0093171875000002,Sell,60,,52.0,60.0,signals_2025-09-09_07-21-09_STRONG.csv,5,base_score:32.0,confluence_bonus:18.0,volume_score:10.0
GPSUSDT,Strong Sell,69,0.01469,0.01458423,0.0151307,Bearish,2025-09-09T01:50:39.243188+00:00,2025-09-09T07:20:39.243188+05:30,Fail,13,,13.0,5.04%,19.05846255386696,-0.0001719946191765,-0.0001028121022137,-6.918251696279499e-05,0.0157909786382854,0.0151815,0.0145720213617145,0.0967865244771655,-131.68777461876445,-10.0,0.0,3.0,0.01520639009896,0.0001302272894067,0.0147081249999999,-8.968750000000122e-05,,-45.518720022233,,falling,-89046756.0,8.0,16.0,15.0,5.0,12.0,5.0,0.0967865244771655,19.05846255386696,-131.68777461876445,-6.918251696279499e-05,0.0001302272894067,0.0147081249999999,,-45.518720022233,,0.0,3.0,falling,-89046756.0,5.039999999999959,RSI<=30 & CVD_falling,1.0,"{""if_confidence_needed"": 65, ""missing_points"": 0, ""top_missing_components"": []}",True,,-8.968750000000122e-05,Sell,69,,61.0,69.0,signals_2025-09-09_07-21-09_STRONG.csv,0,,,
NMRUSDT,Strong Sell,67,16.731,16.6105368,17.23293,Bearish,2025-09-09T01:50:43.987873+00:00,2025-09-09T07:20:43.987873+05:30,Success,58,58.0,,5.04%,22.55196715513587,-0.1341083676930097,-0.0989829767540346,-0.0351253909389751,17.44637884603064,17.02675,16.60712115396936,0.1476052554566243,-111.81160763953238,-10.0,0.0,3.0,17.157433210604303,0.0833949203101841,16.688203124999998,-0.0787968750000018,,-45.32828716614654,,falling,-199439.1,8.0,14.108641862116562,15.0,5.0,12.0,5.0,0.1476052554566243,22.55196715513587,-111.81160763953238,-0.0351253909389751,0.0833949203101841,16.688203124999998,,-45.32828716614654,,0.0,3.0,falling,-199439.1,5.039999999999986,RSI<=30 & CVD_falling,1.0,"{""if_confidence_needed"": 65, ""missing_points"": 0, ""top_missing_components"": []}",True,,-0.0787968750000018,Sell,67,,59.0,67.0,signals_2025-09-09_07-21-09_STRONG.csv,0,,,
WLFIUSDT,Strong Sell,66,0.204,0.2025312,0.21012,Bearish,2025-09-09T02:55:36.705764+00:00,2025-09-09T08:25:36.705764+05:30,Success,31,31.0,,5.04%,23.483965338652,-0.001962018063307,-0.0013622057016902,-0.0005998123616168,0.2152119445162794,0.208965,0.2027180554837206,0.102605722920913,-121.89679218967925,-10.0,0.0,3.0,0.2097634847093074,0.001539105037096,0.2044859375,-0.0004796874999999,,-41.951197451006486,,falling,-296736659.0,8.0,13.353160656250983,15.0,5.0,12.0,5.0,0.102605722920913,23.483965338652,-121.89679218967925,-0.0005998123616168,0.001539105037096,0.2044859375,,-41.951197451006486,,0.0,3.0,falling,-296736659.0,5.039999999999973,RSI<=30 & CVD_falling,1.0,"{""if_confidence_needed"": 65, ""missing_points"": 0, ""top_missing_components"": []}",True,,-0.0004796874999999,Sell,66,,58.0,66.0,signals_2025-09-09_08-26-43_STRONG.csv,0,,,
OPENUSDT,Sell,58,1.3343,1.32469304,1.374329,Bearish,2025-09-09T02:55:40.008332+00:00,2025-09-09T08:25:40.008332+05:30,Fail,2,,2.0,5.04%,33.219339930154064,-0.0165508697772784,-0.0008366821738324,-0.015714187603446,1.5520201935344118,1.447085,1.342149806465588,-0.037403116157659,-189.825510246721,-10.0,0.0,3.0,1.4470920578202344,0.044859693223337,1.4241640625,-0.02590625,,-10.632166134070946,,falling,-10062892.0,8.0,17.407112830778498,15.0,5.0,0.0,5.0,-0.037403116157659,33.219339930154064,-189.825510246721,-0.015714187603446,0.044859693223337,1.4241640625,,-10.632166134070946,,0.0,3.0,falling,-10062892.0,5.03999999999997,,,"{""if_confidence_needed"": 65, ""missing_points"": 7, ""top_missing_components"": [{""component"": ""base_score"", ""gap"": 32.0}, {""component"": ""confluence_bonus"", ""gap"": 30.0}, {""component"": ""volume_score"", ""gap"": 5.0}]}",True,,-0.02590625,Sell,58,,50.0,58.0,signals_2025-09-09_08-26-43_STRONG.csv,7,base_score:32.0,confluence_bonus:30.0,volume_score:5.0
SUIUSDT,Sell,63,3.4345,3.4097716,3.537535,Bearish,2025-09-09T02:55:42.202416+00:00,2025-09-09T08:25:42.202416+05:30,Fail,201,,201.0,5.04%,28.97562620445042,-0.0108956361361527,-0.0085689943259787,-0.0023266418101739,3.4849938477802787,3.459515000000001,3.4340361522197225,0.0091026051153784,-174.7680045545118,-10.0,0.0,3.0,3.469244150387861,0.0095226607924534,3.444734375,-0.0030562499999997,,-30.718066584606795,,falling,-6302735.2,8.0,9.863844639769848,15.0,5.0,12.0,5.0,0.0091026051153784,28.97562620445042,-174.7680045545118,-0.0023266418101739,0.0095226607924534,3.444734375,,-30.718066584606795,,0.0,3.0,falling,-6302735.2,5.039999999999974,RSI<=30 & CVD_falling,1.0,"{""if_confidence_needed"": 65, ""missing_points"": 2, ""top_missing_components"": [{""component"": ""base_score"", ""gap"": 32.0}, {""component"": ""confluence_bonus"", ""gap"": 18.0}, {""component"": ""momentum_score"", ""gap"": 10.14}]}",True,,-0.0030562499999997,Sell,63,,55.0,63.0,signals_2025-09-09_08-26-43_STRONG.csv,2,base_score:32.0,confluence_bonus:18.0,momentum_score:10.14
TRUMPUSDT,Strong Sell,65,8.541,8.4795048,8.79723,Bearish,2025-09-09T02:56:20.742881+00:00,2025-09-09T08:26:20.742881+05:30,Fail,262,,262.0,5.04%,28.99923583786756,-0.0196492357354447,-0.0129529513676805,-0.0066962843677642,8.659876395060563,8.59785,8.535823604939436,0.0417273570026924,-161.80007642682264,-10.0,0.0,3.0,8.60620354123703,0.0195845976169753,8.56221875,-0.0052187500000009,,-28.912744564706315,,falling,-555154.5199999999,8.0,12.20598043265602,15.0,5.0,12.0,5.0,0.0417273570026924,28.99923583786756,-161.80007642682264,-0.0066962843677642,0.0195845976169753,8.56221875,,-28.912744564706315,,0.0,3.0,falling,-555154.5199999999,5.039999999999961,RSI<=30 & CVD_falling,1.0,"{""if_confidence_needed"": 65, ""missing_points"": 0, ""top_missing_components"": []}",True,,-0.0052187500000009,Sell,65,,57.0,65.0,signals_2025-09-09_08-26-43_STRONG.csv,0,,,
TAOUSDT,Sell,63,337.93,335.496904,348.0679,Bearish,2025-09-09T02:56:25.138522+00:00,2025-09-09T08:26:25.138522+05:30,Fail,230,,230.0,5.04%,29.29330785121941,-1.4554069785846195,-1.1446049388742714,-0.3108020397103481,344.804707560825,341.028,337.251292439175,0.0898543969706684,-150.40300320194098,-10.0,0.0,3.0,342.1142570571148,1.3209852806352518,338.81453125,-0.3062499999999772,,-31.971177249745004,,falling,-11951.788,8.0,9.646731316689054,15.0,5.0,12.0,5.0,0.0898543969706684,29.29330785121941,-150.40300320194098,-0.3108020397103481,1.3209852806352518,338.81453125,,-31.971177249745004,,0.0,3.0,falling,-11951.788,5.039999999999954,RSI<=30 & CVD_falling,1.0,"{""if_confidence_needed"": 65, ""missing_points"": 2, ""top_missing_components"": [{""component"": ""base_score"", ""gap"": 32.0}, {""component"": ""confluence_bonus"", ""gap"": 18.0}, {""component"": ""momentum_score"", ""gap"": 10.35}]}",True,,-0.3062499999999772,Sell,63,,55.0,63.0,signals_2025-09-09_08-26-43_STRONG.csv,2,base_score:32.0,confluence_bonus:18.0,momentum_score:10.35
SEIUSDT,Sell,63,0.3046,0.30240688,0.313738,Bearish,2025-09-09T02:56:26.249212+00:00,2025-09-09T08:26:26.249212+05:30,Fail,197,,197.0,5.04%,28.104460313994,-0.0012095967261293,-0.0008949866884068,-0.0003146100377224,0.3107949824560899,0.307795,0.30479501754391,-0.0325031140622443,-207.0722828913164,-10.0,0.0,3.0,0.30874102792475,0.0011872124330427,0.3062968749999999,-0.0003828125,,-29.015305463003298,,falling,-8729089.0,8.0,10.359974588529072,15.0,5.0,12.0,5.0,-0.0325031140622443,28.104460313994,-207.0722828913164,-0.0003146100377224,0.0011872124330427,0.3062968749999999,,-29.015305463003298,,0.0,3.0,falling,-8729089.0,5.039999999999984,RSI<=30 & CVD_falling,1.0,"{""if_confidence_needed"": 65, ""missing_points"": 2, ""top_missing_components"": [{""component"": ""base_score"", ""gap"": 32.0}, {""component"": ""confluence_bonus"", ""gap"": 18.0}, {""component"": ""momentum_score"", ""gap"": 9.64}]}",True,,-0.0003828125,Sell,63,,55.0,63.0,signals_2025-09-09_08-26-43_STRONG.csv,2,base_score:32.0,confluence_bonus:18.0,momentum_score:9.64
TAKEUSDT,Strong Sell,67,0.16449,0.16330567,0.1694247,Bearish,2025-09-09T02:56:42.705424+00:00,2025-09-09T08:26:42.705424+05:30,Fail,71,,71.0,5.04%,21.73987748356525,-0.0018697268689094,-0.001287526912833,-0.0005821999560764,0.1742376863375579,0.169003,0.163768313662442,0.0689331022930667,-137.98960831334904,-10.0,0.0,3.0,0.1701677672903848,0.0014013493142841,0.1653729687499999,-0.00103625,,-48.71623586722895,,falling,-9531474.0,8.0,13.970960704378289,15.0,5.0,12.0,5.0,0.0689331022930667,21.73987748356525,-137.98960831334904,-0.0005821999560764,0.0014013493142841,0.1653729687499999,,-48.71623586722895,,0.0,3.0,falling,-9531474.0,5.040000000000052,RSI<=30 & CVD_falling,1.0,"{""if_confidence_needed"": 65, ""missing_points"": 0, ""top_missing_components"": []}",True,,-0.00103625,Sell,67,,59.0,67.0,signals_2025-09-09_08-26-43_STRONG.csv,0,,,
OPENUSDT,Strong Sell,67,1.2432,1.23424896,1.280496,Bearish,2025-09-09T03:34:22.784153+00:00,2025-09-09T09:04:22.784153+05:30,Success,1,1.0,,5.04%,26.3697264795928,-0.0514384773017597,-0.0312689864666199,-0.0201694908351398,1.5830722769851573,1.394205,1.2053377230148423,0.1002351428726667,-131.3025618852017,-5.0,0.0,3.0,1.4091361326607577,0.050389819708726,1.2608671875000002,-0.0239171874999999,,-32.613922568289034,,falling,-35523389.0,8.0,13.606459853229632,15.0,5.0,12.0,5.0,0.1002351428726667,26.3697264795928,-131.3025618852017,-0.0201694908351398,0.050389819708726,1.2608671875000002,,-32.613922568289034,,0.0,3.0,falling,-35523389.0,5.0399999999999485,RSI<=30 & CVD_falling,1.0,"{""if_confidence_needed"": 65, ""missing_points"": 0, ""top_missing_components"": []}",True,,-0.0239171874999999,Sell,67,,59.0,67.0,signals_2025-09-09_09-05-20_STRONG.csv,0,,,
TAUSDT,Buy,61,0.1749,0.17615928,0.169653,Bullish,2025-09-09T04:28:10.112351+00:00,2025-09-09T09:58:10.112351+05:30,Success,1,1.0,,5.04%,75.88394308503509,0.002438343140212,0.0004854602799698,0.0019528828602422,0.1721743333596826,0.1613855,0.1505966666403173,1.1263188775583,209.45818492504756,10.0,3.0,0.0,0.1633718197712163,0.0040384729705334,0.1658239062499999,0.0026107812499999,,21.095029149189497,,rising,11326288.0,8.0,20.0,15.0,5.0,0.0,5.0,1.1263188775583,75.88394308503509,209.45818492504756,0.0019528828602422,0.0040384729705334,0.1658239062499999,,21.095029149189497,,3.0,0.0,rising,11326288.0,5.040000000000005,,,"{""if_confidence_needed"": 65, ""missing_points"": 4, ""top_missing_components"": [{""component"": ""base_score"", ""gap"": 32.0}, {""component"": ""confluence_bonus"", ""gap"": 30.0}, {""component"": ""volume_score"", ""gap"": 5.0}]}",True,,0.0026107812499999,Buy,61,,53.0,61.0,signals_2025-09-09_09-59-05.csv,4,base_score:32.0,confluence_bonus:30.0,volume_score:5.0
LINKUSDT,Buy,59,23.237,23.4043064,22.53989,Bullish,2025-09-09T04:28:13.914796+00:00,2025-09-09T09:58:13.914796+05:30,Success,96,96.0,,5.04%,64.5483350254413,0.0607551218244779,0.0324162111670454,0.0283389106574324,23.310892949847695,23.0492,22.7875070501523,0.8588174616650843,110.62552679402084,10.0,3.0,0.0,23.06366672010594,0.0784499574967258,23.252078125,0.0312031250000011,,20.188304975159493,,falling,-21139.259999999937,8.0,12.669652316978826,15.0,10.0,0.0,5.0,0.8588174616650843,64.5483350254413,110.62552679402084,0.0283389106574324,0.0784499574967258,23.252078125,,20.188304975159493,,3.0,0.0,falling,-21139.259999999937,5.040000000000033,,,"{""if_confidence_needed"": 65, ""missing_points"": 6, ""top_missing_components"": [{""component"": ""base_score"", ""gap"": 32.0}, {""component"": ""confluence_bonus"", ""gap"": 30.0}, {""component"": ""momentum_score"", ""gap"": 7.33}]}",True,,0.0312031250000011,Buy,59,,51.0,59.0,signals_2025-09-09_09-59-05.csv,6,base_score:32.0,confluence_bonus:30.0,momentum_score:7.33
WLFIUSDT,Buy,59,0.2109,0.21241848,0.204573,Bullish,2025-09-09T04:56:41.232622+00:00,2025-09-09T10:26:41.232622+05:30,Success,29,29.0,,5.04%,72.2253039869163,0.0008371441822031,0.0003652731455665,0.0004718710366366,0.2119447215031058,0.207825,0.2037052784968941,0.8732048389292546,113.30845771144156,10.0,3.0,0.0,0.2085930724187387,0.001305369301125,0.210771875,0.0002625,,24.365201095832973,,rising,165893264.0,8.0,17.675632918223272,15.0,5.0,0.0,5.0,0.8732048389292546,72.2253039869163,113.30845771144156,0.0004718710366366,0.001305369301125,0.210771875,,24.365201095832973,,3.0,0.0,rising,165893264.0,5.039999999999963,,,"{""if_confidence_needed"": 65, ""missing_points"": 6, ""top_missing_components"": [{""component"": ""base_score"", ""gap"": 32.0}, {""component"": ""confluence_bonus"", ""gap"": 30.0}, {""component"": ""volume_score"", ""gap"": 5.0}]}",True,,0.0002625,Buy,59,,51.0,59.0,signals_2025-09-09_10-27-45.csv,6,base_score:32.0,confluence_bonus:30.0,volume_score:5.0
HYPEUSDT,Buy,59,53.032,53.4138304,51.44104,Bullish,2025-09-09T04:56:47.969311+00:00,2025-09-09T10:26:47.969311+05:30,Success,19,19.0,,5.04%,83.28020964374028,0.4724324057942297,0.376664435883293,0.0957679699109366,53.37686093082932,52.02905,50.68123906917068,0.8720662806106179,107.92119459708776,10.0,3.0,0.0,51.63545287633816,0.2528606378017761,53.080015625,0.1298906250000016,,60.80579094790901,,rising,794019.57,8.0,18.08971557551903,15.0,5.0,0.0,5.0,0.8720662806106179,83.28020964374028,107.92119459708776,0.0957679699109366,0.2528606378017761,53.080015625,,60.80579094790901,,3.0,0.0,rising,794019.57,5.039999999999979,,,"{""if_confidence_needed"": 65, ""missing_points"": 6, ""top_missing_components"": [{""component"": ""base_score"", ""gap"": 32.0}, {""component"": ""confluence_bonus"", ""gap"": 30.0}, {""component"": ""volume_score"", ""gap"": 5.0}]}",True,,0.1298906250000016,Buy,59,,51.0,59.0,signals_2025-09-09_10-27-45.csv,6,base_score:32.0,confluence_bonus:30.0,volume_score:5.0
BTRUSDT,Buy,59,0.07442,0.07495582,0.0721874,Bullish,2025-09-09T04:57:29.505067+00:00,2025-09-09T10:27:29.505067+05:30,Success,3,3.0,,5.04%,62.312981393746966,0.0004200642873956,9.730269142455757e-05,0.0003227615959711,0.0750334754708224,0.0726475,0.0702615245291775,0.8714413709770921,127.40501755977763,10.0,3.0,0.0,0.0730920797977936,0.0009020172872488,0.0742603125,0.00040359375,,14.518948561013906,,falling,-2157716.0,8.0,12.587727101032891,15.0,10.0,0.0,5.0,0.8714413709770921,62.312981393746966,127.40501755977763,0.0003227615959711,0.0009020172872488,0.0742603125,,14.518948561013906,,3.0,0.0,falling,-2157716.0,5.04000000000004,,,"{""if_confidence_needed"": 65, ""missing_points"": 6, ""top_missing_components"": [{""component"": ""base_score"", ""gap"": 32.0}, {""component"": ""confluence_bonus"", ""gap"": 30.0}, {""component"": ""momentum_score"", ""gap"": 7.41}]}",True,,0.00040359375,Buy,59,,51.0,59.0,signals_2025-09-09_10-27-45.csv,6,base_score:32.0,confluence_bonus:30.0,momentum_score:7.41
BTRUSDT,Buy,58,0.07658,0.07713138,0.0742826,Bullish,2025-09-09T05:57:39.706811+00:00,2025-09-09T11:27:39.706811+05:30,Fail,60,,60.0,5.04%,66.54835605914892,0.0008975901858638,0.0007595872854342,0.0001380029004295,0.0774668617571965,0.074875,0.0722831382428034,0.8289141473818789,104.32960179931594,10.0,3.0,0.0,0.0740761417754104,0.0011362165119419,0.0766053125,0.0002121875,,29.32436585988432,,falling,-1276422.0,8.0,11.914998660465931,15.0,10.0,0.0,5.0,0.8289141473818789,66.54835605914892,104.32960179931594,0.0001380029004295,0.0011362165119419,0.0766053125,,29.32436585988432,,3.0,0.0,falling,-1276422.0,5.040000000000057,,,"{""if_confidence_needed"": 65, ""missing_points"": 7, ""top_missing_components"": [{""component"": ""base_score"", ""gap"": 32.0}, {""component"": ""confluence_bonus"", ""gap"": 30.0}, {""component"": ""momentum_score"", ""gap"": 8.09}]}",True,,0.0002121875,Buy,58,,50.0,58.0,signals_2025-09-09_11-27-54.csv,7,base_score:32.0,confluence_bonus:30.0,momentum_score:8.09
AI16ZUSDT,Buy,58,0.1179,0.11874888,0.114363,Bullish,2025-09-09T05:57:45.678104+00:00,2025-09-09T11:27:45.678104+05:30,Success,17,17.0,,5.04%,59.67702695728553,5.282435496702098e-05,-0.0002957919790987,0.0003486163340658,0.1177994651269966,0.116015,0.1142305348730034,1.0281694697986656,175.16339869281003,10.0,0.0,3.0,0.1170971632441284,0.0010863024143628,0.1167875,0.0004140625,,1.099509532493708,,falling,-4997894.399999999,8.0,16.70208360669678,15.0,5.0,0.0,5.0,1.0281694697986656,59.67702695728553,175.16339869281003,0.0003486163340658,0.0010863024143628,0.1167875,,1.099509532493708,,0.0,3.0,falling,-4997894.399999999,5.039999999999978,,,"{""if_confidence_needed"": 65, ""missing_points"": 7, ""top_missing_components"": [{""component"": ""base_score"", ""gap"": 32.0}, {""component"": ""confluence_bonus"", ""gap"": 30.0}, {""component"": ""volume_score"", ""gap"": 5.0}]}",True,,0.0004140625,Buy,58,,50.0,58.0,signals_2025-09-09_11-27-54.csv,7,base_score:32.0,confluence_bonus:30.0,volume_score:5.0
ETHUSDT,Buy,61,4352.99,4384.331528,4222.4003,Bullish,2025-09-09T06:34:53.694432+00:00,2025-09-09T12:04:53.694432+05:30,Inconclusive,300,,,5.04%,81.57535429758624,10.817021886977273,7.219424277302696,3.597597609674576,4350.456430781669,4319.2695,4288.082569218332,1.0406190855404716,163.10749325103,10.0,3.0,0.0,4312.32574584752,7.411496874288089,4339.6434375,6.313906249999491,,46.41350342998412,,rising,149472.57400000002,8.0,20.0,15.0,5.0,0.0,5.0,1.0406190855404716,81.57535429758624,163.10749325103,3.597597609674576,7.411496874288089,4339.6434375,,46.41350342998412,,3.0,0.0,rising,149472.57400000002,5.0399999999999885,,,"{""if_confidence_needed"": 65, ""missing_points"": 4, ""top_missing_components"": [{""component"": ""base_score"", ""gap"": 32.0}, {""component"": ""confluence_bonus"", ""gap"": 30.0}, {""component"": ""volume_score"", ""gap"": 5.0}]}",True,,6.313906249999491,Buy,61,,53.0,61.0,signals_2025-09-09_12-06-04.csv,4,base_score:32.0,confluence_bonus:30.0,volume_score:5.0
BTCUSDT,Buy,59,112791.3,113603.39736,109407.561,Bullish,2025-09-09T06:34:54.748249+00:00,2025-09-09T12:04:54.748249+05:30,Inconclusive,300,,,5.04%,81.22114645638422,242.44884886943328,187.284869068893,55.16397980054029,112826.28585918804,112173.25499999998,111520.2241408119,0.9732127060338726,131.04913340453834,10.0,3.0,0.0,111975.80063552462,144.3131817183326,112653.278125,119.86093750000872,,51.182334132641714,,rising,5981.865000000001,8.0,18.174044251875728,15.0,5.0,0.0,5.0,0.9732127060338726,81.22114645638422,131.04913340453834,55.16397980054029,144.3131817183326,112653.278125,,51.182334132641714,,3.0,0.0,rising,5981.865000000001,5.039999999999998,,,"{""if_confidence_needed"": 65, ""missing_points"": 6, ""top_missing_components"": [{""component"": ""base_score"", ""gap"": 32.0}, {""component"": ""confluence_bonus"", ""gap"": 30.0}, {""component"": ""volume_score"", ""gap"": 5.0}]}",True,,119.86093750000872,Buy,59,,51.0,59.0,signals_2025-09-09_12-06-04.csv,6,base_score:32.0,confluence_bonus:30.0,volume_score:5.0
SOLUSDT,Buy,61,218.56,220.133632,212.0032,Bullish,2025-09-09T06:34:56.828649+00:00,2025-09-09T12:04:56.828649+05:30,Inconclusive,300,,,5.04%,83.18857192290433,1.033295452746415,0.6680975160143261,0.3651979367320892,218.45071819115824,215.42800000000005,212.4052818088418,1.0180767444946437,168.03877745400337,10.0,3.0,0.0,214.7932159427893,0.671446043149865,217.179375,0.6564062500000318,,50.82571242204397,,rising,1559198.88,8.0,20.0,15.0,5.0,0.0,5.0,1.0180767444946437,83.18857192290433,168.03877745400337,0.3651979367320892,0.671446043149865,217.179375,,50.82571242204397,,3.0,0.0,rising,1559198.88,5.040000000000012,,,"{""if_confidence_needed"": 65, ""missing_points"": 4, ""top_missing_components"": [{""component"": ""base_score"", ""gap"": 32.0}, {""component"": ""confluence_bonus"", ""gap"": 30.0}, {""component"": ""volume_score"", ""gap"": 5.0}]}",True,,0.6564062500000318,Buy,61,,53.0,61.0,signals_2025-09-09_12-06-04.csv,4,base_score:32.0,confluence_bonus:30.0,volume_score:5.0
DOGEUSDT,Buy,61,0.24008,0.24180858,0.2328776,Bullish,2025-09-09T06:34:59.879659+00:00,2025-09-09T12:04:59.879659+05:30,Success,17,17.0,,5.04%,77.76446712843988,0.0008106688793647,0.0004675854699982,0.0003430834093664,0.2398727339030415,0.237139,0.2344052660969585,1.0379089743752827,161.1475154068159,10.0,3.0,0.0,0.2371907642550761,0.0007539156234547,0.2390768749999999,0.00051453125,,33.44156842698938,,rising,247548789.0,8.0,19.921649013008164,15.0,5.0,0.0,5.0,1.0379089743752827,77.76446712843988,161.1475154068159,0.0003430834093664,0.0007539156234547,0.2390768749999999,,33.44156842698938,,3.0,0.0,rising,247548789.0,5.040000000000028,,,"{""if_confidence_needed"": 65, ""missing_points"": 4, ""top_missing_components"": [{""component"": ""base_score"", ""gap"": 32.0}, {""component"": ""confluence_bonus"", ""gap"": 30.0}, {""component"": ""volume_score"", ""gap"": 5.0}]}",True,,0.00051453125,Buy,61,,53.0,61.0,signals_2025-09-09_12-06-04.csv,4,base_score:32.0,confluence_bonus:30.0,volume_score:5.0
XRPUSDT,Buy,61,2.9939,3.01545608,2.904083,Bullish,2025-09-09T06:35:00.936601+00:00,2025-09-09T12:05:00.936601+05:30,Success,35,35.0,,5.04%,84.41937513335134,0.0096897514875498,0.0063249449793868,0.0033648065081629,2.994144604977046,2.96628,2.9384153950229543,0.995610829989378,159.65528631054454,10.0,3.0,0.0,2.9613064107355984,0.0062370398672457,2.9835375,0.0061656249999999,,50.678699810190174,,rising,29487149.0,8.0,20.0,15.0,5.0,0.0,5.0,0.995610829989378,84.41937513335134,159.65528631054454,0.0033648065081629,0.0062370398672457,2.9835375,,50.678699810190174,,3.0,0.0,rising,29487149.0,5.039999999999969,,,"{""if_confidence_needed"": 65, ""missing_points"": 4, ""top_missing_components"": [{""component"": ""base_score"", ""gap"": 32.0}, {""component"": ""confluence_bonus"", ""gap"": 30.0}, {""component"": ""volume_score"", ""gap"": 5.0}]}",True,,0.0061656249999999,Buy,61,,53.0,61.0,signals_2025-09-09_12-06-04.csv,4,base_score:32.0,confluence_bonus:30.0,volume_score:5.0
AVAXUSDT,Buy,61,25.755,25.940436,24.98235,Bullish,2025-09-09T06:35:14.349917+00:00,2025-09-09T12:05:14.349917+05:30,Success,11,11.0,,5.04%,86.83023533421161,0.137164427693051,0.0947351632522899,0.042429264440761,25.75019113505676,25.365,24.979808864943244,1.0062421801874164,160.97878649319074,10.0,3.0,0.0,25.28859797364242,0.0715412788699968,25.63146875,0.0727500000000027,,55.4887180573731,,rising,598953.0,8.0,20.0,15.0,5.0,0.0,5.0,1.0062421801874164,86.83023533421161,160.97878649319074,0.042429264440761,0.0715412788699968,25.63146875,,55.4887180573731,,3.0,0.0,rising,598953.0,5.0399999999999805,,,"{""if_confidence_needed"": 65, ""missing_points"": 4, ""top_missing_components"": [{""component"": ""base_score"", ""gap"": 32.0}, {""component"": ""confluence_bonus"", ""gap"": 30.0}, {""component"": ""volume_score"", ""gap"": 5.0}]}",True,,0.0727500000000027,Buy,61,,53.0,61.0,signals_2025-09-09_12-06-04.csv,4,base_score:32.0,confluence_bonus:30.0,volume_score:5.0
WIFUSDT,Buy,61,0.8958,0.90224976,0.868926,Bullish,2025-09-09T06:35:21.590780+00:00,2025-09-09T12:05:21.590780+05:30,Success,32,32.0,,5.04%,78.90279963474251,0.0054940583622054,0.0037073913596454,0.0017866670025599,0.8964222522125253,0.88032,0.8642177477874747,0.980678100047359,154.1335201214138,10.0,3.0,0.0,0.8768160109046832,0.0037662744509161,0.8911609374999999,0.0029453124999999,,42.26558753872523,,rising,6753177.1,8.0,20.0,15.0,5.0,0.0,5.0,0.980678100047359,78.90279963474251,154.1335201214138,0.0017866670025599,0.0037662744509161,0.8911609374999999,,42.26558753872523,,3.0,0.0,rising,6753177.1,5.039999999999977,,,"{""if_confidence_needed"": 65, ""missing_points"": 4, ""top_missing_components"": [{""component"": ""base_score"", ""gap"": 32.0}, {""component"": ""confluence_bonus"", ""gap"": 30.0}, {""component"": ""volume_score"", ""gap"": 5.0}]}",True,,0.0029453124999999,Buy,61,,53.0,61.0,signals_2025-09-09_12-06-04.csv,4,base_score:32.0,confluence_bonus:30.0,volume_score:5.0
ARBUSDT,Buy,60,0.5285,0.5323052,0.512645,Bullish,2025-09-09T06:35:26.830895+00:00,2025-09-09T12:05:26.830895+05:30,Success,40,40.0,,5.04%,79.24658327772767,0.0034317859197324,0.0025445681831047,0.0008872177366277,0.5289814109088686,0.51975,0.5105185890911315,0.9739253883495655,146.03803941849063,10.0,3.0,0.0,0.5168049424194596,0.0020945756776754,0.5260984375,0.0019687499999999,,42.332523412225584,,rising,20112877.8,8.0,19.16588987736969,15.0,5.0,0.0,5.0,0.9739253883495655,79.24658327772767,146.03803941849063,0.0008872177366277,0.0020945756776754,0.5260984375,,42.332523412225584,,3.0,0.0,rising,20112877.8,5.039999999999938,,,"{""if_confidence_needed"": 65, ""missing_points"": 5, ""top_missing_components"": [{""component"": ""base_score"", ""gap"": 32.0}, {""component"": ""confluence_bonus"", ""gap"": 30.0}, {""component"": ""volume_score"", ""gap"": 5.0}]}",True,,0.0019687499999999,Buy,60,,52.0,60.0,signals_2025-09-09_12-06-04.csv,5,base_score:32.0,confluence_bonus:30.0,volume_score:5.0
ARKMUSDT,Buy,61,0.6239,0.62839208,0.605183,Bullish,2025-09-09T06:35:30.915105+00:00,2025-09-09T12:05:30.915105+05:30,Success,13,13.0,,5.04%,72.6358026546184,0.0046560794040592,0.0022465036960572,0.0024095757080019,0.6222033541682778,0.605345,0.5884866458317223,1.0503206248601304,189.0516682033952,10.0,3.0,0.0,0.6043040798931527,0.0050616490404654,0.614525,0.0038015625,,22.424868874579584,,rising,4376022.0,8.0,20.0,15.0,5.0,0.0,5.0,1.0503206248601304,72.6358026546184,189.0516682033952,0.0024095757080019,0.0050616490404654,0.614525,,22.424868874579584,,3.0,0.0,rising,4376022.0,5.040000000000011,,,"{""if_confidence_needed"": 65, ""missing_points"": 4, ""top_missing_components"": [{""component"": ""base_score"", ""gap"": 32.0}, {""component"": ""confluence_bonus"", ""gap"": 30.0}, {""component"": ""volume_score"", ""gap"": 5.0}]}",True,,0.0038015625,Buy,61,,53.0,61.0,signals_2025-09-09_12-06-04.csv,4,base_score:32.0,confluence_bonus:30.0,volume_score:5.0
OPUSDT,Buy,60,0.7742,0.77977424,0.750974,Bullish,2025-09-09T06:35:32.999761+00:00,2025-09-09T12:05:32.999761+05:30,Success,40,40.0,,5.04%,80.26145454183343,0.0049823558708542,0.0038107170232007,0.0011716388476534,0.7754972574882306,0.762235,0.7489727425117694,0.9510921315853712,143.4010660895339,10.0,3.0,0.0,0.758416241697928,0.0029340350447183,0.7719687499999999,0.0018640624999999,,45.56220892714028,,rising,3419465.2,8.0,18.58384338125132,15.0,5.0,0.0,5.0,0.9510921315853712,80.26145454183343,143.4010660895339,0.0011716388476534,0.0029340350447183,0.7719687499999999,,45.56220892714028,,3.0,0.0,rising,3419465.2,5.039999999999957,,,"{""if_confidence_needed"": 65, ""missing_points"": 5, ""top_missing_components"": [{""component"": ""base_score"", ""gap"": 32.0}, {""component"": ""confluence_bonus"", ""gap"": 30.0}, {""component"": ""volume_score"", ""gap"": 5.0}]}",True,,0.0018640624999999,Buy,60,,52.0,60.0,signals_2025-09-09_12-06-04.csv,5,base_score:32.0,confluence_bonus:30.0,volume_score:5.0
UNIUSDT,Buy,61,9.682,9.7517104,9.39154,Bullish,2025-09-09T06:35:37.101647+00:00,2025-09-09T12:05:37.101647+05:30,Success,35,35.0,,5.04%,78.0542047074163,0.0453439022477724,0.0298328522902529,0.0155110499575194,9.704285069321957,9.5552,9.406114930678042,0.9252605595472796,130.89565637732298,10.0,3.0,0.0,9.540097106482389,0.0282235122200298,9.669671875,0.0256875,,39.307829346669806,,rising,705964.0,8.0,20.0,15.0,5.0,0.0,5.0,0.9252605595472796,78.0542047074163,130.89565637732298,0.0155110499575194,0.0282235122200298,9.669671875,,39.307829346669806,,3.0,0.0,rising,705964.0,5.039999999999996,,,"{""if_confidence_needed"": 65, ""missing_points"": 4, ""top_missing_components"": [{""component"": ""base_score"", ""gap"": 32.0}, {""component"": ""confluence_bonus"", ""gap"": 30.0}, {""component"": ""volume_score"", ""gap"": 5.0}]}",True,,0.0256875,Buy,61,,53.0,61.0,signals_2025-09-09_12-06-04.csv,4,base_score:32.0,confluence_bonus:30.0,volume_score:5.0
SEIUSDT,Buy,61,0.3164,0.31867808,0.306908,Bullish,2025-09-09T06:35:50.507295+00:00,2025-09-09T12:05:50.507295+05:30,Success,172,172.0,,5.04%,82.96474580169837,0.0015063031210611,0.0010011700002411,0.0005051331208199,0.3161497272563597,0.311685,0.3072202727436404,1.0280277751887104,162.15413846336327,10.0,3.0,0.0,0.3107924618015538,0.00113168713527,0.3147109375,0.0009749999999999,,44.521760136359866,,rising,11147182.0,8.0,19.712496874665664,15.0,5.0,0.0,5.0,1.0280277751887104,82.96474580169837,162.15413846336327,0.0005051331208199,0.00113168713527,0.3147109375,,44.521760136359866,,3.0,0.0,rising,11147182.0,5.040000000000035,,,"{""if_confidence_needed"": 65, ""missing_points"": 4, ""top_missing_components"": [{""component"": ""base_score"", ""gap"": 32.0}, {""component"": ""confluence_bonus"", ""gap"": 30.0}, {""component"": ""volume_score"", ""gap"": 5.0}]}",True,,0.0009749999999999,Buy,61,,53.0,61.0,signals_2025-09-09_12-06-04.csv,4,base_score:32.0,confluence_bonus:30.0,volume_score:5.0
TIAUSDT,Buy,61,1.7548,1.76743456,1.702156,Bullish,2025-09-09T06:35:53.639648+00:00,2025-09-09T12:05:53.639648+05:30,Success,11,11.0,,5.04%,80.04348147697105,0.0095129291245108,0.0063433100254897,0.003169619099021,1.755668134306002,1.7274549999999995,1.6992418656939976,0.9846147135481988,158.31526081497609,10.0,3.0,0.0,1.7229943000048318,0.0064425436946742,1.7469749999999995,0.0049796874999998,,42.61826396840278,,rising,2163516.0,8.0,20.0,15.0,5.0,0.0,5.0,0.9846147135481988,80.04348147697105,158.31526081497609,0.003169619099021,0.0064425436946742,1.7469749999999995,,42.61826396840278,,3.0,0.0,rising,2163516.0,5.039999999999985,,,"{""if_confidence_needed"": 65, ""missing_points"": 4, ""top_missing_components"": [{""component"": ""base_score"", ""gap"": 32.0}, {""component"": ""confluence_bonus"", ""gap"": 30.0}, {""component"": ""volume_score"", ""gap"": 5.0}]}",True,,0.0049796874999998,Buy,61,,53.0,61.0,signals_2025-09-09_12-06-04.csv,4,base_score:32.0,confluence_bonus:30.0,volume_score:5.0
FETUSDT,Buy,58,0.668,0.6728096,0.64796,Bullish,2025-09-09T06:36:01.852160+00:00,2025-09-09T12:06:01.852160+05:30,Success,6,6.0,,5.04%,75.55327328281504,0.0030014397393827,0.0021078398876431,0.0008935998517395,0.667718929229847,0.659455,0.651191070770153,1.0170058795480663,163.1115043087904,10.0,3.0,0.0,0.6571477455469376,0.002527435804645,0.664703125,0.0016078124999999,,33.611511034757825,,rising,1781288.0,8.0,17.485436663647,15.0,5.0,0.0,5.0,1.0170058795480663,75.55327328281504,163.1115043087904,0.0008935998517395,0.002527435804645,0.664703125,,33.611511034757825,,3.0,0.0,rising,1781288.0,5.039999999999967,,,"{""if_confidence_needed"": 65, ""missing_points"": 7, ""top_missing_components"": [{""component"": ""base_score"", ""gap"": 32.0}, {""component"": ""confluence_bonus"", ""gap"": 30.0}, {""component"": ""volume_score"", ""gap"": 5.0}]}",True,,0.0016078124999999,Buy,58,,50.0,58.0,signals_2025-09-09_12-06-04.csv,7,base_score:32.0,confluence_bonus:30.0,volume_score:5.0
XLMUSDT,Buy,61,0.38514,0.38791301,0.3735858,Bullish,2025-09-09T07:25:31.894368+00:00,2025-09-09T12:55:31.894368+05:30,Inconclusive,300,,,5.04%,77.92998609378833,0.0022568438882876,0.0016988974512772,0.0005579464370103,0.3857211840744224,0.379796,0.3738708159255776,0.9509564540845864,171.2062669274359,10.0,3.0,0.0,0.3778115907893125,0.0012426771662602,0.38251609375,0.00062703125,,47.11784648173347,,rising,24671454.0,8.0,19.77569850949105,15.0,5.0,0.0,5.0,0.9509564540845864,77.92998609378833,171.2062669274359,0.0005579464370103,0.0012426771662602,0.38251609375,,47.11784648173347,,3.0,0.0,rising,24671454.0,5.040000000000039,,,"{""if_confidence_needed"": 65, ""missing_points"": 4, ""top_missing_components"": [{""component"": ""base_score"", ""gap"": 32.0}, {""component"": ""confluence_bonus"", ""gap"": 30.0}, {""component"": ""volume_score"", ""gap"": 5.0}]}",True,,0.00062703125,Buy,61,,53.0,61.0,signals_2025-09-09_12-56-02.csv,4,base_score:32.0,confluence_bonus:30.0,volume_score:5.0
