__source_file,coin,signal,confidence,price,tp,sl,estimated_profit,regime,signal_time_utc,signal_time_ist,leverage,IND__rsi5m,IND__macd5m__macd,IND__macd5m__signal,IND__macd5m__histogram,IND__boll5m__upper,IND__boll5m__middle,IND__boll5m__lower,IND__boll5m__percent_b,IND__cci5m,IND__marketTrend,IND__volProfile__bullish_score,IND__volProfile__bearish_score,IND__ema50_5m,IND__atr5m,IND__hma5m,IND__hma_slope,IND__hma_slope_pct,IND__alma5m,IND__tsi5m,IND__stc5m,IND__cvd5m__trend,IND__cvd5m__value,COMP__base_score,COMP__momentum_score,COMP__trend_score,COMP__volume_score,COMP__confluence_bonus,COMP__profit_check,SCORE__percent_b,SCORE__rsi,SCORE__cci,SCORE__macd_hist,SCORE__atr,SCORE__hma,SCORE__alma,SCORE__tsi,SCORE__stc,SCORE__volProfile_bull,SCORE__volProfile_bear,SCORE__cvd_trend,SCORE__cvd_value,SCORE__hma_slope,SCORE__hma_slope_pct,SCORE__estimated_profit_margin_pct,CONFL__flags,WOULD_BE_STRONG,HMA_GATEKEEPER__applied,HMA_GATEKEEPER__before_confidence,HMA_GATEKEEPER__after_confidence,HMA_GATEKEEPER__hma_slope,HMA_GATEKEEPER__hma_slope_pct,SUPERVISOR__applied,SUPERVISOR__before_confidence,SUPERVISOR__after_confidence,SUPERVISOR__hist_norm,SUPERVISOR__hma_slope_pct,SUPERVISOR__cvd_support,SUPERVISOR__rule,ANALYSIS__engine,ANALYSIS__confidence,CONFL_FLAG__RSI<=30_&_CVD_falling,HMA_GATEKEEPER__reason,HMA_GATEKEEPER__confidence
signals_2025-09-10_17-56-14_STRONG.json,AVAXUSDT,Strong Buy,68,27.281,27.4774232,26.46257,5.04%,Bullish,2025-09-10T12:25:25.141011+00:00,2025-09-10T17:55:25.141024+05:30,7x,79.46940499974,0.1405402720698561,0.08903863429058223,0.05150163777927386,27.274622314170404,26.8868,26.498977685829598,1.0082224327953346,182.56507663723212,10.0,3.0,0.0,26.792095893584246,0.10269314815466238,27.104578125,0.08471874999999685,0.31256251106102334,,43.86767887803725,,rising,408376.0,8.0,20.0,15.0,5.0,0.0,5.0,1.0082224327953346,79.46940499974,182.56507663723212,0.05150163777927386,0.10269314815466238,27.104578125,,43.86767887803725,,3.0,0.0,rising,408376.0,0.08471874999999685,0.31256251106102334,5.040000000000044,,"{""if_confidence_needed"": 65, ""missing_points"": 0, ""top_missing_components"": []}",True,53.0,61.0,0.08471874999999685,0.31256251106102334,True,61.0,68.0,1.0030199425127981,0.31256251106102334,False,hist_norm>=0.6 AND (hma_slope_pct>=0.15 OR cvd_support),Buy,68,,,
signals_2025-09-10_21-23-56_STRONG.json,WUSDT,Strong Buy,68,0.09934,0.10005525,0.0963598,5.04%,Bullish,2025-09-10T15:53:43.782162+00:00,2025-09-10T21:23:43.782176+05:30,7x,79.17074782041989,0.0011884211506592024,0.0005903388023748854,0.000598082348284317,0.09790184724588054,0.0939305,0.08995915275411946,1.1810661049107767,272.99431959625855,5.0,3.0,0.0,0.09309345344916832,0.0012582521190212083,0.09525000000000002,0.0007470312500000159,0.7842847769029037,,30.4560084655081,,rising,55121639.7,8.0,20.0,15.0,5.0,0.0,5.0,1.1810661049107767,79.17074782041989,272.99431959625855,0.000598082348284317,0.0012582521190212083,0.09525000000000002,,30.4560084655081,,3.0,0.0,rising,55121639.7,0.0007470312500000159,0.7842847769029037,5.040000000000012,,"{""if_confidence_needed"": 65, ""missing_points"": 0, ""top_missing_components"": []}",True,53.0,61.0,0.0007470312500000159,0.7842847769029037,True,61.0,68.0,0.950655817292903,0.7842847769029037,False,hist_norm>=0.6 AND (hma_slope_pct>=0.15 OR cvd_support),Buy,68,,,
signals_2025-09-10_21-57-49_STRONG.json,LTCUSDT,Strong Buy,68,117.28,118.124416,113.7616,5.04%,Bullish,2025-09-10T16:27:05.036459+00:00,2025-09-10T21:57:05.036473+05:30,7x,84.31870889733435,0.42637611128917285,0.16300701762732767,0.2633690936618452,116.29193050730517,114.62849999999999,112.96506949269481,1.2969975266040852,415.67924861220155,5.0,3.0,0.0,114.39771571287478,0.4150605062987949,114.87203124999999,0.24671874999999943,0.2147770413000331,,33.00238487173076,,rising,367835.897,8.0,20.0,15.0,5.0,0.0,5.0,1.2969975266040852,84.31870889733435,415.67924861220155,0.2633690936618452,0.4150605062987949,114.87203124999999,,33.00238487173076,,3.0,0.0,rising,367835.897,0.24671874999999943,0.2147770413000331,5.0399999999999725,,"{""if_confidence_needed"": 65, ""missing_points"": 0, ""top_missing_components"": []}",True,53.0,61.0,0.24671874999999943,0.2147770413000331,True,61.0,68.0,1.2690636168224125,0.2147770413000331,False,hist_norm>=0.6 AND (hma_slope_pct>=0.15 OR cvd_support),Buy,68,,,
signals_2025-09-10_22-17-40_STRONG.json,NAORISUSDT,Strong Buy,66,0.11741,0.11825535,0.1138877,5.04%,Bullish,2025-09-10T16:47:05.022234+00:00,2025-09-10T22:17:05.022247+05:30,7x,92.35666178625841,0.013299943454405688,0.010105977304258666,0.0031939661501470228,0.11400616916944137,0.07975499999999999,0.04550383083055861,1.0496892648207103,166.42421055706495,5.0,3.0,0.0,0.06760591253805552,0.008588470730178224,0.10368359375,0.0044692187500000174,4.310439663941546,,71.42603287909871,,rising,983164052.0,8.0,17.92535935811914,15.0,5.0,0.0,5.0,1.0496892648207103,92.35666178625841,166.42421055706495,0.0031939661501470228,0.008588470730178224,0.10368359375,,71.42603287909871,,3.0,0.0,rising,983164052.0,0.0044692187500000174,4.310439663941546,5.039999999999963,,"{""if_confidence_needed"": 65, ""missing_points"": 0, ""top_missing_components"": []}",True,51.0,59.0,0.0044692187500000174,4.310439663941546,True,59.0,66.0,0.7437799465099284,4.310439663941546,False,hist_norm>=0.6 AND (hma_slope_pct>=0.15 OR cvd_support),Buy,66,,,
signals_2025-09-10_22-48-52_STRONG.json,DOGEUSDT,Strong Buy,66,0.24749,0.24927193,0.2400653,5.04%,Bullish,2025-09-10T17:17:43.584759+00:00,2025-09-10T22:47:43.584772+05:30,7x,65.44974846079438,0.0010844239687059776,0.0006613225199872408,0.0004231014487187368,0.24885287354547866,0.2447835,0.2407141264545213,0.8325450428367639,104.83373284222859,10.0,3.0,0.0,0.24420639170407168,0.001098859958576315,0.24758953125,0.0009274999999999978,0.3746119617082953,,26.646571074746088,,falling,-132710473.0,8.0,13.240881597329096,15.0,10.0,0.0,5.0,0.8325450428367639,65.44974846079438,104.83373284222859,0.0004231014487187368,0.001098859958576315,0.24758953125,,26.646571074746088,,3.0,0.0,falling,-132710473.0,0.0009274999999999978,0.3746119617082953,5.039999999999967,,"{""if_confidence_needed"": 65, ""missing_points"": 0, ""top_missing_components"": []}",True,51.0,59.0,0.0009274999999999978,0.3746119617082953,True,59.0,66.0,0.7700734664440914,0.3746119617082953,True,hist_norm>=0.6 AND (hma_slope_pct>=0.15 OR cvd_support),Buy,66,,,
signals_2025-09-10_22-48-52_STRONG.json,ARBUSDT,Strong Buy,71,0.5186,0.52233392,0.503042,5.04%,Bullish,2025-09-10T17:18:13.590646+00:00,2025-09-10T22:48:13.590660+05:30,7x,62.48840983598426,0.00031103772849050415,-0.000498515571090653,0.0008095532995811572,0.5201658941468504,0.514135,0.5081041058531496,0.8701772814510217,106.55633354551179,10.0,3.0,0.0,0.5144351508065932,0.00205530331243442,0.51433125,0.001742187499999992,0.33872868895288627,,3.180872680697678,,falling,-6353107.099999999,8.0,18.45324180251265,15.0,10.0,0.0,5.0,0.8701772814510217,62.48840983598426,106.55633354551179,0.0008095532995811572,0.00205530331243442,0.51433125,,3.180872680697678,,3.0,0.0,falling,-6353107.099999999,0.001742187499999992,0.33872868895288627,5.039999999999928,,"{""if_confidence_needed"": 65, ""missing_points"": 0, ""top_missing_components"": []}",True,56.0,64.0,0.001742187499999992,0.33872868895288627,True,64.0,71.0,0.7877701502093873,0.33872868895288627,True,hist_norm>=0.6 AND (hma_slope_pct>=0.15 OR cvd_support),Buy,71,,,
signals_2025-09-10_22-48-52_STRONG.json,UNIUSDT,Strong Buy,69,9.81,9.880632,9.5157,5.04%,Bullish,2025-09-10T17:18:23.722242+00:00,2025-09-10T22:48:23.722256+05:30,7x,65.0718764375112,0.01592026653591816,0.006692981444775631,0.00922728509114253,9.822640697987941,9.745949999999999,9.669259302012057,0.917586497974448,129.0826521344204,10.0,3.0,0.0,9.732542871360536,0.029869511516233224,9.775187500000001,0.02153124999999889,0.22026431718060535,,13.991863889984216,,falling,-203919.0,8.0,16.414076459438125,15.0,10.0,0.0,5.0,0.917586497974448,65.0718764375112,129.0826521344204,0.00922728509114253,0.029869511516233224,9.775187500000001,,13.991863889984216,,3.0,0.0,falling,-203919.0,0.02153124999999889,0.22026431718060535,5.039999999999986,,"{""if_confidence_needed"": 65, ""missing_points"": 0, ""top_missing_components"": []}",True,54.0,62.0,0.02153124999999889,0.22026431718060535,True,62.0,69.0,0.617839704953177,0.22026431718060535,True,hist_norm>=0.6 AND (hma_slope_pct>=0.15 OR cvd_support),Buy,69,,,
signals_2025-09-10_22-48-52_STRONG.json,NEARUSDT,Strong Buy,65,2.715,2.734548,2.63355,5.04%,Bullish,2025-09-10T17:18:35.940611+00:00,2025-09-10T22:48:35.940625+05:30,7x,62.112556303219485,0.0032954942074643334,0.0005719824050624753,0.002723511802401858,2.7212348763725,2.6984,2.6755651236275,0.8634790863153381,101.46923783287362,10.0,3.0,0.0,2.696522402579562,0.008520882984323306,2.705046875,0.00648437500000032,0.23971396059450245,,9.575595843091925,,rising,554355.0,8.0,16.67106922814239,15.0,5.0,0.0,5.0,0.8634790863153381,62.112556303219485,101.46923783287362,0.002723511802401858,0.008520882984323306,2.705046875,,9.575595843091925,,3.0,0.0,rising,554355.0,0.00648437500000032,0.23971396059450245,5.039999999999974,,"{""if_confidence_needed"": 65, ""missing_points"": 0, ""top_missing_components"": []}",True,50.0,58.0,0.00648437500000032,0.23971396059450245,True,58.0,65.0,0.6392557690118658,0.23971396059450245,False,hist_norm>=0.6 AND (hma_slope_pct>=0.15 OR cvd_support),Buy,65,,,
signals_2025-09-11_00-47-53_STRONG.json,PTBUSDT,Strong Sell,70,0.0419,0.04159832,0.043157,5.04%,Bearish,2025-09-10T19:17:33.240267+00:00,2025-09-11T00:47:33.240279+05:30,7x,15.856678279044743,-0.001828324389198381,-0.0014824630963295629,-0.0003458612928688182,0.05054598356746561,0.046009499999999995,0.04147301643253438,0.04706107286796186,-134.3355803243678,-10.0,0.0,3.0,0.048276691612995436,0.0010138497193735653,0.042822343750000005,-0.0006562499999999971,-1.5324943534880597,,-53.48404620525734,,falling,-269461273.0,8.0,17.187279505270695,15.0,5.0,12.0,5.0,0.04706107286796186,15.856678279044743,-134.3355803243678,-0.0003458612928688182,0.0010138497193735653,0.042822343750000005,,-53.48404620525734,,0.0,3.0,falling,-269461273.0,-0.0006562499999999971,-1.5324943534880597,5.039999999999976,RSI<=30 & CVD_falling,"{""if_confidence_needed"": 65, ""missing_points"": 0, ""top_missing_components"": []}",True,62.0,70.0,-0.0006562499999999971,-1.5324943534880597,,,,,,,,Sell,70,1.0,,
signals_2025-09-11_01-09-09_STRONG.json,ETHUSDT,Strong Sell,67,4297.59,4266.647352,4426.5177,5.04%,Bearish,2025-09-10T19:38:08.802144+00:00,2025-09-11T01:08:08.802158+05:30,7x,26.210093118845805,-15.849934483155266,-13.391858765280201,-2.458075717875065,4370.342554245737,4333.449500000001,4296.556445754264,0.014007436723071729,-150.95765201174686,-10.0,0.0,3.0,4351.171167222495,11.470455921255397,4311.895624999999,-4.343125000001237,-0.10072426092181297,,-35.867462490786785,,falling,-123570.263,8.0,14.143110058919518,15.0,5.0,12.0,5.0,0.014007436723071729,26.210093118845805,-150.95765201174686,-2.458075717875065,11.470455921255397,4311.895624999999,,-35.867462490786785,,0.0,3.0,falling,-123570.263,-4.343125000001237,-0.10072426092181297,5.04000000000003,RSI<=30 & CVD_falling,"{""if_confidence_needed"": 65, ""missing_points"": 0, ""top_missing_components"": []}",True,59.0,67.0,-4.343125000001237,-0.10072426092181297,,,,,,,,Sell,67,1.0,,
signals_2025-09-11_01-09-09_STRONG.json,DOGEUSDT,Strong Sell,72,0.23932,0.2375969,0.2464996,5.04%,Bearish,2025-09-10T19:38:14.945763+00:00,2025-09-11T01:08:14.945777+05:30,7x,25.30996483701631,-0.0011056485390886217,-0.000706999434077519,-0.00039864910501110273,0.24621193986692627,0.24311149999999998,0.2400110601330737,-0.1114454984993446,-213.98834304746123,-10.0,0.0,3.0,0.24357210131787585,0.0010006884094068303,0.24166875,-0.0005253124999999859,-0.21736881578606498,,-29.321441970736817,,falling,-342395834.0,8.0,18.560996640240653,15.0,5.0,12.0,5.0,-0.1114454984993446,25.30996483701631,-213.98834304746123,-0.00039864910501110273,0.0010006884094068303,0.24166875,,-29.321441970736817,,0.0,3.0,falling,-342395834.0,-0.0005253124999999859,-0.21736881578606498,5.040000000000009,RSI<=30 & CVD_falling,"{""if_confidence_needed"": 65, ""missing_points"": 0, ""top_missing_components"": []}",True,64.0,72.0,-0.0005253124999999859,-0.21736881578606498,,,,,,,,Sell,72,1.0,,
signals_2025-09-11_01-09-09_STRONG.json,XRPUSDT,Strong Sell,72,2.9694,2.94802032,3.058482,5.04%,Bearish,2025-09-10T19:38:15.844430+00:00,2025-09-11T01:08:15.844443+05:30,7x,26.625337292929984,-0.006163353860754395,-0.003740414208380956,-0.002422939652373439,3.0083423045837114,2.989985,2.9716276954162884,-0.06067599429235297,-207.3198735272785,-10.0,0.0,3.0,2.993062474706337,0.006037624077105545,2.98391875,-0.0037218750000000966,-0.1247311107247842,,-27.950231998858694,,falling,-16740024.5,8.0,18.63136341619336,15.0,5.0,12.0,5.0,-0.06067599429235297,26.625337292929984,-207.3198735272785,-0.002422939652373439,0.006037624077105545,2.98391875,,-27.950231998858694,,0.0,3.0,falling,-16740024.5,-0.0037218750000000966,-0.1247311107247842,5.039999999999976,RSI<=30 & CVD_falling,"{""if_confidence_needed"": 65, ""missing_points"": 0, ""top_missing_components"": []}",True,64.0,72.0,-0.0037218750000000966,-0.1247311107247842,,,,,,,,Sell,72,1.0,,
signals_2025-09-11_01-09-09_STRONG.json,ENAUSDT,Strong Sell,70,0.7724,0.76683872,0.795572,5.04%,Bearish,2025-09-10T19:38:18.432072+00:00,2025-09-11T01:08:18.432084+05:30,7x,23.773621896603018,-0.004547064019669089,-0.0035371009694059622,-0.001009963050263127,0.7942322360223459,0.783155,0.7720777639776542,0.0145449650840599,-160.38210155857098,-10.0,0.0,3.0,0.7890244444812594,0.0030604296669440537,0.776503125,-0.0021999999999999797,-0.2833214611982379,,-39.54539446628362,,falling,-18044461.0,8.0,16.92016672303358,15.0,5.0,12.0,5.0,0.0145449650840599,23.773621896603018,-160.38210155857098,-0.001009963050263127,0.0030604296669440537,0.776503125,,-39.54539446628362,,0.0,3.0,falling,-18044461.0,-0.0021999999999999797,-0.2833214611982379,5.040000000000002,RSI<=30 & CVD_falling,"{""if_confidence_needed"": 65, ""missing_points"": 0, ""top_missing_components"": []}",True,62.0,70.0,-0.0021999999999999797,-0.2833214611982379,,,,,,,,Sell,70,1.0,,
signals_2025-09-11_01-09-09_STRONG.json,WLFIUSDT,Strong Sell,68,0.196,0.1945888,0.20188,5.04%,Bearish,2025-09-10T19:38:20.206228+00:00,2025-09-11T01:08:20.206241+05:30,7x,25.52168708663035,-0.0009992059680290766,-0.0006872906492366865,-0.0003119153187923901,0.2020965237797385,0.19951,0.1969234762202615,-0.1785168625735282,-221.7659137576988,-10.0,0.0,3.0,0.20086798864523484,0.0012242620430829975,0.19841250000000002,-0.0004750000000000032,-0.23940023940024097,,-28.678763940973717,,falling,-76105127.0,8.0,15.114677567039347,15.0,5.0,12.0,5.0,-0.1785168625735282,25.52168708663035,-221.7659137576988,-0.0003119153187923901,0.0012242620430829975,0.19841250000000002,,-28.678763940973717,,0.0,3.0,falling,-76105127.0,-0.0004750000000000032,-0.23940023940024097,5.0400000000000045,RSI<=30 & CVD_falling,"{""if_confidence_needed"": 65, ""missing_points"": 0, ""top_missing_components"": []}",True,60.0,68.0,-0.0004750000000000032,-0.23940023940024097,,,,,,,,Sell,68,1.0,,
signals_2025-09-11_01-09-09_STRONG.json,BNBUSDT,Strong Sell,72,889.25,882.8474,915.9275,5.04%,Bearish,2025-09-10T19:38:21.978509+00:00,2025-09-11T01:08:21.978523+05:30,7x,20.940861621224215,-1.627769157736111,-1.1040431814631073,-0.5237259762730038,898.9923062964631,894.5385,890.0846937035369,-0.09370565848359544,-195.71865443425375,-10.0,0.0,3.0,895.4161370245599,1.291867103381001,892.12765625,-0.7876562500000546,-0.08828963483891038,,-35.91931069444263,,falling,-21716.530000000002,8.0,18.729656709777743,15.0,5.0,12.0,5.0,-0.09370565848359544,20.940861621224215,-195.71865443425375,-0.5237259762730038,1.291867103381001,892.12765625,,-35.91931069444263,,0.0,3.0,falling,-21716.530000000002,-0.7876562500000546,-0.08828963483891038,5.040000000000005,RSI<=30 & CVD_falling,"{""if_confidence_needed"": 65, ""missing_points"": 0, ""top_missing_components"": []}",True,64.0,72.0,-0.7876562500000546,-0.08828963483891038,,,,,,,,Sell,72,1.0,,
signals_2025-09-11_01-09-09_STRONG.json,SUIUSDT,Strong Sell,68,3.5416,3.51610048,3.647848,5.04%,Bearish,2025-09-10T19:38:25.496800+00:00,2025-09-11T01:08:25.496829+05:30,7x,28.10380337571388,-0.009972471947481854,-0.007634364532726133,-0.00233810741475572,3.591605910988694,3.5680299999999994,3.5444540890113045,-0.06052977152554747,-207.94392523364468,-10.0,0.0,3.0,3.5764763461325675,0.008668777887263996,3.5599796875,-0.004087500000000244,-0.11481807085451927,,-28.743872447310796,,falling,-2628287.0,8.0,15.473182112161364,15.0,5.0,12.0,5.0,-0.06052977152554747,28.10380337571388,-207.94392523364468,-0.00233810741475572,0.008668777887263996,3.5599796875,,-28.743872447310796,,0.0,3.0,falling,-2628287.0,-0.004087500000000244,-0.11481807085451927,5.039999999999978,RSI<=30 & CVD_falling,"{""if_confidence_needed"": 65, ""missing_points"": 0, ""top_missing_components"": []}",True,60.0,68.0,-0.004087500000000244,-0.11481807085451927,,,,,,,,Sell,68,1.0,,
signals_2025-09-11_01-09-09_STRONG.json,LINKUSDT,Strong Sell,69,23.224,23.0567872,23.92072,5.04%,Bearish,2025-09-10T19:38:26.357695+00:00,2025-09-11T01:08:26.357708+05:30,7x,24.36388819140663,-0.0685088813104322,-0.047586571757578265,-0.020922309552853936,23.631746284213005,23.44485,23.257953715786993,-0.09083571653114192,-194.8142052696954,-10.0,0.0,3.0,23.497405702006898,0.0698642354636525,23.350203124999997,-0.030968750000003098,-0.13262732591326484,,-30.894436877505882,,falling,-1220257.2399999998,8.0,16.187303001830387,15.0,5.0,12.0,5.0,-0.09083571653114192,24.36388819140663,-194.8142052696954,-0.020922309552853936,0.0698642354636525,23.350203124999997,,-30.894436877505882,,0.0,3.0,falling,-1220257.2399999998,-0.030968750000003098,-0.13262732591326484,5.0400000000000444,RSI<=30 & CVD_falling,"{""if_confidence_needed"": 65, ""missing_points"": 0, ""top_missing_components"": []}",True,61.0,69.0,-0.030968750000003098,-0.13262732591326484,,,,,,,,Sell,69,1.0,,
signals_2025-09-11_01-09-09_STRONG.json,1000PEPEUSDT,Strong Sell,72,0.0103427,0.01026823,0.01065298,5.04%,Bearish,2025-09-10T19:38:29.035667+00:00,2025-09-11T01:08:29.035680+05:30,7x,27.002669348316303,-3.806183672935143e-05,-2.2579052803500588e-05,-1.548278392585084e-05,0.010590185067951749,0.010473655,0.010357124932048252,-0.06189360523768306,-195.73896768960472,-10.0,0.0,3.0,0.010490215864378533,3.747275348139758e-05,0.0104187359375,-2.3828124999999978e-05,-0.22870456783759888,,-26.214388797359994,,falling,-1072671942.0,8.0,18.916186554182232,15.0,5.0,12.0,5.0,-0.06189360523768306,27.002669348316303,-195.73896768960472,-1.548278392585084e-05,3.747275348139758e-05,0.0104187359375,,-26.214388797359994,,0.0,3.0,falling,-1072671942.0,-2.3828124999999978e-05,-0.22870456783759888,5.039999999999995,RSI<=30 & CVD_falling,"{""if_confidence_needed"": 65, ""missing_points"": 0, ""top_missing_components"": []}",True,64.0,72.0,-2.3828124999999978e-05,-0.22870456783759888,,,,,,,,Sell,72,1.0,,
signals_2025-09-11_01-09-09_STRONG.json,ADAUSDT,Strong Sell,70,0.8737,0.86740936,0.899911,5.04%,Bearish,2025-09-10T19:38:29.935581+00:00,2025-09-11T01:08:29.935593+05:30,7x,25.15098205819595,-0.003039635476838054,-0.0022666280264709085,-0.0007730074503671455,0.889613240585026,0.88124,0.872866759414974,0.04975615931280446,-152.8766009351476,-10.0,0.0,3.0,0.883273468996105,0.002316467317244941,0.8760546874999999,-0.0011562499999999698,-0.13198376956346916,,-38.37979031012545,,falling,-20500298.0,8.0,17.008823897794628,15.0,5.0,12.0,5.0,0.04975615931280446,25.15098205819595,-152.8766009351476,-0.0007730074503671455,0.002316467317244941,0.8760546874999999,,-38.37979031012545,,0.0,3.0,falling,-20500298.0,-0.0011562499999999698,-0.13198376956346916,5.040000000000012,RSI<=30 & CVD_falling,"{""if_confidence_needed"": 65, ""missing_points"": 0, ""top_missing_components"": []}",True,62.0,70.0,-0.0011562499999999698,-0.13198376956346916,,,,,,,,Sell,70,1.0,,
signals_2025-09-11_01-09-09_STRONG.json,ONDOUSDT,Strong Sell,69,1.0062,0.99895536,1.036386,5.04%,Bearish,2025-09-10T19:38:31.695392+00:00,2025-09-11T01:08:31.695401+05:30,7x,28.581616495335297,-0.002916136169875738,-0.002002898339441765,-0.0009132378304339732,1.022977275173129,1.01501,1.007042724826871,-0.05288663994644057,-196.71815044060068,-10.0,0.0,3.0,1.0176545250229705,0.0030658355771703903,1.012609375,-0.0015734375000000522,-0.15538444921073857,,-25.38186428525701,,falling,-3318936.8000000007,8.0,16.149016109547624,15.0,5.0,12.0,5.0,-0.05288663994644057,28.581616495335297,-196.71815044060068,-0.0009132378304339732,0.0030658355771703903,1.012609375,,-25.38186428525701,,0.0,3.0,falling,-3318936.8000000007,-0.0015734375000000522,-0.15538444921073857,5.040000000000017,RSI<=30 & CVD_falling,"{""if_confidence_needed"": 65, ""missing_points"": 0, ""top_missing_components"": []}",True,61.0,69.0,-0.0015734375000000522,-0.15538444921073857,,,,,,,,Sell,69,1.0,,
signals_2025-09-11_01-09-09_STRONG.json,KAITOUSDT,Strong Sell,67,1.2214,1.21260592,1.258042,5.04%,Bearish,2025-09-10T19:38:33.428447+00:00,2025-09-11T01:08:33.428455+05:30,7x,25.633441544416286,-0.0058892074535958905,-0.0048939040045293345,-0.000995303449066556,1.2476144878398412,1.23568,1.2237455121601586,-0.09826614227752804,-228.12524523267942,-10.0,0.0,3.0,1.2477500913731059,0.004952974818267067,1.2313203124999998,-0.002542187500000237,-0.2064602909732505,,-35.06728554567992,,falling,-784860.6,8.0,13.822815308791528,15.0,5.0,12.0,5.0,-0.09826614227752804,25.633441544416286,-228.12524523267942,-0.000995303449066556,0.004952974818267067,1.2313203124999998,,-35.06728554567992,,0.0,3.0,falling,-784860.6,-0.002542187500000237,-0.2064602909732505,5.039999999999957,RSI<=30 & CVD_falling,"{""if_confidence_needed"": 65, ""missing_points"": 0, ""top_missing_components"": []}",True,59.0,67.0,-0.002542187500000237,-0.2064602909732505,,,,,,,,Sell,67,1.0,,
signals_2025-09-11_01-09-09_STRONG.json,ARBUSDT,Strong Sell,72,0.5037,0.50007336,0.518811,5.04%,Bearish,2025-09-10T19:38:38.745931+00:00,2025-09-11T01:08:38.745940+05:30,7x,24.235768287200685,-0.0021274188442893527,-0.0013596334956550034,-0.0007677853486343492,0.5163198325334797,0.51049,0.5046601674665203,-0.08234948954418578,-201.80371890358447,-10.0,0.0,3.0,0.5118858349849457,0.0017550058802152648,0.508084375,-0.0012781249999999078,-0.25155762760858524,,-30.66625555283528,,falling,-10702155.600000001,8.0,19.499593519859996,15.0,5.0,12.0,5.0,-0.08234948954418578,24.235768287200685,-201.80371890358447,-0.0007677853486343492,0.0017550058802152648,0.508084375,,-30.66625555283528,,0.0,3.0,falling,-10702155.600000001,-0.0012781249999999078,-0.25155762760858524,5.04000000000002,RSI<=30 & CVD_falling,"{""if_confidence_needed"": 65, ""missing_points"": 0, ""top_missing_components"": []}",True,64.0,72.0,-0.0012781249999999078,-0.25155762760858524,,,,,,,,Sell,72,1.0,,
signals_2025-09-11_01-09-09_STRONG.json,AAVEUSDT,Strong Sell,65,297.88,295.735264,306.8164,5.04%,Bearish,2025-09-10T19:38:40.456470+00:00,2025-09-11T01:08:40.456479+05:30,7x,22.580058345264874,-1.2187392000007549,-0.8292034236507664,-0.3895357763499885,304.79331554657773,301.2565,297.7196844534223,0.022663826324335237,-153.75536237147477,-10.0,0.0,3.0,301.8198522830092,0.802417125080033,299.02453125000005,-0.609843749999925,-0.20394438792383354,,-38.09849339450711,,falling,-24641.600000000006,8.0,20.0,15.0,5.0,12.0,5.0,0.022663826324335237,22.580058345264874,-153.75536237147477,-0.3895357763499885,0.802417125080033,299.02453125000005,,-38.09849339450711,,0.0,3.0,falling,-24641.600000000006,-0.609843749999925,-0.20394438792383354,5.040000000000054,RSI<=30 & CVD_falling,"{""if_confidence_needed"": 65, ""missing_points"": 0, ""top_missing_components"": []}",False,,,,,,,,,,,,Sell,65,1.0,not_in_gap_or_already_strong,65.0
signals_2025-09-11_01-09-09_STRONG.json,WIFUSDT,Strong Sell,69,0.8778,0.87147984,0.904134,5.04%,Bearish,2025-09-10T19:38:41.366880+00:00,2025-09-11T01:08:41.366891+05:30,7x,29.434254407375008,-0.0026879841861888742,-0.0018417220873126424,-0.0008462620988762318,0.8931943113026901,0.8858400000000002,0.8784856886973103,-0.046618144724131276,-190.2146271996732,-10.0,0.0,3.0,0.8879786699134801,0.002863911237692116,0.8826499999999999,-0.0014796875000001597,-0.1676414773693038,,-24.98422280730092,,falling,-2540558.8,8.0,16.09180162629503,15.0,5.0,12.0,5.0,-0.046618144724131276,29.434254407375008,-190.2146271996732,-0.0008462620988762318,0.002863911237692116,0.8826499999999999,,-24.98422280730092,,0.0,3.0,falling,-2540558.8,-0.0014796875000001597,-0.1676414773693038,5.040000000000015,RSI<=30 & CVD_falling,"{""if_confidence_needed"": 65, ""missing_points"": 0, ""top_missing_components"": []}",True,61.0,69.0,-0.0014796875000001597,-0.1676414773693038,,,,,,,,Sell,69,1.0,,
signals_2025-09-11_01-09-09_STRONG.json,TIAUSDT,Strong Sell,66,1.7313,1.71883464,1.783239,5.04%,Bearish,2025-09-10T19:38:43.139087+00:00,2025-09-11T01:08:43.139095+05:30,7x,29.668083134031818,-0.007425703470236522,-0.006310147068298263,-0.001115556401938259,1.7630105568646335,1.7479399999999998,1.7328694431353662,-0.05206984550946326,-208.02897305260825,-10.0,0.0,3.0,1.7599159358427026,0.006894569411209282,1.7417828125,-0.0034484374999999012,-0.19798320865563718,,-29.01341706697628,,falling,-2009734.0,8.0,12.883252462871683,15.0,5.0,12.0,5.0,-0.05206984550946326,29.668083134031818,-208.02897305260825,-0.001115556401938259,0.006894569411209282,1.7417828125,,-29.01341706697628,,0.0,3.0,falling,-2009734.0,-0.0034484374999999012,-0.19798320865563718,5.039999999999992,RSI<=30 & CVD_falling,"{""if_confidence_needed"": 65, ""missing_points"": 0, ""top_missing_components"": []}",True,58.0,66.0,-0.0034484374999999012,-0.19798320865563718,,,,,,,,Sell,66,1.0,,
signals_2025-09-11_01-09-09_STRONG.json,UNIUSDT,Strong Sell,65,9.58,9.511024,9.8674,5.04%,Bearish,2025-09-10T19:38:47.492959+00:00,2025-09-11T01:08:47.492968+05:30,7x,22.78785926075153,-0.03400480057199928,-0.021929374946110698,-0.012075425625888585,9.783239704932209,9.68675,9.590260295067791,-0.053167822800369656,-185.91667039873414,-10.0,0.0,3.0,9.702591488233754,0.026998734622969957,9.634234374999998,-0.01895312499999946,-0.1967268416178578,,-35.13078196831007,,falling,-535225.0,8.0,19.734214735188427,15.0,5.0,12.0,5.0,-0.053167822800369656,22.78785926075153,-185.91667039873414,-0.012075425625888585,0.026998734622969957,9.634234374999998,,-35.13078196831007,,0.0,3.0,falling,-535225.0,-0.01895312499999946,-0.1967268416178578,5.039999999999946,RSI<=30 & CVD_falling,"{""if_confidence_needed"": 65, ""missing_points"": 0, ""top_missing_components"": []}",False,,,,,,,,,,,,Sell,65,1.0,not_in_gap_or_already_strong,65.0
signals_2025-09-11_01-09-09_STRONG.json,TRUMPUSDT,Strong Sell,72,8.731,8.6681368,8.99293,5.04%,Bearish,2025-09-10T19:38:52.815145+00:00,2025-09-11T01:08:52.815154+05:30,7x,22.792659956578888,-0.019704835069676463,-0.012596658737528691,-0.007108176332147772,8.853417941951736,8.797450000000001,8.741482058048266,-0.09364341159181505,-210.47225150703707,-10.0,0.0,3.0,8.80961179423717,0.016283425740983824,8.771640625,-0.010500000000000398,-0.11970394648949036,,-33.46659261978962,,falling,-528826.3999999999,8.0,19.476679458313992,15.0,5.0,12.0,5.0,-0.09364341159181505,22.792659956578888,-210.47225150703707,-0.007108176332147772,0.016283425740983824,8.771640625,,-33.46659261978962,,0.0,3.0,falling,-528826.3999999999,-0.010500000000000398,-0.11970394648949036,5.040000000000054,RSI<=30 & CVD_falling,"{""if_confidence_needed"": 65, ""missing_points"": 0, ""top_missing_components"": []}",True,64.0,72.0,-0.010500000000000398,-0.11970394648949036,,,,,,,,Sell,72,1.0,,
signals_2025-09-11_01-09-09_STRONG.json,NEARUSDT,Strong Sell,70,2.661,2.6418408,2.74083,5.04%,Bearish,2025-09-10T19:38:55.443934+00:00,2025-09-11T01:08:55.443944+05:30,7x,29.64396327222994,-0.008581964134699582,-0.005787925658732827,-0.002794038475966755,2.7085768419015577,2.6841,2.659623158098442,0.028125399246669593,-154.431939078339,-10.0,0.0,3.0,2.6884502867319515,0.008206489916288185,2.668953125,-0.004593750000000618,-0.17211804722125343,,-28.076106937735073,,falling,-1558544.0,8.0,17.171206460646225,15.0,5.0,12.0,5.0,0.028125399246669593,29.64396327222994,-154.431939078339,-0.002794038475966755,0.008206489916288185,2.668953125,,-28.076106937735073,,0.0,3.0,falling,-1558544.0,-0.004593750000000618,-0.17211804722125343,5.039999999999953,RSI<=30 & CVD_falling,"{""if_confidence_needed"": 65, ""missing_points"": 0, ""top_missing_components"": []}",True,62.0,70.0,-0.004593750000000618,-0.17211804722125343,,,,,,,,Sell,70,1.0,,
signals_2025-09-11_01-09-09_STRONG.json,TAOUSDT,Strong Sell,65,336.48,334.057344,346.5744,5.04%,Bearish,2025-09-10T19:38:58.089856+00:00,2025-09-11T01:08:58.089876+05:30,7x,25.850102540675522,-1.4701293392570847,-0.9599483096802713,-0.5101810295768133,344.92777118553545,340.65,336.3722288144645,0.012596651487569176,-168.38169552141824,-10.0,0.0,3.0,341.33856201665026,1.1250219601050135,337.9659375,-0.8668749999999932,-0.2564977424684975,,-33.86308864899733,,falling,-15348.605000000001,8.0,19.88364951445089,15.0,5.0,12.0,5.0,0.012596651487569176,25.850102540675522,-168.38169552141824,-0.5101810295768133,1.1250219601050135,337.9659375,,-33.86308864899733,,0.0,3.0,falling,-15348.605000000001,-0.8668749999999932,-0.2564977424684975,5.0400000000000365,RSI<=30 & CVD_falling,"{""if_confidence_needed"": 65, ""missing_points"": 0, ""top_missing_components"": []}",False,,,,,,,,,,,,Sell,65,1.0,not_in_gap_or_already_strong,65.0
signals_2025-09-11_01-09-09_STRONG.json,LDOUSDT,Strong Sell,72,1.2128,1.20406784,1.249184,5.04%,Bearish,2025-09-10T19:38:59.823551+00:00,2025-09-11T01:08:59.823563+05:30,7x,27.45110180309885,-0.005272842203025041,-0.0035066793509797188,-0.0017661628520453223,1.242541391409552,1.2273800000000001,1.2122186085904483,0.019173418647629527,-167.03371167202982,-10.0,0.0,3.0,1.229651945887597,0.004420320332331704,1.2187609375,-0.0028265625000001293,-0.23192099558081952,,-31.785127615335423,,falling,-2891225.0,8.0,18.58932956488433,15.0,5.0,12.0,5.0,0.019173418647629527,27.45110180309885,-167.03371167202982,-0.0017661628520453223,0.004420320332331704,1.2187609375,,-31.785127615335423,,0.0,3.0,falling,-2891225.0,-0.0028265625000001293,-0.23192099558081952,5.040000000000057,RSI<=30 & CVD_falling,"{""if_confidence_needed"": 65, ""missing_points"": 0, ""top_missing_components"": []}",True,64.0,72.0,-0.0028265625000001293,-0.23192099558081952,,,,,,,,Sell,72,1.0,,
signals_2025-09-11_01-09-09_STRONG.json,FILUSDT,Strong Sell,72,2.455,2.437324,2.52865,5.04%,Bearish,2025-09-10T19:39:02.468723+00:00,2025-09-11T01:09:02.468733+05:30,7x,23.913171172696607,-0.008122116213507447,-0.005252874886263456,-0.0028692413272439904,2.501702838295196,2.47785,2.4539971617048044,0.021021361960887438,-160.9195402298842,-10.0,0.0,3.0,2.481612106342165,0.006992409794390273,2.46403125,-0.005125000000000046,-0.20799249197834022,,-34.689695767484494,,falling,-1949602.8,8.0,18.848077255011685,15.0,5.0,12.0,5.0,0.021021361960887438,23.913171172696607,-160.9195402298842,-0.0028692413272439904,0.006992409794390273,2.46403125,,-34.689695767484494,,0.0,3.0,falling,-1949602.8,-0.005125000000000046,-0.20799249197834022,5.039999999999943,RSI<=30 & CVD_falling,"{""if_confidence_needed"": 65, ""missing_points"": 0, ""top_missing_components"": []}",True,64.0,72.0,-0.005125000000000046,-0.20799249197834022,,,,,,,,Sell,72,1.0,,
signals_2025-09-11_01-09-09_STRONG.json,1000SHIBUSDT,Strong Sell,65,0.012869,0.01277634,0.01325507,5.04%,Bearish,2025-09-10T19:39:03.380315+00:00,2025-09-11T01:09:03.380325+05:30,7x,21.886409661612433,-4.024165819699506e-05,-2.3911481535048552e-05,-1.6330176661946507e-05,0.013120965127093676,0.0130001,0.012879234872906325,-0.04234005768426693,-186.30751964085277,-10.0,0.0,3.0,0.013016170623076095,3.418327663161672e-05,0.012937656249999999,-2.450000000000195e-05,-0.18936969360274936,,-35.12160234574755,,falling,-401702632.0,8.0,20.0,15.0,5.0,12.0,5.0,-0.04234005768426693,21.886409661612433,-186.30751964085277,-1.6330176661946507e-05,3.418327663161672e-05,0.012937656249999999,,-35.12160234574755,,0.0,3.0,falling,-401702632.0,-2.450000000000195e-05,-0.18936969360274936,5.040000000000014,RSI<=30 & CVD_falling,"{""if_confidence_needed"": 65, ""missing_points"": 0, ""top_missing_components"": []}",False,,,,,,,,,,,,Sell,65,1.0,not_in_gap_or_already_strong,65.0
signals_2025-09-11_01-09-09_STRONG.json,HBARUSDT,Strong Sell,71,0.23006,0.22840357,0.2369618,5.04%,Bearish,2025-09-10T19:39:04.245476+00:00,2025-09-11T01:09:04.245488+05:30,7x,26.818896153564438,-0.0006915524850330257,-0.0004654681245460447,-0.00022608436048698096,0.23404412507125966,0.23207649999999996,0.23010887492874027,-0.012419776880814293,-167.99043658738594,-10.0,0.0,3.0,0.23254646592795386,0.0005970829837976342,0.23096828125,-0.0003884375000000051,-0.16817785450789258,,-32.488696592195666,,falling,-9112082.0,8.0,18.08755532970699,15.0,5.0,12.0,5.0,-0.012419776880814293,26.818896153564438,-167.99043658738594,-0.00022608436048698096,0.0005970829837976342,0.23096828125,,-32.488696592195666,,0.0,3.0,falling,-9112082.0,-0.0003884375000000051,-0.16817785450789258,5.04000000000004,RSI<=30 & CVD_falling,"{""if_confidence_needed"": 65, ""missing_points"": 0, ""top_missing_components"": []}",True,63.0,71.0,-0.0003884375000000051,-0.16817785450789258,,,,,,,,Sell,71,1.0,,
signals_2025-09-11_01-09-09_STRONG.json,ETHFIUSDT,Strong Sell,70,1.2589,1.24983592,1.296667,5.04%,Bearish,2025-09-10T19:39:05.143252+00:00,2025-09-11T01:09:05.143264+05:30,7x,27.94521973604614,-0.006201509187296672,-0.0044565231605351455,-0.0017449860267615266,1.2904911974686177,1.2746650000000002,1.2588388025313826,0.0019334230076010189,-169.42830499964063,-10.0,0.0,3.0,1.2773166887678167,0.005499414403464446,1.26559375,-0.0031265625000000963,-0.24704313686758458,,-29.50114371416277,,falling,-1554081.0,8.0,16.61529529687631,15.0,5.0,12.0,5.0,0.0019334230076010189,27.94521973604614,-169.42830499964063,-0.0017449860267615266,0.005499414403464446,1.26559375,,-29.50114371416277,,0.0,3.0,falling,-1554081.0,-0.0031265625000000963,-0.24704313686758458,5.039999999999956,RSI<=30 & CVD_falling,"{""if_confidence_needed"": 65, ""missing_points"": 0, ""top_missing_components"": []}",True,62.0,70.0,-0.0031265625000000963,-0.24704313686758458,,,,,,,,Sell,70,1.0,,
signals_2025-09-11_01-09-09_STRONG.json,SEIUSDT,Strong Sell,72,0.3124,0.31015072,0.321772,5.04%,Bearish,2025-09-10T19:39:08.596991+00:00,2025-09-11T01:09:08.597005+05:30,7x,26.648662767069453,-0.0012784108810743877,-0.000816932460213016,-0.00046147842086137177,0.31988555021491594,0.31612,0.3123544497850841,0.006048281435139582,-173.68360674543877,-10.0,0.0,3.0,0.31665682295163217,0.0011010633240205764,0.314471875,-0.0007500000000000284,-0.2384950959445987,,-29.262795153404802,,falling,-11725230.0,8.0,19.05889657665679,15.0,5.0,12.0,5.0,0.006048281435139582,26.648662767069453,-173.68360674543877,-0.00046147842086137177,0.0011010633240205764,0.314471875,,-29.262795153404802,,0.0,3.0,falling,-11725230.0,-0.0007500000000000284,-0.2384950959445987,5.0400000000000444,RSI<=30 & CVD_falling,"{""if_confidence_needed"": 65, ""missing_points"": 0, ""top_missing_components"": []}",True,64.0,72.0,-0.0007500000000000284,-0.2384950959445987,,,,,,,,Sell,72,1.0,,
signals_2025-09-11_01-09-09_STRONG.json,OPUSDT,Strong Sell,72,0.7641,0.75859848,0.787023,5.04%,Bearish,2025-09-10T19:39:09.511451+00:00,2025-09-11T01:09:09.511464+05:30,7x,24.377387020176684,-0.0027285305600488474,-0.0017809823759225363,-0.0009475481841263111,0.7798003656447965,0.772335,0.7648696343552035,-0.05154699661227892,-191.2603913670219,-10.0,0.0,3.0,0.77417147260497,0.0023283069286522125,0.7687249999999999,-0.0016734375000001522,-0.21769000617908257,,-34.16812317711531,,falling,-2509721.3,8.0,18.76725024487886,15.0,5.0,12.0,5.0,-0.05154699661227892,24.377387020176684,-191.2603913670219,-0.0009475481841263111,0.0023283069286522125,0.7687249999999999,,-34.16812317711531,,0.0,3.0,falling,-2509721.3,-0.0016734375000001522,-0.21769000617908257,5.040000000000035,RSI<=30 & CVD_falling,"{""if_confidence_needed"": 65, ""missing_points"": 0, ""top_missing_components"": []}",True,64.0,72.0,-0.0016734375000001522,-0.21769000617908257,,,,,,,,Sell,72,1.0,,
signals_2025-09-11_01-22-56_STRONG.json,DOGEUSDT,Strong Sell,66,0.23947,0.23774582,0.2466541,5.04%,Bearish,2025-09-10T19:52:00.314890+00:00,2025-09-11T01:22:00.314904+05:30,7x,29.20158870313415,-0.001326296831151652,-0.0009864329585768303,-0.0003398638725748218,0.24570203715025954,0.2422755,0.23884896284974047,0.09062168641779925,-127.58844832389252,-10.0,0.0,3.0,0.24312328669459676,0.0009564513335347337,0.23976734375,-0.0006339062499999826,-0.26438389819296754,,-34.27738248818226,,falling,-344937070.0,8.0,12.528121249673086,15.0,5.0,12.0,5.0,0.09062168641779925,29.20158870313415,-127.58844832389252,-0.0003398638725748218,0.0009564513335347337,0.23976734375,,-34.27738248818226,,0.0,3.0,falling,-344937070.0,-0.0006339062499999826,-0.26438389819296754,5.03999999999997,RSI<=30 & CVD_falling,"{""if_confidence_needed"": 65, ""missing_points"": 0, ""top_missing_components"": []}",True,58.0,66.0,-0.0006339062499999826,-0.26438389819296754,,,,,,,,Sell,66,1.0,,
signals_2025-09-11_01-22-56_STRONG.json,ARBUSDT,Strong Sell,65,0.5039,0.50027192,0.519017,5.04%,Bearish,2025-09-10T19:52:24.792525+00:00,2025-09-11T01:22:24.792539+05:30,7x,29.39949838851365,-0.0024558572056101458,-0.0018590850562192449,-0.0005967721493909009,0.5159213016707133,0.50915,0.5023786983292867,0.11233450706332535,-117.02529256322889,-10.0,0.0,3.0,0.5110283503997775,0.0016968463635218456,0.5039390625,-0.0012968749999999751,-0.25734758356819687,,-34.58789182196129,,falling,-9549125.200000001,8.0,12.440676712566283,15.0,5.0,12.0,5.0,0.11233450706332535,29.39949838851365,-117.02529256322889,-0.0005967721493909009,0.0016968463635218456,0.5039390625,,-34.58789182196129,,0.0,3.0,falling,-9549125.200000001,-0.0012968749999999751,-0.25734758356819687,5.040000000000046,RSI<=30 & CVD_falling,"{""if_confidence_needed"": 65, ""missing_points"": 0, ""top_missing_components"": []}",True,57.0,65.0,-0.0012968749999999751,-0.25734758356819687,,,,,,,,Sell,65,1.0,,
signals_2025-09-11_02-12-30_STRONG.json,NEARUSDT,Strong Buy,67,2.694,2.7133968,2.61318,5.04%,Bullish,2025-09-10T20:42:11.082023+00:00,2025-09-11T02:12:11.082036+05:30,7x,59.9442210795374,0.0015321165598587427,-0.0018581766265304712,0.003390293186389214,2.698838274387194,2.67685,2.6548617256128058,0.889980580058343,126.61498708010276,10.0,3.0,0.0,2.6858654990113564,0.007944299966029703,2.6920156250000002,0.0046874999999997335,0.17412603242225733,,4.473190186211818,,falling,-110045.0,8.0,14.242190856497288,15.0,10.0,0.0,5.0,0.889980580058343,59.9442210795374,126.61498708010276,0.003390293186389214,0.007944299966029703,2.6920156250000002,,4.473190186211818,,3.0,0.0,falling,-110045.0,0.0046874999999997335,0.17412603242225733,5.039999999999998,,"{""if_confidence_needed"": 65, ""missing_points"": 0, ""top_missing_components"": []}",True,52.0,60.0,0.0046874999999997335,0.17412603242225733,True,60.0,67.0,0.8535159047081073,0.17412603242225733,True,hist_norm>=0.6 AND (hma_slope_pct>=0.15 OR cvd_support),Buy,67,,,
signals_2025-09-11_02-12-30_STRONG.json,TAOUSDT,Strong Buy,70,340.93,343.384696,330.7021,5.04%,Bullish,2025-09-10T20:42:14.657667+00:00,2025-09-11T02:12:14.657679+05:30,7x,58.916931371674124,-0.11656976578501599,-0.6068258107557493,0.4902560449707333,341.5503777236442,338.709,335.8676222763558,0.8908315289301746,126.24773195220708,10.0,3.0,0.0,340.4706996241504,0.9201068038259447,340.29687500000006,0.6062500000000455,0.17815326690850317,,-3.6631198624216985,,falling,-2568.5429999999997,8.0,17.0,15.0,10.0,0.0,5.0,0.8908315289301746,58.916931371674124,126.24773195220708,0.4902560449707333,0.9201068038259447,340.29687500000006,,-3.6631198624216985,,3.0,0.0,falling,-2568.5429999999997,0.6062500000000455,0.17815326690850317,5.040000000000026,,"{""if_confidence_needed"": 65, ""missing_points"": 0, ""top_missing_components"": []}",True,55.0,63.0,0.6062500000000455,0.17815326690850317,True,63.0,70.0,1.0656502982744476,0.17815326690850317,True,hist_norm>=0.6 AND (hma_slope_pct>=0.15 OR cvd_support),Buy,70,,,
signals_2025-09-11_02-12-30_STRONG.json,ARKMUSDT,Strong Buy,68,0.6179,0.62234888,0.599363,5.04%,Bullish,2025-09-10T20:42:24.210365+00:00,2025-09-11T02:12:24.210378+05:30,7x,81.96361239999277,0.0036644721754512943,0.0016625560344873235,0.002001916140963971,0.6161587435563961,0.6023050000000001,0.5884512564436041,1.062844257096126,176.54792719503737,10.0,3.0,0.0,0.6033630375744556,0.002989967543670636,0.611346875,0.0023828124999999423,0.38976440339209106,,37.09341893337915,,rising,3258306.0,8.0,20.0,15.0,5.0,0.0,5.0,1.062844257096126,81.96361239999277,176.54792719503737,0.002001916140963971,0.002989967543670636,0.611346875,,37.09341893337915,,3.0,0.0,rising,3258306.0,0.0023828124999999423,0.38976440339209106,5.039999999999987,,"{""if_confidence_needed"": 65, ""missing_points"": 0, ""top_missing_components"": []}",True,53.0,61.0,0.0023828124999999423,0.38976440339209106,True,61.0,68.0,1.3390888775376584,0.38976440339209106,False,hist_norm>=0.6 AND (hma_slope_pct>=0.15 OR cvd_support),Buy,68,,,
signals_2025-09-11_02-23-44_STRONG.json,WIFUSDT,Strong Buy,66,0.8866,0.89298352,0.860002,5.04%,Bullish,2025-09-10T20:53:11.683907+00:00,2025-09-11T02:23:11.683921+05:30,7x,56.69353715394112,1.1692860801493232e-05,-0.0008198458852146136,0.0008315387460161068,0.888075955946692,0.882545,0.8770140440533081,0.8665731601447048,126.20912022109898,5.0,3.0,0.0,0.8859995718801575,0.002404501736931927,0.8865296875,0.0006359374999999057,0.07173335636319632,,-0.2826537537427667,,falling,-235310.19999999984,8.0,13.299819292229339,15.0,10.0,0.0,5.0,0.8665731601447048,56.69353715394112,126.20912022109898,0.0008315387460161068,0.002404501736931927,0.8865296875,,-0.2826537537427667,,3.0,0.0,falling,-235310.19999999984,0.0006359374999999057,0.07173335636319632,5.0399999999999805,,"{""if_confidence_needed"": 65, ""missing_points"": 0, ""top_missing_components"": []}",True,51.0,59.0,0.0006359374999999057,0.07173335636319632,True,59.0,66.0,0.6916516076857783,0.07173335636319632,True,hist_norm>=0.6 AND (hma_slope_pct>=0.15 OR cvd_support),Buy,66,,,
signals_2025-09-11_02-23-44_STRONG.json,TAOUSDT,Strong Buy,69,340.78,343.233616,330.5566,5.04%,Bullish,2025-09-10T20:53:31.289141+00:00,2025-09-11T02:23:31.289154+05:30,7x,57.825776471676846,0.04386728988589539,-0.38736803485517735,0.43123532474107273,341.77364630935483,338.8015,335.8293536906451,0.8328402767004861,114.2049598832967,5.0,3.0,0.0,340.48445761645155,0.8560760223767211,341.17109374999995,0.3968749999999659,0.11632726431705968,,0.6309792491401324,,falling,-1179.824,8.0,16.0,15.0,10.0,0.0,5.0,0.8328402767004861,57.825776471676846,114.2049598832967,0.43123532474107273,0.8560760223767211,341.17109374999995,,0.6309792491401324,,3.0,0.0,falling,-1179.824,0.3968749999999659,0.11632726431705968,5.040000000000023,,"{""if_confidence_needed"": 65, ""missing_points"": 0, ""top_missing_components"": []}",True,54.0,62.0,0.3968749999999659,0.11632726431705968,True,62.0,69.0,1.0074696953755007,0.11632726431705968,True,hist_norm>=0.6 AND (hma_slope_pct>=0.15 OR cvd_support),Buy,69,,,
signals_2025-09-11_02-23-44_STRONG.json,ARKMUSDT,Strong Buy,68,0.6198,0.62426256,0.601206,5.04%,Bullish,2025-09-10T20:53:39.025931+00:00,2025-09-11T02:23:39.025945+05:30,7x,80.18581635013139,0.004712700177603502,0.0026867039196170105,0.002025996257986491,0.6211885447010606,0.604465,0.5877414552989395,0.958485335319716,147.3639704686628,5.0,3.0,0.0,0.6045638114752966,0.003123236816746021,0.6164046875,0.002506250000000043,0.4065916516898718,,44.67888635371171,,rising,3862641.0,8.0,20.0,15.0,5.0,0.0,5.0,0.958485335319716,80.18581635013139,147.3639704686628,0.002025996257986491,0.003123236816746021,0.6164046875,,44.67888635371171,,3.0,0.0,rising,3862641.0,0.002506250000000043,0.4065916516898718,5.0400000000000045,,"{""if_confidence_needed"": 65, ""missing_points"": 0, ""top_missing_components"": []}",True,53.0,61.0,0.002506250000000043,0.4065916516898718,True,61.0,68.0,1.297369605227245,0.4065916516898718,False,hist_norm>=0.6 AND (hma_slope_pct>=0.15 OR cvd_support),Buy,68,,,
signals_2025-09-11_03-09-24_STRONG.json,AVAXUSDT,Strong Buy,68,29.23,29.440456,28.3531,5.04%,Bullish,2025-09-10T21:38:13.363163+00:00,2025-09-11T03:08:13.363175+05:30,7x,74.95627102302663,0.12949193438329587,0.0814779755363813,0.048013958846914576,29.200650243196545,28.794600000000003,28.38854975680346,1.0361405482390624,163.15810904352443,10.0,3.0,0.0,28.718721450001333,0.10575293074312457,29.07025,0.05757812499999915,0.19806546211332599,,31.84045456056472,,rising,763900.0,8.0,19.896483002679034,15.0,5.0,0.0,5.0,1.0361405482390624,74.95627102302663,163.15810904352443,0.048013958846914576,0.10575293074312457,29.07025,,31.84045456056472,,3.0,0.0,rising,763900.0,0.05757812499999915,0.19806546211332599,5.040000000000015,,"{""if_confidence_needed"": 65, ""missing_points"": 0, ""top_missing_components"": []}",True,53.0,61.0,0.05757812499999915,0.19806546211332599,True,61.0,68.0,0.9080402502232527,0.19806546211332599,False,hist_norm>=0.6 AND (hma_slope_pct>=0.15 OR cvd_support),Buy,68,,,
signals_2025-09-11_03-09-24_STRONG.json,OMNIUSDT,Strong Buy,65,3.731,3.7578632,3.61907,5.04%,Bullish,2025-09-10T21:38:41.428202+00:00,2025-09-11T03:08:41.428214+05:30,7x,59.88766467392811,0.0008524738379858121,-0.008631614666617675,0.009484088504603487,3.7211273245513237,3.6706000000000003,3.620072675448677,1.0976964002779128,273.02076454619004,10.0,3.0,0.0,3.6918278629294106,0.029478084477261395,3.6852656250000004,0.007984375000000377,0.2166567030022531,,0.22142215742766858,,falling,-32551.169999999962,8.0,11.721604987123984,15.0,10.0,0.0,5.0,1.0976964002779128,59.88766467392811,273.02076454619004,0.009484088504603487,0.029478084477261395,3.6852656250000004,,0.22142215742766858,,3.0,0.0,falling,-32551.169999999962,0.007984375000000377,0.2166567030022531,5.040000000000037,,"{""if_confidence_needed"": 65, ""missing_points"": 0, ""top_missing_components"": []}",True,50.0,58.0,0.007984375000000377,0.2166567030022531,True,58.0,65.0,0.643467082260332,0.2166567030022531,True,hist_norm>=0.6 AND (hma_slope_pct>=0.15 OR cvd_support),Buy,65,,,
signals_2025-09-11_03-23-27_STRONG.json,MUSDT,Strong Buy,66,2.0305,2.0451196,1.969585,5.04%,Bullish,2025-09-10T21:53:02.193887+00:00,2025-09-11T03:23:02.193899+05:30,7x,73.06407058326532,0.0104123216143448,0.004946754972761773,0.005465566641583026,2.019058802684104,1.981355,1.943651197315896,1.1517247134427606,251.40869871456147,10.0,3.0,0.0,1.977168003728948,0.015245555055742056,1.9860812499999996,0.0041890624999998405,0.2109210033577348,,20.985822560741852,,rising,1415533.0,8.0,17.604055340614686,15.0,5.0,0.0,5.0,1.1517247134427606,73.06407058326532,251.40869871456147,0.005465566641583026,0.015245555055742056,1.9860812499999996,,20.985822560741852,,3.0,0.0,rising,1415533.0,0.0041890624999998405,0.2109210033577348,5.040000000000023,,"{""if_confidence_needed"": 65, ""missing_points"": 0, ""top_missing_components"": []}",True,51.0,59.0,0.0041890624999998405,0.2109210033577348,True,59.0,66.0,0.7170046117178903,0.2109210033577348,False,hist_norm>=0.6 AND (hma_slope_pct>=0.15 OR cvd_support),Buy,66,,,
signals_2025-09-11_05-23-00_STRONG.json,NAORISUSDT,Strong Buy,67,0.09007,0.0907185,0.0873679,5.04%,Bullish,2025-09-10T23:52:14.118671+00:00,2025-09-11T05:22:14.118683+05:30,7x,77.68662408944364,0.003500766506538605,0.002075466843414114,0.0014252996631244912,0.08852073158361008,0.07818499999999999,0.0678492684163899,1.074947206390628,206.87143916551588,10.0,3.0,0.0,0.07695082594113445,0.003549272393836514,0.0838378125,0.0016445312499999976,1.9615626898662193,,33.209079306070564,,rising,235375598.0,8.0,18.637804067783094,15.0,5.0,0.0,5.0,1.074947206390628,77.68662408944364,206.87143916551588,0.0014252996631244912,0.003549272393836514,0.0838378125,,33.209079306070564,,3.0,0.0,rising,235375598.0,0.0016445312499999976,1.9615626898662193,5.039999999999955,,"{""if_confidence_needed"": 65, ""missing_points"": 0, ""top_missing_components"": []}",True,52.0,60.0,0.0016445312499999976,1.9615626898662193,True,60.0,67.0,0.8031503389819243,1.9615626898662193,False,hist_norm>=0.6 AND (hma_slope_pct>=0.15 OR cvd_support),Buy,67,,,
signals_2025-09-11_07-57-49_STRONG.json,SEIUSDT,Strong Buy,67,0.3276,0.32995872,0.317772,5.04%,Bullish,2025-09-11T02:27:45.303105+00:00,2025-09-11T07:57:45.303119+05:30,7x,76.20824180386,0.001713886004948706,0.001196141644216739,0.000517744360731967,0.3278578918128647,0.32282500000000003,0.3177921081871354,0.9743793605690596,144.83877721942937,5.0,3.0,0.0,0.32156992282467306,0.0012872660707486465,0.32646718750000003,0.0007125000000000048,0.21824551663404296,,41.96958796101596,,rising,10456030.0,8.0,18.65291087827755,15.0,5.0,0.0,5.0,0.9743793605690596,76.20824180386,144.83877721942937,0.000517744360731967,0.0012872660707486465,0.32646718750000003,,41.96958796101596,,3.0,0.0,rising,10456030.0,0.0007125000000000048,0.21824551663404296,5.039999999999959,,"{""if_confidence_needed"": 65, ""missing_points"": 0, ""top_missing_components"": []}",True,52.0,60.0,0.0007125000000000048,0.21824551663404296,True,60.0,67.0,0.8044092398564624,0.21824551663404296,False,hist_norm>=0.6 AND (hma_slope_pct>=0.15 OR cvd_support),Buy,67,,,
signals_2025-09-11_08-21-28_STRONG.json,BIOUSDT,Strong Buy,68,0.15401,0.15511887,0.1493897,5.04%,Bullish,2025-09-11T02:51:14.631586+00:00,2025-09-11T08:21:14.631597+05:30,7x,91.02433521838364,0.0018271444356638689,0.0009986128699508846,0.0008285315657129842,0.1526158244990137,0.147167,0.14171817550098628,1.127933603040313,230.2462441620026,10.0,3.0,0.0,0.1463145783570657,0.0009086050471221896,0.14933171875,0.0010609374999999976,0.7104569001687712,,64.27672960660192,,rising,55311512.0,8.0,20.0,15.0,5.0,0.0,5.0,1.127933603040313,91.02433521838364,230.2462441620026,0.0008285315657129842,0.0009086050471221896,0.14933171875,,64.27672960660192,,3.0,0.0,rising,55311512.0,0.0010609374999999976,0.7104569001687712,5.040000000000049,,"{""if_confidence_needed"": 65, ""missing_points"": 0, ""top_missing_components"": []}",True,53.0,61.0,0.0010609374999999976,0.7104569001687712,True,61.0,68.0,1.5,0.7104569001687712,False,hist_norm>=0.6 AND (hma_slope_pct>=0.15 OR cvd_support),Buy,68,,,
signals_2025-09-11_09-25-24_STRONG.json,AVAXUSDT,Strong Buy,68,29.411,29.6227592,28.52867,5.04%,Bullish,2025-09-11T03:54:16.095639+00:00,2025-09-11T09:24:16.095652+05:30,7x,71.79453096095489,0.07153455379793883,0.010291083977602115,0.06124346982033671,29.408584277163115,29.03035,28.652115722836882,1.003193421356474,164.73516659649766,10.0,3.0,0.0,29.088406631655644,0.09201403027387875,29.243203124999997,0.09193749999999667,0.31438929452088427,,20.547622439616394,,rising,258958.0,8.0,20.0,15.0,5.0,0.0,5.0,1.003193421356474,71.79453096095489,164.73516659649766,0.06124346982033671,0.09201403027387875,29.243203124999997,,20.547622439616394,,3.0,0.0,rising,258958.0,0.09193749999999667,0.31438929452088427,5.039999999999988,,"{""if_confidence_needed"": 65, ""missing_points"": 0, ""top_missing_components"": []}",True,53.0,61.0,0.09193749999999667,0.31438929452088427,True,61.0,68.0,1.3311767702826667,0.31438929452088427,False,hist_norm>=0.6 AND (hma_slope_pct>=0.15 OR cvd_support),Buy,68,,,
signals_2025-09-11_09-56-03_STRONG.json,NMRUSDT,Strong Buy,68,18.951,19.0874472,18.38247,5.04%,Bullish,2025-09-11T04:25:49.174985+00:00,2025-09-11T09:55:49.174997+05:30,7x,88.75610973371069,0.6542536867753554,0.3576817342164311,0.2965719525589243,18.649182921589293,16.5231,14.397017078410705,1.0709796112244512,184.16534088382457,10.0,3.0,0.0,16.33529784196931,0.3462599353497309,17.777015625,0.42479687500000196,2.3895848659918246,,70.64123657686778,,rising,1267190.4000000001,8.0,20.0,15.0,5.0,0.0,5.0,1.0709796112244512,88.75610973371069,184.16534088382457,0.2965719525589243,0.3462599353497309,17.777015625,,70.64123657686778,,3.0,0.0,rising,1267190.4000000001,0.42479687500000196,2.3895848659918246,5.039999999999971,,"{""if_confidence_needed"": 65, ""missing_points"": 0, ""top_missing_components"": []}",True,53.0,61.0,0.42479687500000196,2.3895848659918246,True,61.0,68.0,1.5,2.3895848659918246,False,hist_norm>=0.6 AND (hma_slope_pct>=0.15 OR cvd_support),Buy,68,,,
signals_2025-09-11_10-14-10_STRONG.json,PTBUSDT,Strong Buy,65,0.04523,0.04555566,0.0438731,5.04%,Bullish,2025-09-11T04:43:43.612972+00:00,2025-09-11T10:13:43.612984+05:30,7x,74.06811733697586,0.0005871033962162944,0.0003255073485118939,0.00026159604770440055,0.044614689575798824,0.042818999999999996,0.04102331042420117,1.171329842444357,248.54806984180206,10.0,3.0,0.0,0.0424942743876032,0.0007402674781165211,0.04359796875000001,0.0004109375000000068,0.9425611141574266,,25.149444546468203,,rising,64717587.0,8.0,17.481130578476368,15.0,5.0,0.0,5.0,1.171329842444357,74.06811733697586,248.54806984180206,0.00026159604770440055,0.0007402674781165211,0.04359796875000001,,25.149444546468203,,3.0,0.0,rising,64717587.0,0.0004109375000000068,0.9425611141574266,5.040000000000009,,"{""if_confidence_needed"": 65, ""missing_points"": 0, ""top_missing_components"": []}",True,50.0,58.0,0.0004109375000000068,0.9425611141574266,True,58.0,65.0,0.7067608815396974,0.9425611141574266,False,hist_norm>=0.6 AND (hma_slope_pct>=0.15 OR cvd_support),Buy,65,,,
signals_2025-09-11_12-03-16_STRONG.json,PYTHUSDT,Strong Buy,68,0.17176,0.17299667,0.1666072,5.04%,Bullish,2025-09-11T06:32:45.351151+00:00,2025-09-11T12:02:45.351165+05:30,7x,72.95150434375215,0.00012551811370453692,-0.0001882426417167816,0.00031376075542131855,0.1708564754669158,0.16914800000000002,0.16743952453308425,1.2644242046727467,263.9479250087239,10.0,3.0,0.0,0.16958723436344997,0.0006250007645302534,0.16868343750000003,0.0003637500000000238,0.21564061379767868,,5.412586156607003,,rising,2762677.0,8.0,20.0,15.0,5.0,0.0,5.0,1.2644242046727467,72.95150434375215,263.9479250087239,0.00031376075542131855,0.0006250007645302534,0.16868343750000003,,5.412586156607003,,3.0,0.0,rising,2762677.0,0.0003637500000000238,0.21564061379767868,5.039999999999976,,"{""if_confidence_needed"": 65, ""missing_points"": 0, ""top_missing_components"": []}",True,53.0,61.0,0.0003637500000000238,0.21564061379767868,True,61.0,68.0,1.0040331891662218,0.21564061379767868,False,hist_norm>=0.6 AND (hma_slope_pct>=0.15 OR cvd_support),Buy,68,,,
signals_2025-09-11_12-03-16_STRONG.json,1000BONKUSDT,Strong Buy,66,0.02345,0.02361884,0.0227465,5.04%,Bullish,2025-09-11T06:32:47.606846+00:00,2025-09-11T12:02:47.606858+05:30,7x,63.3296963362903,-5.691450025352429e-06,-2.9312699893971514e-05,2.3621249868619085e-05,0.023427249185226925,0.02326705,0.023106850814773077,1.0710078978892654,163.9107898963364,10.0,3.0,0.0,0.023306669274082235,7.450890452548664e-05,0.0232359375,2.868750000000267e-05,0.12346177123261183,,-2.521272334888887,,falling,-53846149.0,8.0,12.608620747509981,15.0,10.0,0.0,5.0,1.0710078978892654,63.3296963362903,163.9107898963364,2.3621249868619085e-05,7.450890452548664e-05,0.0232359375,,-2.521272334888887,,3.0,0.0,falling,-53846149.0,2.868750000000267e-05,0.12346177123261183,5.039999999999999,,"{""if_confidence_needed"": 65, ""missing_points"": 0, ""top_missing_components"": []}",True,51.0,59.0,2.868750000000267e-05,0.12346177123261183,True,59.0,66.0,0.6340517289591652,0.12346177123261183,True,hist_norm>=0.6 AND (hma_slope_pct>=0.15 OR cvd_support),Buy,66,,,
signals_2025-09-11_12-03-16_STRONG.json,NEARUSDT,Strong Buy,66,2.73,2.749656,2.6481,5.04%,Bullish,2025-09-11T06:33:04.196961+00:00,2025-09-11T12:03:04.196978+05:30,7x,60.18976633085347,-0.0019151093421871934,-0.004125816950043164,0.0022107076078559705,2.729363452462434,2.71715,2.7049365475375664,1.0260592792874879,143.6464088397774,10.0,3.0,0.0,2.7243642061801046,0.0064466408250622486,2.714234375,0.002062500000000078,0.07598827938357675,,-9.621956146616888,,falling,-157874.0,8.0,13.230175067653313,15.0,10.0,0.0,5.0,1.0260592792874879,60.18976633085347,143.6464088397774,0.0022107076078559705,0.0064466408250622486,2.714234375,,-9.621956146616888,,3.0,0.0,falling,-157874.0,0.002062500000000078,0.07598827938357675,5.039999999999973,,"{""if_confidence_needed"": 65, ""missing_points"": 0, ""top_missing_components"": []}",True,51.0,59.0,0.002062500000000078,0.07598827938357675,True,59.0,66.0,0.6858479223044427,0.07598827938357675,True,hist_norm>=0.6 AND (hma_slope_pct>=0.15 OR cvd_support),Buy,66,,,
signals_2025-09-11_12-26-08_STRONG.json,PYTHUSDT,Strong Buy,68,0.17255,0.17379236,0.1673735,5.04%,Bullish,2025-09-11T06:55:41.056865+00:00,2025-09-11T12:25:41.056883+05:30,7x,61.77351644825391,0.0008736553418633164,0.0004563952753555081,0.0004172600665078083,0.1739248953904629,0.170028,0.16613110460953712,0.823590929098615,101.40679552612988,10.0,3.0,0.0,0.17019192262179353,0.0009184997311530814,0.17283734374999998,0.000812499999999966,0.47009516715045335,,23.574921659542504,,falling,-2400701.0,8.0,14.902824744015499,15.0,10.0,0.0,5.0,0.823590929098615,61.77351644825391,101.40679552612988,0.0004172600665078083,0.0009184997311530814,0.17283734374999998,,23.574921659542504,,3.0,0.0,falling,-2400701.0,0.000812499999999966,0.47009516715045335,5.039999999999992,,"{""if_confidence_needed"": 65, ""missing_points"": 0, ""top_missing_components"": []}",True,53.0,61.0,0.000812499999999966,0.47009516715045335,True,61.0,68.0,0.9085687286679582,0.47009516715045335,True,hist_norm>=0.6 AND (hma_slope_pct>=0.15 OR cvd_support),Buy,68,,,
signals_2025-09-11_12-26-08_STRONG.json,SEIUSDT,Strong Buy,66,0.3271,0.32945512,0.317287,5.04%,Bullish,2025-09-11T06:56:08.710774+00:00,2025-09-11T12:26:08.710792+05:30,7x,67.24575512731317,0.0005469952912409148,0.00021760066804627165,0.0003293946231946432,0.3273042608274087,0.32476000000000005,0.3222157391725914,0.9598585126948739,149.0066225165562,10.0,3.0,0.0,0.32476830746960667,0.0009221064575180493,0.3263734375,0.00037812500000000693,0.11585654852809735,,16.696303832044908,,falling,-594770.0,8.0,12.573273608721795,15.0,10.0,0.0,5.0,0.9598585126948739,67.24575512731317,149.0066225165562,0.0003293946231946432,0.0009221064575180493,0.3263734375,,16.696303832044908,,3.0,0.0,falling,-594770.0,0.00037812500000000693,0.11585654852809735,5.039999999999975,,"{""if_confidence_needed"": 65, ""missing_points"": 0, ""top_missing_components"": []}",True,51.0,59.0,0.00037812500000000693,0.11585654852809735,True,59.0,66.0,0.7144394673934829,0.11585654852809735,True,hist_norm>=0.6 AND (hma_slope_pct>=0.15 OR cvd_support),Buy,66,,,
signals_2025-09-11_13-23-23_STRONG.json,XNYUSDT,Strong Buy,66,0.014339,0.01444224,0.01390883,5.04%,Bullish,2025-09-11T07:52:49.166662+00:00,2025-09-11T13:22:49.166673+05:30,7x,62.35757681401587,2.0195312509078273e-05,-6.561590422330913e-05,8.58112167323874e-05,0.014568935300877203,0.013871,0.013173064699122796,0.8352746303359291,94.5038998730279,5.0,3.0,0.0,0.01396060738960465,0.0002543312175383037,0.013729515625,0.00018998437500000048,1.3837660423653908,,1.730645255419188,,falling,-48898132.0,4.0,17.097587160204313,15.0,10.0,0.0,5.0,0.8352746303359291,62.35757681401587,94.5038998730279,8.58112167323874e-05,0.0002543312175383037,0.013729515625,,1.730645255419188,,3.0,0.0,falling,-48898132.0,0.00018998437500000048,1.3837660423653908,5.039999999999976,,"{""if_confidence_needed"": 65, ""missing_points"": 0, ""top_missing_components"": []}",True,51.0,59.0,0.00018998437500000048,1.3837660423653908,True,59.0,66.0,0.674798930017026,1.3837660423653908,True,hist_norm>=0.6 AND (hma_slope_pct>=0.15 OR cvd_support),Buy,66,,,
signals_2025-09-11_15-11-33_STRONG.json,HYPEUSDT,Strong Sell,69,54.641,54.2475848,56.28023,5.04%,Bearish,2025-09-11T09:40:47.617845+00:00,2025-09-11T15:10:47.617857+05:30,7x,29.50306486373701,-0.17965512573071152,-0.13555205315623117,-0.044103072574480345,55.58713955187035,55.1057,54.62426044812965,0.01738489474464627,-152.64501000069208,-10.0,0.0,3.0,55.268212686817876,0.1538776998045872,54.768734375,-0.06443750000000392,-0.11765380510493843,,-30.116601307261252,,falling,-266323.19,8.0,15.878668859306503,15.0,5.0,12.0,5.0,0.01738489474464627,29.50306486373701,-152.64501000069208,-0.044103072574480345,0.1538776998045872,54.768734375,,-30.116601307261252,,0.0,3.0,falling,-266323.19,-0.06443750000000392,-0.11765380510493843,5.0399999999999965,RSI<=30 & CVD_falling,"{""if_confidence_needed"": 65, ""missing_points"": 0, ""top_missing_components"": []}",True,61.0,69.0,-0.06443750000000392,-0.11765380510493843,,,,,,,,Sell,69,1.0,,
signals_2025-09-11_15-52-19_STRONG.json,HYPEUSDT,Strong Sell,68,54.312,53.9209536,55.94136,5.04%,Bearish,2025-09-11T10:21:19.266119+00:00,2025-09-11T15:51:19.266134+05:30,7x,27.04644288102915,-0.23002780395184175,-0.19242995224000947,-0.037597851711832275,55.36738235596941,54.8054,54.243417644030586,0.06101824660589896,-149.01767086250075,-5.0,0.0,3.0,55.07183421128668,0.1621013672459157,54.475421875,-0.047187499999999716,-0.08662163297840401,,-36.480270606598644,,falling,-433782.64999999997,8.0,14.56656897109984,15.0,5.0,12.0,5.0,0.06101824660589896,27.04644288102915,-149.01767086250075,-0.037597851711832275,0.1621013672459157,54.475421875,,-36.480270606598644,,0.0,3.0,falling,-433782.64999999997,-0.047187499999999716,-0.08662163297840401,5.040000000000005,RSI<=30 & CVD_falling,"{""if_confidence_needed"": 65, ""missing_points"": 0, ""top_missing_components"": []}",True,60.0,68.0,-0.047187499999999716,-0.08662163297840401,,,,,,,,Sell,68,1.0,,
signals_2025-09-11_16-12-51_STRONG.json,OMNIUSDT,Strong Sell,67,3.491,3.4658648,3.59573,5.04%,Bearish,2025-09-11T10:42:34.508834+00:00,2025-09-11T16:12:34.508847+05:30,7x,23.62919224236461,-0.013981438427772996,-0.008503185573763703,-0.005478252854009293,3.574207627089611,3.5325499999999996,3.4908923729103885,0.0012918053323120165,-191.25499421231584,-5.0,0.0,3.0,3.542422575751147,0.013311368756225838,3.5119843750000004,-0.007187500000000124,-0.20465637749314086,,-36.62351710163211,,falling,-508280.42999999993,8.0,13.877126154643538,15.0,5.0,12.0,5.0,0.0012918053323120165,23.62919224236461,-191.25499421231584,-0.005478252854009293,0.013311368756225838,3.5119843750000004,,-36.62351710163211,,0.0,3.0,falling,-508280.42999999993,-0.007187500000000124,-0.20465637749314086,5.03999999999996,RSI<=30 & CVD_falling,"{""if_confidence_needed"": 65, ""missing_points"": 0, ""top_missing_components"": []}",True,59.0,67.0,-0.007187500000000124,-0.20465637749314086,,,,,,,,Sell,67,1.0,,
signals_2025-09-11_16-24-54_STRONG.json,WLDUSDT,Strong Sell,67,1.731,1.7185368,1.78293,5.04%,Bearish,2025-09-11T10:53:49.716276+00:00,2025-09-11T16:23:49.716289+05:30,7x,26.730919696271016,-0.005812734579418111,-0.0024811898770888815,-0.003331544702329229,1.7783398485551658,1.75582,1.733300151444834,-0.05106942524945044,-201.78033739628947,-5.0,0.0,3.0,1.758582311291745,0.007630842502265754,1.7423250000000001,-0.004740624999999943,-0.2720861492545847,,-22.79093606420193,,falling,-16032587.0,8.0,14.478144822430892,15.0,5.0,12.0,5.0,-0.05106942524945044,26.730919696271016,-201.78033739628947,-0.003331544702329229,0.007630842502265754,1.7423250000000001,,-22.79093606420193,,0.0,3.0,falling,-16032587.0,-0.004740624999999943,-0.2720861492545847,5.040000000000003,RSI<=30 & CVD_falling,"{""if_confidence_needed"": 65, ""missing_points"": 0, ""top_missing_components"": []}",True,59.0,67.0,-0.004740624999999943,-0.2720861492545847,,,,,,,,Sell,67,1.0,,
signals_2025-09-11_16-47-28_STRONG.json,WLDUSDT,Strong Sell,65,1.725,1.71258,1.77675,5.04%,Bearish,2025-09-11T11:16:33.164560+00:00,2025-09-11T16:46:33.164573+05:30,7x,29.76603988382061,-0.009663053756560736,-0.006936960785180692,-0.0027260929713800435,1.7807920105900568,1.7464400000000002,1.7120879894099437,0.187936752001845,-100.35243925060239,-10.0,0.0,3.0,1.752260098802719,0.0077192812390145795,1.7192640624999997,-0.0036703125000001613,-0.213481604138408,,-37.398747392676675,,falling,-25719254.0,8.0,12.47568954768037,15.0,5.0,12.0,5.0,0.187936752001845,29.76603988382061,-100.35243925060239,-0.0027260929713800435,0.0077192812390145795,1.7192640624999997,,-37.398747392676675,,0.0,3.0,falling,-25719254.0,-0.0036703125000001613,-0.213481604138408,5.04000000000004,RSI<=30 & CVD_falling,"{""if_confidence_needed"": 65, ""missing_points"": 0, ""top_missing_components"": []}",True,57.0,65.0,-0.0036703125000001613,-0.213481604138408,,,,,,,,Sell,65,1.0,,
signals_2025-09-11_16-47-28_STRONG.json,OPENUSDT,Strong Sell,67,0.9362,0.92945936,0.964286,5.04%,Bearish,2025-09-11T11:16:48.268680+00:00,2025-09-11T16:46:48.268692+05:30,7x,20.650693659828363,-0.0059465736555264215,-0.0037732353659010853,-0.0021733382896253362,0.9712811507222538,0.953815,0.9363488492777461,-0.004261078474388858,-159.40850849688326,-10.0,0.0,3.0,0.9594135229430132,0.005400316511452221,0.9449859375,-0.003020312500000011,-0.3196145445286069,,-40.07071946093769,,falling,-10618006.0,8.0,13.658715158712333,15.0,5.0,12.0,5.0,-0.004261078474388858,20.650693659828363,-159.40850849688326,-0.0021733382896253362,0.005400316511452221,0.9449859375,,-40.07071946093769,,0.0,3.0,falling,-10618006.0,-0.003020312500000011,-0.3196145445286069,5.039999999999973,RSI<=30 & CVD_falling,"{""if_confidence_needed"": 65, ""missing_points"": 0, ""top_missing_components"": []}",True,59.0,67.0,-0.003020312500000011,-0.3196145445286069,,,,,,,,Sell,67,1.0,,
signals_2025-09-11_17-09-42_STRONG.json,PENGUUSDT,Strong Sell,66,0.03356,0.03331837,0.0345668,5.04%,Bearish,2025-09-11T11:39:06.885402+00:00,2025-09-11T17:09:06.885412+05:30,7x,20.763927618640466,-9.907637646055373e-05,-6.321408544141864e-05,-3.586229101913509e-05,0.03420862991643013,0.03389575,0.033582870083569874,-0.03654770148051636,-203.38076051372187,-10.0,0.0,3.0,0.03396077461278605,9.551723463879426e-05,0.033784890625,-3.1171874999999516e-05,-0.092265727144113,,-35.36011296268094,,falling,-225403484.0,8.0,13.010886754772855,15.0,5.0,12.0,5.0,-0.03654770148051636,20.763927618640466,-203.38076051372187,-3.586229101913509e-05,9.551723463879426e-05,0.033784890625,,-35.36011296268094,,0.0,3.0,falling,-225403484.0,-3.1171874999999516e-05,-0.092265727144113,5.03999999999997,RSI<=30 & CVD_falling,"{""if_confidence_needed"": 65, ""missing_points"": 0, ""top_missing_components"": []}",True,58.0,66.0,-3.1171874999999516e-05,-0.092265727144113,,,,,,,,Sell,66,1.0,,
signals_2025-09-11_17-23-10_STRONG.json,HYPEUSDT,Strong Sell,68,53.255,52.871564,54.85265,5.04%,Bearish,2025-09-11T11:52:25.385842+00:00,2025-09-11T17:22:25.385854+05:30,7x,26.605346278498573,-0.3584822656638309,-0.2978479440993887,-0.060634321564442206,54.74988185245913,53.95504999999999,53.16021814754085,0.059623838781688844,-128.73326467559124,-10.0,0.0,3.0,54.44483472125238,0.25556705226813714,53.53625000000001,-0.1780624999999958,-0.3326017418104476,,-40.690098298803306,,falling,-681631.76,8.0,14.694097516215876,15.0,5.0,12.0,5.0,0.059623838781688844,26.605346278498573,-128.73326467559124,-0.060634321564442206,0.25556705226813714,53.53625000000001,,-40.690098298803306,,0.0,3.0,falling,-681631.76,-0.1780624999999958,-0.3326017418104476,5.040000000000043,RSI<=30 & CVD_falling,"{""if_confidence_needed"": 65, ""missing_points"": 0, ""top_missing_components"": []}",True,60.0,68.0,-0.1780624999999958,-0.3326017418104476,,,,,,,,Sell,68,1.0,,
signals_2025-09-11_17-23-10_STRONG.json,FARTCOINUSDT,Strong Sell,71,0.864,0.8577792,0.88992,5.04%,Bearish,2025-09-11T11:52:34.101593+00:00,2025-09-11T17:22:34.101607+05:30,7x,27.40432337221972,-0.0030555402131766662,-0.0020034434106689534,-0.0010520968025077128,0.8810327829515595,0.872185,0.8633372170484405,0.03745474743154177,-153.56422943009147,-10.0,0.0,3.0,0.8742822465451648,0.0029293070017832206,0.867353125,-0.001942187500000081,-0.22392119703264815,,-30.959786247603894,,falling,-6135804.1000000015,8.0,17.619896530071422,15.0,5.0,12.0,5.0,0.03745474743154177,27.40432337221972,-153.56422943009147,-0.0010520968025077128,0.0029293070017832206,0.867353125,,-30.959786247603894,,0.0,3.0,falling,-6135804.1000000015,-0.001942187500000081,-0.22392119703264815,5.0400000000000205,RSI<=30 & CVD_falling,"{""if_confidence_needed"": 65, ""missing_points"": 0, ""top_missing_components"": []}",True,63.0,71.0,-0.001942187500000081,-0.22392119703264815,,,,,,,,Sell,71,1.0,,
signals_2025-09-11_17-23-10_STRONG.json,PENGUUSDT,Strong Sell,66,0.033516,0.03327468,0.03452148,5.04%,Bearish,2025-09-11T11:52:35.829351+00:00,2025-09-11T17:22:35.829365+05:30,7x,20.28425963554689,-0.0001269825622575646,-9.109198554085646e-05,-3.5890576716708146e-05,0.034150410904941565,0.0338086,0.03346678909505844,0.07198556896535117,-145.09234615695337,-10.0,0.0,3.0,0.033912618164095396,9.249757241752166e-05,0.03361937499999999,-6.184375000000547e-05,-0.1839527058430012,,-44.86313886427296,,falling,-239595348.0,8.0,13.312394030330541,15.0,5.0,12.0,5.0,0.07198556896535117,20.28425963554689,-145.09234615695337,-3.5890576716708146e-05,9.249757241752166e-05,0.03361937499999999,,-44.86313886427296,,0.0,3.0,falling,-239595348.0,-6.184375000000547e-05,-0.1839527058430012,5.040000000000033,RSI<=30 & CVD_falling,"{""if_confidence_needed"": 65, ""missing_points"": 0, ""top_missing_components"": []}",True,58.0,66.0,-6.184375000000547e-05,-0.1839527058430012,,,,,,,,Sell,66,1.0,,
signals_2025-09-11_17-23-10_STRONG.json,WIFUSDT,Strong Sell,67,0.886,0.8796208,0.91258,5.04%,Bearish,2025-09-11T11:52:48.191636+00:00,2025-09-11T17:22:48.191649+05:30,7x,20.351682329333684,-0.0018965816836024052,-0.0011667574670722613,-0.0007298242165301439,0.8974563898137453,0.89186,0.8862636101862547,-0.02355180706025815,-176.7312882220397,-10.0,0.0,3.0,0.8928281468922519,0.0017293981339467606,0.888653125,-0.0009906250000000227,-0.11147487946998698,,-38.676485817320334,,falling,-4247594.6,8.0,14.128252628993916,15.0,5.0,12.0,5.0,-0.02355180706025815,20.351682329333684,-176.7312882220397,-0.0007298242165301439,0.0017293981339467606,0.888653125,,-38.676485817320334,,0.0,3.0,falling,-4247594.6,-0.0009906250000000227,-0.11147487946998698,5.040000000000023,RSI<=30 & CVD_falling,"{""if_confidence_needed"": 65, ""missing_points"": 0, ""top_missing_components"": []}",True,59.0,67.0,-0.0009906250000000227,-0.11147487946998698,,,,,,,,Sell,67,1.0,,
signals_2025-09-11_17-23-10_STRONG.json,WUSDT,Strong Sell,69,0.09116,0.09050365,0.0938948,5.04%,Bearish,2025-09-11T11:52:51.678920+00:00,2025-09-11T17:22:51.678934+05:30,7x,28.584860388617614,-0.00019771415334945974,-7.562399969583886e-05,-0.00012209015365362088,0.09288921392166537,0.0921575,0.09142578607833464,-0.18161884752015614,-265.72434929783947,-10.0,0.0,3.0,0.09220849220060126,0.00041064260769053674,0.0922009375,-0.00012062499999998533,-0.13082838772651886,,-17.892059255501273,,falling,-11301327.2,8.0,16.13555688769416,15.0,5.0,12.0,5.0,-0.18161884752015614,28.584860388617614,-265.72434929783947,-0.00012209015365362088,0.00041064260769053674,0.0922009375,,-17.892059255501273,,0.0,3.0,falling,-11301327.2,-0.00012062499999998533,-0.13082838772651886,5.039999999999992,RSI<=30 & CVD_falling,"{""if_confidence_needed"": 65, ""missing_points"": 0, ""top_missing_components"": []}",True,61.0,69.0,-0.00012062499999998533,-0.13082838772651886,,,,,,,,Sell,69,1.0,,
signals_2025-09-11_18-12-54_STRONG.json,HIFIUSDT,Strong Buy,69,0.07634,0.07688965,0.0740498,5.04%,Bullish,2025-09-11T12:42:26.357509+00:00,2025-09-11T18:12:26.357522+05:30,7x,66.31768438068677,7.138085191370214e-05,-0.0003054282853459657,0.00037680913725966786,0.07662194813682982,0.07361,0.07059805186317017,0.9531950544927751,141.25185821260834,5.0,3.0,0.0,0.0741318053653513,0.0012325486401303207,0.07238562500000001,0.0006245312499999905,0.8627835291882753,,1.4895389916488229,,falling,-1176135.0,8.0,16.33717031506022,15.0,10.0,0.0,5.0,0.9531950544927751,66.31768438068677,141.25185821260834,0.00037680913725966786,0.0012325486401303207,0.07238562500000001,,1.4895389916488229,,3.0,0.0,falling,-1176135.0,0.0006245312499999905,0.8627835291882753,5.039999999999998,,"{""if_confidence_needed"": 65, ""missing_points"": 0, ""top_missing_components"": []}",True,54.0,62.0,0.0006245312499999905,0.8627835291882753,True,62.0,69.0,0.6114308595883515,0.8627835291882753,True,hist_norm>=0.6 AND (hma_slope_pct>=0.15 OR cvd_support),Buy,69,,,
signals_2025-09-11_18-45-37_STRONG.json,LTCUSDT,Strong Sell,69,115.77,114.936456,119.2431,5.04%,Bearish,2025-09-11T13:14:49.139045+00:00,2025-09-11T18:44:49.139054+05:30,7x,29.204788644086918,-0.27864256460156867,-0.1562856892469658,-0.12235687535460288,117.70418554118358,116.6935,115.68281445881642,0.043131883078822264,-161.06921608219386,-10.0,0.0,3.0,116.749649972902,0.4175115355999415,116.05671875,-0.18984375000000853,-0.1635784227270414,,-25.55387209896041,,falling,-321921.55299999996,8.0,16.033494306428643,15.0,5.0,12.0,5.0,0.043131883078822264,29.204788644086918,-161.06921608219386,-0.12235687535460288,0.4175115355999415,116.05671875,,-25.55387209896041,,0.0,3.0,falling,-321921.55299999996,-0.18984375000000853,-0.1635784227270414,5.0400000000000205,RSI<=30 & CVD_falling,"{""if_confidence_needed"": 65, ""missing_points"": 0, ""top_missing_components"": []}",True,61.0,69.0,-0.18984375000000853,-0.1635784227270414,,,,,,,,Sell,69,1.0,,
signals_2025-09-11_19-06-13_STRONG.json,OPENUSDT,Strong Sell,66,0.8847,0.87833016,0.911241,5.04%,Bearish,2025-09-11T13:35:35.830038+00:00,2025-09-11T19:05:35.830053+05:30,7x,20.61742813791838,-0.0120127947815456,-0.010733699816737205,-0.0012790949648083944,0.9285465237703464,0.906585,0.8846234762296535,0.001742223607676761,-182.17698379725897,-10.0,0.0,3.0,0.9260125374029327,0.008293426022904829,0.8972890625000001,-0.0036875000000000657,-0.4109600968194199,,-49.82770753703892,,falling,-11428902.0,8.0,12.70151962176051,15.0,5.0,12.0,5.0,0.001742223607676761,20.61742813791838,-182.17698379725897,-0.0012790949648083944,0.008293426022904829,0.8972890625000001,,-49.82770753703892,,0.0,3.0,falling,-11428902.0,-0.0036875000000000657,-0.4109600968194199,5.039999999999968,RSI<=30 & CVD_falling,"{""if_confidence_needed"": 65, ""missing_points"": 0, ""top_missing_components"": []}",True,58.0,66.0,-0.0036875000000000657,-0.4109600968194199,,,,,,,,Sell,66,1.0,,
signals_2025-09-11_20-13-10_STRONG.json,DAMUSDT,Strong Buy,68,0.07183,0.07234718,0.0696751,5.04%,Bullish,2025-09-11T14:42:58.902701+00:00,2025-09-11T20:12:58.902712+05:30,7x,82.76999963213183,0.0017700239100182369,0.000947816159523174,0.0008222077504950629,0.06956391224505691,0.06422649999999999,0.05888908775494307,1.2122833735619505,289.5325380098859,10.0,3.0,0.0,0.06326617262046617,0.0018738364388650557,0.06625265625,0.0010034374999999957,1.5145619161495818,,41.974559339474766,,rising,128970183.0,8.0,19.530794258560462,15.0,5.0,0.0,5.0,1.2122833735619505,82.76999963213183,289.5325380098859,0.0008222077504950629,0.0018738364388650557,0.06625265625,,41.974559339474766,,3.0,0.0,rising,128970183.0,0.0010034374999999957,1.5145619161495818,5.039999999999943,,"{""if_confidence_needed"": 65, ""missing_points"": 0, ""top_missing_components"": []}",True,53.0,61.0,0.0010034374999999957,1.5145619161495818,True,61.0,68.0,0.8775661882133718,1.5145619161495818,False,hist_norm>=0.6 AND (hma_slope_pct>=0.15 OR cvd_support),Buy,68,,,
signals_2025-09-11_20-25-01_STRONG.json,DAMUSDT,Strong Buy,68,0.07884,0.07940765,0.0764748,5.04%,Bullish,2025-09-11T14:54:41.560422+00:00,2025-09-11T20:24:41.560435+05:30,7x,89.35103087149766,0.003270198598320187,0.0016984190867911546,0.0015717795115290324,0.0759373641431493,0.065876,0.05581463585685071,1.1442466357222083,236.85605326093975,10.0,3.0,0.0,0.06446144275297645,0.0022447000590516725,0.06986937500000001,0.0019660937500000086,2.813956400783617,,58.759174052556496,,rising,293555132.0,8.0,20.0,15.0,5.0,0.0,5.0,1.1442466357222083,89.35103087149766,236.85605326093975,0.0015717795115290324,0.0022447000590516725,0.06986937500000001,,58.759174052556496,,3.0,0.0,rising,293555132.0,0.0019660937500000086,2.813956400783617,5.040000000000035,,"{""if_confidence_needed"": 65, ""missing_points"": 0, ""top_missing_components"": []}",True,53.0,61.0,0.0019660937500000086,2.813956400783617,True,61.0,68.0,1.400436111890217,2.813956400783617,False,hist_norm>=0.6 AND (hma_slope_pct>=0.15 OR cvd_support),Buy,68,,,
signals_2025-09-11_20-25-01_STRONG.json,PYTHUSDT,Strong Buy,68,0.17699,0.17826433,0.1716803,5.04%,Bullish,2025-09-11T14:54:44.257472+00:00,2025-09-11T20:24:44.257500+05:30,7x,73.54504254237727,0.0012029417562286482,0.0004302183519580383,0.0007727234042706099,0.17685550171033926,0.17191649999999997,0.1669774982896607,1.013615938761389,169.62098285055475,10.0,3.0,0.0,0.17221490190596564,0.0012413702215759018,0.17405390625,0.001021250000000029,0.5867435106760376,,24.518703301649648,,rising,44973706.0,8.0,20.0,15.0,5.0,0.0,5.0,1.013615938761389,73.54504254237727,169.62098285055475,0.0007727234042706099,0.0012413702215759018,0.17405390625,,24.518703301649648,,3.0,0.0,rising,44973706.0,0.001021250000000029,0.5867435106760376,5.039999999999965,,"{""if_confidence_needed"": 65, ""missing_points"": 0, ""top_missing_components"": []}",True,53.0,61.0,0.001021250000000029,0.5867435106760376,True,61.0,68.0,1.2449523773651483,0.5867435106760376,False,hist_norm>=0.6 AND (hma_slope_pct>=0.15 OR cvd_support),Buy,68,,,
signals_2025-09-11_21-42-55_STRONG.json,TIAUSDT,Strong Buy,65,1.7658,1.77851376,1.712826,5.04%,Bullish,2025-09-11T16:12:27.664850+00:00,2025-09-11T21:42:27.664863+05:30,7x,61.32501815434448,0.0014311872678520743,-0.0009920661776286832,0.0024232534454807575,1.7643349828840278,1.752035,1.7397350171159722,1.0595536241710812,270.5847763180235,5.0,0.0,3.0,1.757446641798803,0.007410625538609391,1.7545515624999999,0.0018703124999999154,0.1065977506716857,,4.730716043342927,,falling,-355040.0,8.0,16.847931647407403,15.0,5.0,0.0,5.0,1.0595536241710812,61.32501815434448,270.5847763180235,0.0024232534454807575,0.007410625538609391,1.7545515624999999,,4.730716043342927,,0.0,3.0,falling,-355040.0,0.0018703124999999154,0.1065977506716857,5.040000000000007,,"{""if_confidence_needed"": 65, ""missing_points"": 0, ""top_missing_components"": []}",True,50.0,58.0,0.0018703124999999154,0.1065977506716857,True,58.0,65.0,0.653994303950617,0.1065977506716857,True,hist_norm>=0.6 AND (hma_slope_pct>=0.15 OR cvd_support),Buy,65,,,
signals_2025-09-11_23-42-37_STRONG.json,SEIUSDT,Strong Buy,65,0.3274,0.32975728,0.317578,5.04%,Bullish,2025-09-11T18:12:25.088380+00:00,2025-09-11T23:42:25.088394+05:30,7x,73.87738366165568,0.001396776586025772,0.0009891369983895254,0.0004076395876362465,0.32797871107005927,0.3237,0.3194212889299407,0.9323732006457698,127.33036675100972,10.0,3.0,0.0,0.3232295558468419,0.001162027349383369,0.327165625,0.0006499999999999839,0.19867612925409994,,31.57483855743866,,rising,12766371.0,8.0,17.419208126608606,15.0,5.0,0.0,5.0,0.9323732006457698,73.87738366165568,127.33036675100972,0.0004076395876362465,0.001162027349383369,0.327165625,,31.57483855743866,,3.0,0.0,rising,12766371.0,0.0006499999999999839,0.19867612925409994,5.0400000000000365,,"{""if_confidence_needed"": 65, ""missing_points"": 0, ""top_missing_components"": []}",True,50.0,58.0,0.0006499999999999839,0.19867612925409994,True,58.0,65.0,0.7016006772173837,0.19867612925409994,False,hist_norm>=0.6 AND (hma_slope_pct>=0.15 OR cvd_support),Buy,65,,,
signals_2025-09-12_01-19-08_STRONG.json,HYPEUSDT,Strong Buy,68,55.968,56.3709696,54.28896,5.04%,Bullish,2025-09-11T19:47:37.957631+00:00,2025-09-12T01:17:37.957642+05:30,7x,84.09967805855239,0.2070297066043878,0.11540087696911926,0.09162882963526854,55.78121457870474,55.14825,54.51528542129525,1.1475480837154326,224.94003007817886,10.0,3.0,0.0,55.007388293028825,0.16168456424928132,55.438171875,0.14048437500000688,0.25340730086981583,,40.74422553329601,,rising,420409.83999999997,8.0,20.0,15.0,5.0,0.0,5.0,1.1475480837154326,84.09967805855239,224.94003007817886,0.09162882963526854,0.16168456424928132,55.438171875,,40.74422553329601,,3.0,0.0,rising,420409.83999999997,0.14048437500000688,0.25340730086981583,5.039999999999983,,"{""if_confidence_needed"": 65, ""missing_points"": 0, ""top_missing_components"": []}",True,53.0,61.0,0.14048437500000688,0.25340730086981583,True,61.0,68.0,1.1334270536054072,0.25340730086981583,False,hist_norm>=0.6 AND (hma_slope_pct>=0.15 OR cvd_support),Buy,68,,,
signals_2025-09-12_01-19-08_STRONG.json,ONDOUSDT,Strong Buy,65,1.0677,1.07538744,1.035669,5.04%,Bullish,2025-09-11T19:48:13.957735+00:00,2025-09-12T01:18:13.957748+05:30,7x,76.35940814506358,0.009320102025385912,0.006931468107496484,0.0023886339178894288,1.0646707484064533,1.040425,1.0161792515935466,1.0624697481547025,214.8951672761207,10.0,3.0,0.0,1.0315845242301531,0.007507751616669814,1.0512734375,0.0025781249999998757,0.24523828987164684,,37.10935723117492,,rising,28336121.699999996,8.0,16.635736630133046,15.0,5.0,0.0,5.0,1.0624697481547025,76.35940814506358,214.8951672761207,0.0023886339178894288,0.007507751616669814,1.0512734375,,37.10935723117492,,3.0,0.0,rising,28336121.699999996,0.0025781249999998757,0.24523828987164684,5.039999999999993,,"{""if_confidence_needed"": 65, ""missing_points"": 0, ""top_missing_components"": []}",True,50.0,58.0,0.0025781249999998757,0.24523828987164684,True,58.0,65.0,0.6363113858444205,0.24523828987164684,False,hist_norm>=0.6 AND (hma_slope_pct>=0.15 OR cvd_support),Buy,65,,,
signals_2025-09-12_02-55-15_STRONG.json,WLFIUSDT,Strong Buy,68,0.1983,0.19972776,0.192351,5.04%,Bullish,2025-09-11T21:24:23.696312+00:00,2025-09-12T02:54:23.696322+05:30,7x,75.93698643159945,0.0010534663613524786,0.0004157666583681598,0.0006376997029843188,0.1973498851217352,0.193805,0.1902601148782648,1.1340120829923708,258.42293906810215,10.0,3.0,0.0,0.19442975644293722,0.0014016556043143786,0.1950296875,0.000579687500000009,0.29723038960415143,,27.73002249217179,,rising,300956840.0,8.0,19.919082279922826,15.0,5.0,0.0,5.0,1.1340120829923708,75.93698643159945,258.42293906810215,0.0006376997029843188,0.0014016556043143786,0.1950296875,,27.73002249217179,,3.0,0.0,rising,300956840.0,0.000579687500000009,0.29723038960415143,5.040000000000001,,"{""if_confidence_needed"": 65, ""missing_points"": 0, ""top_missing_components"": []}",True,53.0,61.0,0.000579687500000009,0.29723038960415143,True,61.0,68.0,0.9099235233269021,0.29723038960415143,False,hist_norm>=0.6 AND (hma_slope_pct>=0.15 OR cvd_support),Buy,68,,,
signals_2025-09-12_02-55-15_STRONG.json,DAMUSDT,Strong Buy,65,0.06921,0.06970831,0.0671337,5.04%,Bullish,2025-09-11T21:24:58.444613+00:00,2025-09-12T02:54:58.444624+05:30,7x,67.76003607947106,0.00019237383299672284,-9.772019686844974e-05,0.0002900940298651726,0.06909492700912628,0.0672675,0.0654400729908737,1.031484975952262,163.07845714544675,10.0,3.0,0.0,0.0673062743117602,0.0008825590305115038,0.06689265625,0.0004442187499999889,0.6640770077058927,,7.235469338845596,,falling,-3168509.0,8.0,11.888715061619203,15.0,10.0,0.0,5.0,1.031484975952262,67.76003607947106,163.07845714544675,0.0002900940298651726,0.0008825590305115038,0.06689265625,,7.235469338845596,,3.0,0.0,falling,-3168509.0,0.0004442187499999889,0.6640770077058927,5.040000000000008,,"{""if_confidence_needed"": 65, ""missing_points"": 0, ""top_missing_components"": []}",True,50.0,58.0,0.0004442187499999889,0.6640770077058927,True,58.0,65.0,0.6573929218016002,0.6640770077058927,True,hist_norm>=0.6 AND (hma_slope_pct>=0.15 OR cvd_support),Buy,65,,,
signals_2025-09-12_03-03-53_STRONG.json,WLFIUSDT,Strong Buy,68,0.1988,0.20023136,0.192836,5.04%,Bullish,2025-09-11T21:32:36.928934+00:00,2025-09-12T03:02:36.928948+05:30,7x,75.68195802627443,0.0013920115258491683,0.0007412420388700825,0.0006507694869790858,0.19879566843019078,0.194445,0.19009433156980923,1.0004978050934847,157.91784258388313,10.0,3.0,0.0,0.19474321156925306,0.0013692846764175788,0.1967375,0.0008703125000000256,0.4423724506004323,,35.093029928164434,,rising,270179530.0,8.0,20.0,15.0,5.0,0.0,5.0,1.0004978050934847,75.68195802627443,157.91784258388313,0.0006507694869790858,0.0013692846764175788,0.1967375,,35.093029928164434,,3.0,0.0,rising,270179530.0,0.0008703125000000256,0.4423724506004323,5.039999999999973,,"{""if_confidence_needed"": 65, ""missing_points"": 0, ""top_missing_components"": []}",True,53.0,61.0,0.0008703125000000256,0.4423724506004323,True,61.0,68.0,0.9505247494358526,0.4423724506004323,False,hist_norm>=0.6 AND (hma_slope_pct>=0.15 OR cvd_support),Buy,68,,,
signals_2025-09-12_03-03-53_STRONG.json,DAMUSDT,Strong Buy,65,0.06868,0.0691745,0.0666196,5.04%,Bullish,2025-09-11T21:33:30.135748+00:00,2025-09-12T03:03:30.135760+05:30,7x,60.98014181461431,0.0003407246839311484,5.2871525424400985e-05,0.0002878531585067474,0.0694020307723679,0.067359,0.06531596922763211,0.8232942004267881,121.40126394632047,10.0,3.0,0.0,0.06742694637741377,0.0008695536218935625,0.06795484375,0.0005296874999999868,0.7794698225613782,,13.107331291214644,,falling,-2242079.0,8.0,11.944853117991576,15.0,10.0,0.0,5.0,0.8232942004267881,60.98014181461431,121.40126394632047,0.0002878531585067474,0.0008695536218935625,0.06795484375,,13.107331291214644,,3.0,0.0,falling,-2242079.0,0.0005296874999999868,0.7794698225613782,5.03999999999997,,"{""if_confidence_needed"": 65, ""missing_points"": 0, ""top_missing_components"": []}",True,50.0,58.0,0.0005296874999999868,0.7794698225613782,True,58.0,65.0,0.6620710931659647,0.7794698225613782,True,hist_norm>=0.6 AND (hma_slope_pct>=0.15 OR cvd_support),Buy,65,,,
signals_2025-09-12_03-18-06_STRONG.json,PTBUSDT,Strong Buy,65,0.0653,0.06577016,0.063341,5.04%,Bullish,2025-09-11T21:47:26.382132+00:00,2025-09-12T03:17:26.382141+05:30,7x,71.46585462215941,0.0008293182584142994,0.000396853550755921,0.00043246470765837843,0.0637955298669013,0.0609055,0.058015470133098705,1.2602862604170577,313.0526019474609,10.0,3.0,0.0,0.06030610851202556,0.0013604137656314471,0.06181765625,0.0005548437499999989,0.8975489911104466,,18.15325988301124,,rising,9714010.0,8.0,16.629408968074884,15.0,5.0,0.0,5.0,1.2602862604170577,71.46585462215941,313.0526019474609,0.00043246470765837843,0.0013604137656314471,0.06181765625,,18.15325988301124,,3.0,0.0,rising,9714010.0,0.0005548437499999989,0.8975489911104466,5.039999999999971,,"{""if_confidence_needed"": 65, ""missing_points"": 0, ""top_missing_components"": []}",True,50.0,58.0,0.0005548437499999989,0.8975489911104466,True,58.0,65.0,0.6357840806729068,0.8975489911104466,False,hist_norm>=0.6 AND (hma_slope_pct>=0.15 OR cvd_support),Buy,65,,,
signals_2025-09-12_03-18-06_STRONG.json,HBARUSDT,Strong Buy,67,0.2381,0.23981432,0.230957,5.04%,Bullish,2025-09-11T21:48:06.282431+00:00,2025-09-12T03:18:06.282441+05:30,7x,72.90658065686056,0.0004900859097652643,0.00020917213738437607,0.00028091377238088824,0.2374913553016727,0.2357135,0.23393564469832728,1.1711738569934955,285.80448883532245,10.0,3.0,0.0,0.23555172448121559,0.0006516044606456966,0.23621515625,0.00043609375000000505,0.1846171756813361,,20.464743866814423,,rising,18141001.0,8.0,19.346661117789946,15.0,5.0,0.0,5.0,1.1711738569934955,72.90658065686056,285.80448883532245,0.00028091377238088824,0.0006516044606456966,0.23621515625,,20.464743866814423,,3.0,0.0,rising,18141001.0,0.00043609375000000505,0.1846171756813361,5.039999999999974,,"{""if_confidence_needed"": 65, ""missing_points"": 0, ""top_missing_components"": []}",True,52.0,60.0,0.00043609375000000505,0.1846171756813361,True,60.0,67.0,0.8622217598158288,0.1846171756813361,False,hist_norm>=0.6 AND (hma_slope_pct>=0.15 OR cvd_support),Buy,67,,,
signals_2025-09-12_03-40-22_STRONG.json,DOGEUSDT,Strong Buy,66,0.25405,0.25587916,0.2464285,5.04%,Bullish,2025-09-11T22:09:27.279297+00:00,2025-09-12T03:39:27.279306+05:30,7x,78.50188961634096,0.0005862784291041923,0.000307656781359079,0.00027862164774511324,0.2534882869727141,0.251325,0.24916171302728596,1.1298285974932833,180.90296600325436,10.0,3.0,0.0,0.25108977110128045,0.0007152119632309088,0.25273828125,0.0004224999999999923,0.16716897729555655,,29.74821631991391,,rising,78292160.0,8.0,18.349563331792062,15.0,5.0,0.0,5.0,1.1298285974932833,78.50188961634096,180.90296600325436,0.00027862164774511324,0.0007152119632309088,0.25273828125,,29.74821631991391,,3.0,0.0,rising,78292160.0,0.0004224999999999923,0.16716897729555655,5.03999999999999,,"{""if_confidence_needed"": 65, ""missing_points"": 0, ""top_missing_components"": []}",True,51.0,59.0,0.0004224999999999923,0.16716897729555655,True,59.0,66.0,0.7791302776493386,0.16716897729555655,False,hist_norm>=0.6 AND (hma_slope_pct>=0.15 OR cvd_support),Buy,66,,,
signals_2025-09-12_03-59-28_STRONG.json,DOGEUSDT,Strong Buy,65,0.25526,0.25709787,0.2476022,5.04%,Bullish,2025-09-11T22:28:32.277889+00:00,2025-09-12T03:58:32.277903+05:30,7x,83.12795744461454,0.000962630163023781,0.0006204085588056639,0.00034222160421811714,0.25525493931879223,0.2521,0.24894506068120778,1.0008020251257472,153.87166730450343,10.0,3.0,0.0,0.25158608242724656,0.0008438717465887074,0.2543353125,0.0003629687500000256,0.14271268367424425,,46.059922174582454,,falling,-40227279.0,8.0,18.732899026939315,15.0,10.0,0.0,5.0,1.0008020251257472,83.12795744461454,153.87166730450343,0.00034222160421811714,0.0008438717465887074,0.2543353125,,46.059922174582454,,3.0,0.0,falling,-40227279.0,0.0003629687500000256,0.14271268367424425,5.04000000000005,,"{""if_confidence_needed"": 65, ""missing_points"": 0, ""top_missing_components"": []}",True,57.0,65.0,0.0003629687500000256,0.14271268367424425,,,,,,,,Buy,65,,,
signals_2025-09-12_04-08-13_STRONG.json,PUMPUSDT,Strong Buy,65,0.005868,0.00591025,0.00569196,5.04%,Bullish,2025-09-11T22:37:19.396564+00:00,2025-09-12T04:07:19.396577+05:30,7x,82.53603488248103,8.960782537740207e-05,7.276230909084587e-05,1.6845516286556196e-05,0.005894901583504994,0.00567865,0.005462398416495007,0.9378002623865815,135.09582477754927,10.0,3.0,0.0,0.005587044368553512,5.1742575669081964e-05,0.00584371875,3.8156249999999996e-05,0.6529446681533057,,57.45202272632625,,rising,3484540822.0,8.0,16.813534321580512,15.0,5.0,0.0,5.0,0.9378002623865815,82.53603488248103,135.09582477754927,1.6845516286556196e-05,5.1742575669081964e-05,0.00584371875,,57.45202272632625,,3.0,0.0,rising,3484540822.0,3.8156249999999996e-05,0.6529446681533057,5.039999999999954,,"{""if_confidence_needed"": 65, ""missing_points"": 0, ""top_missing_components"": []}",True,50.0,58.0,3.8156249999999996e-05,0.6529446681533057,True,58.0,65.0,0.6511278601317094,0.6529446681533057,False,hist_norm>=0.6 AND (hma_slope_pct>=0.15 OR cvd_support),Buy,65,,,
signals_2025-09-12_04-17-27_STRONG.json,UNIUSDT,Strong Buy,68,9.987,10.0589064,9.68739,5.04%,Bullish,2025-09-11T22:47:03.489033+00:00,2025-09-12T04:17:03.489047+05:30,7x,82.52251001255037,0.03819769163177256,0.028808114982003013,0.009389576649769544,10.000396291799909,9.89645,9.79250370820009,0.9355614732957671,133.76273217495387,10.0,3.0,0.0,9.86564491872933,0.021021020121358036,9.969890625000001,0.017093750000000796,0.17145373648470486,,53.43462369864841,,rising,576919.0,8.0,19.720214256657616,15.0,5.0,0.0,5.0,0.9355614732957671,82.52251001255037,133.76273217495387,0.009389576649769544,0.021021020121358036,9.969890625000001,,53.43462369864841,,3.0,0.0,rising,576919.0,0.017093750000000796,0.17145373648470486,5.039999999999972,,"{""if_confidence_needed"": 65, ""missing_points"": 0, ""top_missing_components"": []}",True,53.0,61.0,0.017093750000000796,0.17145373648470486,True,61.0,68.0,0.8933511880548014,0.17145373648470486,False,hist_norm>=0.6 AND (hma_slope_pct>=0.15 OR cvd_support),Buy,68,,,
signals_2025-09-12_04-55-52_STRONG.json,SOMIUSDT,Strong Buy,65,0.986,0.9930992,0.95642,5.04%,Bullish,2025-09-11T23:25:13.113599+00:00,2025-09-12T04:55:13.113610+05:30,7x,63.40124582528237,0.004199872053021747,0.0012004122420641212,0.002999459810957626,0.988797789998827,0.96639,0.943982210001173,0.9375710411652951,141.7409570652735,10.0,3.0,0.0,0.9660030495336208,0.0092650694853627,0.97235,0.005009375000000094,0.5151822903275666,,12.222661395292933,,rising,184959.0,8.0,16.76972429367214,15.0,5.0,0.0,5.0,0.9375710411652951,63.40124582528237,141.7409570652735,0.002999459810957626,0.0092650694853627,0.97235,,12.222661395292933,,3.0,0.0,rising,184959.0,0.005009375000000094,0.5151822903275666,5.0399999999999805,,"{""if_confidence_needed"": 65, ""missing_points"": 0, ""top_missing_components"": []}",True,50.0,58.0,0.005009375000000094,0.5151822903275666,True,58.0,65.0,0.6474770244726785,0.5151822903275666,False,hist_norm>=0.6 AND (hma_slope_pct>=0.15 OR cvd_support),Buy,65,,,
signals_2025-09-12_04-55-52_STRONG.json,ARKMUSDT,Strong Buy,67,0.6535,0.6582052,0.633895,5.04%,Bullish,2025-09-11T23:25:52.097854+00:00,2025-09-12T04:55:52.097866+05:30,7x,72.19693356250826,0.0016789017391811711,0.0007599487568239366,0.0009189529823572345,0.651978781041237,0.6459,0.6398212189587631,1.125125329276004,221.69160564576043,10.0,3.0,0.0,0.6450569731222117,0.002300655354863259,0.6460953125,0.0013609374999998813,0.21064036120829796,,20.858476639489453,,rising,549265.0,8.0,18.586343095654357,15.0,5.0,0.0,5.0,1.125125329276004,72.19693356250826,221.69160564576043,0.0009189529823572345,0.002300655354863259,0.6460953125,,20.858476639489453,,3.0,0.0,rising,549265.0,0.0013609374999998813,0.21064036120829796,5.039999999999963,,"{""if_confidence_needed"": 65, ""missing_points"": 0, ""top_missing_components"": []}",True,52.0,60.0,0.0013609374999998813,0.21064036120829796,True,60.0,67.0,0.7988619246378631,0.21064036120829796,False,hist_norm>=0.6 AND (hma_slope_pct>=0.15 OR cvd_support),Buy,67,,,
signals_2025-09-12_05-03-30_STRONG.json,SOMIUSDT,Strong Buy,67,1.0054,1.01263888,0.975238,5.04%,Bullish,2025-09-11T23:32:36.657255+00:00,2025-09-12T05:02:36.657270+05:30,7x,71.904350530996,0.006933939181043236,0.002454333431932728,0.004479605749110508,0.9979716193410622,0.96836,0.9387483806589378,1.1254301659996866,210.7121594711668,10.0,3.0,0.0,0.9678618072898295,0.010540015110565997,0.979075,0.0063312500000001215,0.6466562827158411,,19.3195171521516,,rising,3358287.0,8.0,19.200226171485905,15.0,5.0,0.0,5.0,1.1254301659996866,71.904350530996,210.7121594711668,0.004479605749110508,0.010540015110565997,0.979075,,19.3195171521516,,3.0,0.0,rising,3358287.0,0.0063312500000001215,0.6466562827158411,5.04000000000004,,"{""if_confidence_needed"": 65, ""missing_points"": 0, ""top_missing_components"": []}",True,52.0,60.0,0.0063312500000001215,0.6466562827158411,True,60.0,67.0,0.8500188476238255,0.6466562827158411,False,hist_norm>=0.6 AND (hma_slope_pct>=0.15 OR cvd_support),Buy,67,,,
signals_2025-09-12_05-03-30_STRONG.json,KAITOUSDT,Strong Buy,66,1.2464,1.25537408,1.209008,5.04%,Bullish,2025-09-11T23:33:01.691812+00:00,2025-09-12T05:03:01.691827+05:30,7x,75.76960863095815,0.008041530170212363,0.00622160208637039,0.0018199280838419735,1.2502227677027873,1.22906,1.2078972322972128,0.9096817638298829,138.30927727224994,10.0,3.0,0.0,1.2221954778435842,0.004904596198213386,1.2440265625,0.003185937499999847,0.2560988322948166,,49.19763420756155,,rising,2109316.3,8.0,17.90558004104766,15.0,5.0,0.0,5.0,0.9096817638298829,75.76960863095815,138.30927727224994,0.0018199280838419735,0.004904596198213386,1.2440265625,,49.19763420756155,,3.0,0.0,rising,2109316.3,0.003185937499999847,0.2560988322948166,5.039999999999997,,"{""if_confidence_needed"": 65, ""missing_points"": 0, ""top_missing_components"": []}",True,51.0,59.0,0.003185937499999847,0.2560988322948166,True,59.0,66.0,0.7421316700873051,0.2560988322948166,False,hist_norm>=0.6 AND (hma_slope_pct>=0.15 OR cvd_support),Buy,66,,,
signals_2025-09-12_05-18-23_STRONG.json,PENGUUSDT,Strong Buy,66,0.034947,0.03519862,0.03389859,5.04%,Bullish,2025-09-11T23:47:45.817177+00:00,2025-09-12T05:17:45.817189+05:30,7x,84.72015576015194,0.00022987890885826923,0.00018204474226252214,4.783416659574709e-05,0.034936785085503505,0.0344115,0.03388621491449649,1.0097232100990479,161.91144626165874,10.0,3.0,0.0,0.0341547004218916,0.00013142940538817875,0.034721078125,0.00010473437499999849,0.3016449392007423,,58.82690083689975,,rising,358461690.0,8.0,17.734879343836607,15.0,5.0,0.0,5.0,1.0097232100990479,84.72015576015194,161.91144626165874,4.783416659574709e-05,0.00013142940538817875,0.034721078125,,58.82690083689975,,3.0,0.0,rising,358461690.0,0.00010473437499999849,0.3016449392007423,5.04000000000001,,"{""if_confidence_needed"": 65, ""missing_points"": 0, ""top_missing_components"": []}",True,51.0,59.0,0.00010473437499999849,0.3016449392007423,True,59.0,66.0,0.7279066119863838,0.3016449392007423,False,hist_norm>=0.6 AND (hma_slope_pct>=0.15 OR cvd_support),Buy,66,,,
signals_2025-09-12_06-14-16_STRONG.json,DOGEUSDT,Strong Buy,67,0.26108,0.26295978,0.2532476,5.04%,Bullish,2025-09-12T00:43:02.937231+00:00,2025-09-12T06:13:02.937246+05:30,7x,81.25485676304663,0.0012108735016125305,0.0008001192101434306,0.0004107542914690999,0.25956703280835824,0.25643800000000005,0.25330896719164187,1.241762756146298,289.2335976100297,10.0,3.0,0.0,0.25481336165123813,0.001007988980529772,0.2567346875,0.0006815625000000103,0.265473476387958,,37.57243073979876,,rising,138485696.0,8.0,18.779970997378605,15.0,5.0,0.0,5.0,1.241762756146298,81.25485676304663,289.2335976100297,0.0004107542914690999,0.001007988980529772,0.2567346875,,37.57243073979876,,3.0,0.0,rising,138485696.0,0.0006815625000000103,0.265473476387958,5.039999999999999,,"{""if_confidence_needed"": 65, ""missing_points"": 0, ""top_missing_components"": []}",True,52.0,60.0,0.0006815625000000103,0.265473476387958,True,60.0,67.0,0.8149975831148837,0.265473476387958,False,hist_norm>=0.6 AND (hma_slope_pct>=0.15 OR cvd_support),Buy,67,,,
signals_2025-09-12_06-14-16_STRONG.json,NMRUSDT,Strong Buy,68,19.56,19.700832,18.9732,5.04%,Bullish,2025-09-12T00:43:13.249111+00:00,2025-09-12T06:13:13.249125+05:30,7x,79.91420434597399,0.28215998322822955,0.15599650652054076,0.1261634767076888,19.603555314515607,18.56365,17.52374468548439,0.979058038310009,149.00198699421995,10.0,3.0,0.0,18.588907941397355,0.2131561173233722,19.33390625,0.1733906249999997,0.8968214842771346,,48.24214703518117,,rising,946252.1,8.0,20.0,15.0,5.0,0.0,5.0,0.979058038310009,79.91420434597399,149.00198699421995,0.1261634767076888,0.2131561173233722,19.33390625,,48.24214703518117,,3.0,0.0,rising,946252.1,0.1733906249999997,0.8968214842771346,5.039999999999987,,"{""if_confidence_needed"": 65, ""missing_points"": 0, ""top_missing_components"": []}",True,53.0,61.0,0.1733906249999997,0.8968214842771346,True,61.0,68.0,1.1837659485633274,0.8968214842771346,False,hist_norm>=0.6 AND (hma_slope_pct>=0.15 OR cvd_support),Buy,68,,,
signals_2025-09-12_06-14-16_STRONG.json,WIFUSDT,Strong Buy,66,0.9228,0.92944416,0.895116,5.04%,Bullish,2025-09-12T00:43:46.443029+00:00,2025-09-12T06:13:46.443042+05:30,7x,84.37576868873735,0.004364046914866804,0.003299548564018762,0.0010644983508480417,0.9198055408462978,0.90999,0.9001744591537021,1.1525366355554176,235.41087733226786,10.0,3.0,0.0,0.9044364193847261,0.0027082066892245467,0.9147890625000001,0.0016921874999999975,0.18498116881453175,,50.981185208984684,,rising,8650584.7,8.0,18.433534198849596,15.0,5.0,0.0,5.0,1.1525366355554176,84.37576868873735,235.41087733226786,0.0010644983508480417,0.0027082066892245467,0.9147890625000001,,50.981185208984684,,3.0,0.0,rising,8650584.7,0.0016921874999999975,0.18498116881453175,5.040000000000008,,"{""if_confidence_needed"": 65, ""missing_points"": 0, ""top_missing_components"": []}",True,51.0,59.0,0.0016921874999999975,0.18498116881453175,True,59.0,66.0,0.786127849904133,0.18498116881453175,False,hist_norm>=0.6 AND (hma_slope_pct>=0.15 OR cvd_support),Buy,66,,,
signals_2025-09-12_08-32-31_STRONG.json,PUMPUSDT,Strong Buy,67,0.006201,0.00624565,0.00601497,5.04%,Bullish,2025-09-12T03:01:36.713241+00:00,2025-09-12T08:31:36.713254+05:30,7x,80.58717894622974,7.141641440453709e-05,4.4718614867645556e-05,2.6697799536891533e-05,0.006197358092703009,0.0059825,0.005767641907296991,1.0084751457372951,169.30158356544098,5.0,3.0,0.0,0.005922430322852218,6.201247324899662e-05,0.006115171875,3.828125000000099e-05,0.6260044816810809,,41.462132528806066,,rising,5966517984.0,8.0,19.332553360879928,15.0,5.0,0.0,5.0,1.0084751457372951,80.58717894622974,169.30158356544098,2.6697799536891533e-05,6.201247324899662e-05,0.006115171875,,41.462132528806066,,3.0,0.0,rising,5966517984.0,3.828125000000099e-05,0.6260044816810809,5.040000000000018,,"{""if_confidence_needed"": 65, ""missing_points"": 0, ""top_missing_components"": []}",True,52.0,60.0,3.828125000000099e-05,0.6260044816810809,True,60.0,67.0,0.8610461134066608,0.6260044816810809,False,hist_norm>=0.6 AND (hma_slope_pct>=0.15 OR cvd_support),Buy,67,,,
signals_2025-09-12_10-02-56_STRONG.json,PUMPBTCUSDT,Strong Sell,71,0.0492,0.04884576,0.050676,5.04%,Bearish,2025-09-12T04:32:51.535628+00:00,2025-09-12T10:02:51.535642+05:30,7x,29.224595075766032,-0.0010109339465464925,-0.0004271016728454647,-0.0005838322737010278,0.05849279855899118,0.054359000000000005,0.05022520144100883,-0.1240023463140187,-267.5765807548766,-5.0,0.0,3.0,0.05500846260433424,0.0015340191894740397,0.05385703125,-0.0006754687499999981,-1.2541886069889865,,-20.140342230761206,,falling,-105709283.0,8.0,18.134158597865305,15.0,5.0,12.0,5.0,-0.1240023463140187,29.224595075766032,-267.5765807548766,-0.0005838322737010278,0.0015340191894740397,0.05385703125,,-20.140342230761206,,0.0,3.0,falling,-105709283.0,-0.0006754687499999981,-1.2541886069889865,5.039999999999982,RSI<=30 & CVD_falling,"{""if_confidence_needed"": 65, ""missing_points"": 0, ""top_missing_components"": []}",True,63.0,71.0,-0.0006754687499999981,-1.2541886069889865,,,,,,,,Sell,71,1.0,,
signals_2025-09-12_10-41-38_STRONG.json,BCHUSDT,Strong Buy,66,595.37,599.656664,577.5089,5.04%,Bullish,2025-09-12T05:10:57.872143+00:00,2025-09-12T10:40:57.872156+05:30,7x,55.45502463456625,0.04159519718530191,-0.24253463126164362,0.28412982844694556,595.7764722733583,594.354,592.9315277266418,0.857124711331393,142.30286431587794,10.0,3.0,0.0,594.9637611587784,0.7414377930393504,594.6785937499999,0.30343749999985903,0.051025462020821075,,0.9338123305986543,,falling,-76.57399999999984,8.0,13.197151732410788,15.0,10.0,0.0,5.0,0.857124711331393,55.45502463456625,142.30286431587794,0.28412982844694556,0.7414377930393504,594.6785937499999,,0.9338123305986543,,3.0,0.0,falling,-76.57399999999984,0.30343749999985903,0.051025462020821075,5.039999999999969,,"{""if_confidence_needed"": 65, ""missing_points"": 0, ""top_missing_components"": []}",True,51.0,59.0,0.30343749999985903,0.051025462020821075,True,59.0,66.0,0.7664293110342324,0.051025462020821075,True,hist_norm>=0.6 AND (hma_slope_pct>=0.15 OR cvd_support),Buy,66,,,
signals_2025-09-12_11-00-43_STRONG.json,XAIUSDT,Strong Buy,68,0.0599,0.06033128,0.058103,5.04%,Bullish,2025-09-12T05:30:43.295970+00:00,2025-09-12T11:00:43.295982+05:30,7x,80.3277277271622,0.0005098066221640024,0.0003189086581694019,0.0001908979639946005,0.05978685985716476,0.058242499999999996,0.05669814014283523,1.0366301099806334,153.18513944633057,10.0,3.0,0.0,0.05804401413387645,0.0004048876831511583,0.05925375,0.00028578125000000565,0.4823006982680516,,46.670277145513204,,rising,28670914.0,8.0,20.0,15.0,5.0,0.0,5.0,1.0366301099806334,80.3277277271622,153.18513944633057,0.0001908979639946005,0.0004048876831511583,0.05925375,,46.670277145513204,,3.0,0.0,rising,28670914.0,0.00028578125000000565,0.4823006982680516,5.03999999999999,,"{""if_confidence_needed"": 65, ""missing_points"": 0, ""top_missing_components"": []}",True,53.0,61.0,0.00028578125000000565,0.4823006982680516,True,61.0,68.0,0.9429675040192903,0.4823006982680516,False,hist_norm>=0.6 AND (hma_slope_pct>=0.15 OR cvd_support),Buy,68,,,
signals_2025-09-12_11-10-02_STRONG.json,HOLOUSDT,Strong Buy,66,0.48,0.483456,0.4656,5.04%,Bullish,2025-09-12T05:39:08.852482+00:00,2025-09-12T11:09:08.852495+05:30,7x,77.78500767341889,0.0048028899615690235,0.002780112318845448,0.0020227776427235757,0.4769647467504007,0.46209500000000003,0.4472252532495994,1.1020613632682588,197.38382450246925,5.0,3.0,0.0,0.46076012737909255,0.0057051066646481826,0.4702359375,0.002451562500000004,0.521347328967175,,33.26812024778608,,rising,23593621.0,8.0,17.509334930788633,15.0,5.0,0.0,5.0,1.1020613632682588,77.78500767341889,197.38382450246925,0.0020227776427235757,0.0057051066646481826,0.4702359375,,33.26812024778608,,3.0,0.0,rising,23593621.0,0.002451562500000004,0.521347328967175,5.040000000000021,,"{""if_confidence_needed"": 65, ""missing_points"": 0, ""top_missing_components"": []}",True,51.0,59.0,0.002451562500000004,0.521347328967175,True,59.0,66.0,0.7091112442323861,0.521347328967175,False,hist_norm>=0.6 AND (hma_slope_pct>=0.15 OR cvd_support),Buy,66,,,
signals_2025-09-12_11-10-02_STRONG.json,XAIUSDT,Strong Buy,68,0.06141,0.06185215,0.0595677,5.04%,Bullish,2025-09-12T05:40:02.255356+00:00,2025-09-12T11:10:02.255369+05:30,7x,87.35266766460238,0.00072270401741302,0.00040911295694905537,0.00031359106046396467,0.06066117653874629,0.0584765,0.056291823461253714,1.17138085386394,223.2761277011919,5.0,3.0,0.0,0.05820362372863901,0.000512089930699938,0.059673750000000005,0.0003853124999999985,0.6456984855149852,,55.76783560977551,,rising,58912634.0,8.0,20.0,15.0,5.0,0.0,5.0,1.17138085386394,87.35266766460238,223.2761277011919,0.00031359106046396467,0.000512089930699938,0.059673750000000005,,55.76783560977551,,3.0,0.0,rising,58912634.0,0.0003853124999999985,0.6456984855149852,5.040000000000014,,"{""if_confidence_needed"": 65, ""missing_points"": 0, ""top_missing_components"": []}",True,53.0,61.0,0.0003853124999999985,0.6456984855149852,True,61.0,68.0,1.224749957630841,0.6456984855149852,False,hist_norm>=0.6 AND (hma_slope_pct>=0.15 OR cvd_support),Buy,68,,,
signals_2025-09-12_11-18-05_STRONG.json,AAVEUSDT,Strong Buy,68,313.67,315.928424,304.2599,5.04%,Bullish,2025-09-12T05:47:36.459384+00:00,2025-09-12T11:17:36.459397+05:30,7x,73.73070540231318,0.8159767169036627,0.5084661985188781,0.3075105183847846,313.49178259115723,311.08450000000005,308.67721740884286,1.0370163040885687,171.89583148165246,10.0,3.0,0.0,310.5294082764277,0.6988139695117469,312.38218750000004,0.5173437500000091,0.1656124358883328,,31.072093514493282,,rising,17606.7,8.0,19.561111773983747,15.0,5.0,0.0,5.0,1.0370163040885687,73.73070540231318,171.89583148165246,0.3075105183847846,0.6988139695117469,312.38218750000004,,31.072093514493282,,3.0,0.0,rising,17606.7,0.5173437500000091,0.1656124358883328,5.03999999999998,,"{""if_confidence_needed"": 65, ""missing_points"": 0, ""top_missing_components"": []}",True,53.0,61.0,0.5173437500000091,0.1656124358883328,True,61.0,68.0,0.880092647831979,0.1656124358883328,False,hist_norm>=0.6 AND (hma_slope_pct>=0.15 OR cvd_support),Buy,68,,,
signals_2025-09-12_11-18-05_STRONG.json,YGGUSDT,Strong Buy,68,0.222,0.2235984,0.21534,5.04%,Bullish,2025-09-12T05:48:03.104061+00:00,2025-09-12T11:18:03.104076+05:30,7x,85.83204167136024,0.008967825520149464,0.005801578179195768,0.0031662473409536955,0.21805302844134716,0.19297,0.16788697155865284,1.078678130272073,191.41327946315585,10.0,3.0,0.0,0.1868071394423777,0.005211352204418773,0.20509999999999998,0.0045109374999999785,2.1993844466113988,,59.52299554469433,,rising,93976683.0,8.0,20.0,15.0,5.0,0.0,5.0,1.078678130272073,85.83204167136024,191.41327946315585,0.0031662473409536955,0.005211352204418773,0.20509999999999998,,59.52299554469433,,3.0,0.0,rising,93976683.0,0.0045109374999999785,2.1993844466113988,5.039999999999999,,"{""if_confidence_needed"": 65, ""missing_points"": 0, ""top_missing_components"": []}",True,53.0,61.0,0.0045109374999999785,2.1993844466113988,True,61.0,68.0,1.2151346586281362,2.1993844466113988,False,hist_norm>=0.6 AND (hma_slope_pct>=0.15 OR cvd_support),Buy,68,,,
signals_2025-09-12_12-23-03_STRONG.json,PTBUSDT,Strong Sell,65,0.05079,0.05042431,0.0523137,5.04%,Bearish,2025-09-12T06:52:20.920166+00:00,2025-09-12T12:22:20.920178+05:30,7x,15.705412912192543,-0.003732250486672105,-0.002833006173413991,-0.0008992443132581139,0.06850149779076578,0.059460500000000006,0.05041950220923424,0.020489872873554905,-148.81606920313757,-10.0,0.0,3.0,0.06248102282028695,0.0019097992113911836,0.05331671874999999,-0.0017346874999999984,-3.2535526203963903,,-53.77443658574761,,falling,-389148230.0,8.0,20.0,15.0,5.0,12.0,5.0,0.020489872873554905,15.705412912192543,-148.81606920313757,-0.0008992443132581139,0.0019097992113911836,0.05331671874999999,,-53.77443658574761,,0.0,3.0,falling,-389148230.0,-0.0017346874999999984,-3.2535526203963903,5.04000000000004,RSI<=30 & CVD_falling,"{""if_confidence_needed"": 65, ""missing_points"": 0, ""top_missing_components"": []}",False,,,,,,,,,,,,Sell,65,1.0,not_in_gap_or_already_strong,65.0
signals_2025-09-12_12-23-03_STRONG.json,BIOUSDT,Strong Sell,66,0.14905,0.14797684,0.1535215,5.04%,Bearish,2025-09-12T06:52:39.046805+00:00,2025-09-12T12:22:39.046817+05:30,7x,29.07999181598484,-0.0008959304417024416,-0.0007608959252720101,-0.00013503451643043154,0.15285853477764832,0.1507065,0.14855446522235166,0.11513168439355558,-147.6384500249478,-10.0,0.0,3.0,0.15176824986371945,0.0007592104152946194,0.14980500000000002,-0.00032750000000000834,-0.21861753613030827,,-32.745877742189194,,falling,-27971709.0,8.0,13.268682738069025,15.0,5.0,12.0,5.0,0.11513168439355558,29.07999181598484,-147.6384500249478,-0.00013503451643043154,0.0007592104152946194,0.14980500000000002,,-32.745877742189194,,0.0,3.0,falling,-27971709.0,-0.00032750000000000834,-0.21861753613030827,5.039999999999952,RSI<=30 & CVD_falling,"{""if_confidence_needed"": 65, ""missing_points"": 0, ""top_missing_components"": []}",True,58.0,66.0,-0.00032750000000000834,-0.21861753613030827,,,,,,,,Sell,66,1.0,,
signals_2025-09-12_12-40-24_STRONG.json,PTBUSDT,Strong Sell,65,0.05026,0.04989813,0.0517678,5.04%,Bearish,2025-09-12T07:09:42.420759+00:00,2025-09-12T12:39:42.420773+05:30,7x,15.00475005503678,-0.003996914848421532,-0.0033711588277773527,-0.000625756020644179,0.06788817203209192,0.057572500000000006,0.04725682796790809,0.14556356690815117,-105.73461830348826,-10.0,0.0,3.0,0.06114440541765073,0.0017804332708911729,0.048951875000000006,-0.0012593749999999931,-2.5726798003140696,,-59.84791068394959,,falling,-479464568.0,8.0,12.435106634433515,15.0,5.0,12.0,5.0,0.14556356690815117,15.00475005503678,-105.73461830348826,-0.000625756020644179,0.0017804332708911729,0.048951875000000006,,-59.84791068394959,,0.0,3.0,falling,-479464568.0,-0.0012593749999999931,-2.5726798003140696,5.0399999999999885,RSI<=30 & CVD_falling,"{""if_confidence_needed"": 65, ""missing_points"": 0, ""top_missing_components"": []}",True,57.0,65.0,-0.0012593749999999931,-2.5726798003140696,,,,,,,,Sell,65,1.0,,
signals_2025-09-12_12-40-24_STRONG.json,AVNTUSDT,Strong Sell,68,0.29621,0.29407729,0.3050963,5.04%,Bearish,2025-09-12T07:09:54.694841+00:00,2025-09-12T12:39:54.694855+05:30,7x,29.61144967008785,-0.003321067561020352,-0.001035927766954357,-0.002285139794065995,0.3273022189863771,0.31237400000000004,0.29744578101362296,-0.04139077189149988,-168.7649880095925,-10.0,3.0,0.0,0.3089574896359935,0.005211676721010778,0.30239015625,-0.0023764062500000183,-0.7858742094882656,,-18.273014351189886,,falling,-13879495.0,8.0,19.52316902859379,15.0,0.0,12.0,5.0,-0.04139077189149988,29.61144967008785,-168.7649880095925,-0.002285139794065995,0.005211676721010778,0.30239015625,,-18.273014351189886,,3.0,0.0,falling,-13879495.0,-0.0023764062500000183,-0.7858742094882656,5.039999999999956,RSI<=30 & CVD_falling,"{""if_confidence_needed"": 65, ""missing_points"": 0, ""top_missing_components"": []}",True,60.0,68.0,-0.0023764062500000183,-0.7858742094882656,,,,,,,,Sell,68,1.0,,
signals_2025-09-12_13-04-31_STRONG.json,AVNTUSDT,Strong Sell,70,0.29463,0.29250866,0.3034689,5.04%,Bearish,2025-09-12T07:33:53.023237+00:00,2025-09-12T13:03:53.023249+05:30,7x,29.399781593022794,-0.0049006121736939745,-0.003413937462021643,-0.0014866747116723316,0.3240348376331743,0.306567,0.28909916236682565,0.1583148913254831,-105.09240553684961,-10.0,0.0,3.0,0.3066247622923919,0.004418832584729337,0.293150625,-0.001158281250000004,-0.39511471278630367,,-29.900565444106427,,falling,-20017347.0,8.0,17.07457453885899,15.0,5.0,12.0,5.0,0.1583148913254831,29.399781593022794,-105.09240553684961,-0.0014866747116723316,0.004418832584729337,0.293150625,,-29.900565444106427,,0.0,3.0,falling,-20017347.0,-0.001158281250000004,-0.39511471278630367,5.039999999999938,RSI<=30 & CVD_falling,"{""if_confidence_needed"": 65, ""missing_points"": 0, ""top_missing_components"": []}",True,62.0,70.0,-0.001158281250000004,-0.39511471278630367,,,,,,,,Sell,70,1.0,,
signals_2025-09-12_13-17-51_STRONG.json,BNBUSDT,Strong Sell,69,905.3,898.78184,932.459,5.04%,Bearish,2025-09-12T07:47:04.521158+00:00,2025-09-12T13:17:04.521171+05:30,7x,29.268136392329694,-0.5432842484183311,-0.08570916202913874,-0.45757508638919236,910.4341565215802,907.972,905.5098434784197,-0.042613756798265914,-206.08905113110808,-10.0,0.0,3.0,907.3199119849451,0.821837346156789,907.153125,-0.6071875000000091,-0.06693329750696819,,-16.836086666842213,,falling,-13786.980000000001,8.0,16.0,15.0,5.0,12.0,5.0,-0.042613756798265914,29.268136392329694,-206.08905113110808,-0.45757508638919236,0.821837346156789,907.153125,,-16.836086666842213,,0.0,3.0,falling,-13786.980000000001,-0.6071875000000091,-0.06693329750696819,5.039999999999974,RSI<=30 & CVD_falling,"{""if_confidence_needed"": 65, ""missing_points"": 0, ""top_missing_components"": []}",True,61.0,69.0,-0.6071875000000091,-0.06693329750696819,,,,,,,,Sell,69,1.0,,
signals_2025-09-12_13-44-40_STRONG.json,AVAXUSDT,Strong Sell,67,28.628,28.4218784,29.48684,5.04%,Bearish,2025-09-12T08:13:26.681773+00:00,2025-09-12T13:43:26.681786+05:30,7x,29.525546528488405,-0.05400168265835603,-0.03224414494826256,-0.02175753771009347,28.93603978264412,28.763099999999998,28.590160217355876,0.10940161386114107,-130.68527301471502,-10.0,0.0,3.0,28.787198224090545,0.05079718123440791,28.637125,-0.030937500000000284,-0.10803284198396411,,-28.45991965235432,,falling,-299748.0,8.0,14.279722070258096,15.0,5.0,12.0,5.0,0.10940161386114107,29.525546528488405,-130.68527301471502,-0.02175753771009347,0.05079718123440791,28.637125,,-28.45991965235432,,0.0,3.0,falling,-299748.0,-0.030937500000000284,-0.10803284198396411,5.039999999999986,RSI<=30 & CVD_falling,"{""if_confidence_needed"": 65, ""missing_points"": 0, ""top_missing_components"": []}",True,59.0,67.0,-0.030937500000000284,-0.10803284198396411,,,,,,,,Sell,67,1.0,,
signals_2025-09-12_13-44-40_STRONG.json,WIFUSDT,Strong Sell,65,0.914,0.9074192,0.94142,5.04%,Bearish,2025-09-12T08:14:12.212281+00:00,2025-09-12T13:44:12.212296+05:30,7x,29.98519082085882,-0.0026488739239367565,-0.0017034737618857,-0.0009454001620510565,0.931606875798718,0.9220700000000001,0.9125331242012821,0.07690546829367055,-128.38915470494243,-10.0,0.0,3.0,0.9219008528269673,0.002703335058467506,0.9151828124999999,-0.0005859375000001332,-0.06402409354689813,,-24.19950708593923,,falling,-8760082.0,8.0,12.393189670720236,15.0,5.0,12.0,5.0,0.07690546829367055,29.98519082085882,-128.38915470494243,-0.0009454001620510565,0.002703335058467506,0.9151828124999999,,-24.19950708593923,,0.0,3.0,falling,-8760082.0,-0.0005859375000001332,-0.06402409354689813,5.04000000000004,RSI<=30 & CVD_falling,"{""if_confidence_needed"": 65, ""missing_points"": 0, ""top_missing_components"": []}",True,57.0,65.0,-0.0005859375000001332,-0.06402409354689813,,,,,,,,Sell,65,1.0,,
signals_2025-09-12_14-22-22_STRONG.json,BCHUSDT,Strong Sell,68,591.57,587.310696,609.3171,5.04%,Bearish,2025-09-12T08:51:51.777584+00:00,2025-09-12T14:21:51.777598+05:30,7x,28.66708723303239,-1.0260375947323155,-0.8411329216261836,-0.1849046731061319,596.7079553295923,593.7125,590.7170446704076,0.1423749039363071,-109.99807695669142,-10.0,0.0,3.0,594.4789235546558,0.7903557087975106,591.599375,-0.13218749999998636,-0.022344090542689696,,-36.12230911321261,,falling,-5280.579000000001,8.0,14.614829000601436,15.0,5.0,12.0,5.0,0.1423749039363071,28.66708723303239,-109.99807695669142,-0.1849046731061319,0.7903557087975106,591.599375,,-36.12230911321261,,0.0,3.0,falling,-5280.579000000001,-0.13218749999998636,-0.022344090542689696,5.04000000000005,RSI<=30 & CVD_falling,"{""if_confidence_needed"": 65, ""missing_points"": 0, ""top_missing_components"": []}",True,60.0,68.0,-0.13218749999998636,-0.022344090542689696,,,,,,,,Sell,68,1.0,,
